statut au 29/09 (fin de journée),gravité,domaine,code,handle,produit,variante,photo,constat,preuve,correction proposée,source
corrigé,critique,Photos,SAVOY_PHOTO_NOT_LINKED,artek-a330s-golden-bell,Suspension A330S Golden Bell,Laiton poli non verni,"#1, #12","La variante « Laiton poli non verni » (Savoy, 607 €) affiche la photo #1, qui montre le laiton poli verni à câble blanc (même image que la variante « Laiton poli » à 564 €). Le vrai packshot Savoy (#12, laiton plus chaud, câble noir) existe mais est rangé en galerie, donc affiché comme ambiance. Le client qui paie le supplément Savoy voit l'autre finition.","Photo #1 (artek-pendant-light-a330s-golden-bell-brass.jpg, câble blanc) liée à 2 variantes ; #12 artek-pendant-light-a330s-golden-bell-savoy.jpg (câble noir) en GALERIE ; Artek nomme ses packshots A330S_Golden_Bell_pendant_light_brass / …_savoy.","Lier #12 à « Laiton poli non verni » et #1 à « Laiton poli » seul ; alt #12 = « Suspension A330S Golden Bell — Laiton poli non verni (Savoy) ».",examen détaillé
corrigé,critique,Photos,NICKEL_PHOTO_NOT_LINKED,artek-a811-eu,Lampadaire A811,Laiton nickelé,"#1, #3","Précision sur SHARED_VARIANT_IMAGE : la variante « Laiton nickelé » affiche #1, qui montre le col et le tube en laiton doré, alors que le packshot de la version nickelée (#3, tube argenté) est déjà dans la fiche, rangé en galerie (donc affiché comme ambiance).","Agrandissement de #1 (col doré) et #3 Floor-Light-A811-nickel-tube_on_web.jpg (col argenté) ; variante Laiton nickelé → image packshot-b12598….png.","Lier #3 à la variante « Laiton nickelé », alt « Lampadaire A811 — Laiton nickelé » ; #1 reste liée à « Laiton poli » seule.",examen détaillé
corrigé,critique,Photos,SHARED_VARIANT_IMAGE_PRECISION,artek-aalto-table-foldable-dl81c,Table pliante Aalto DL81C 75/113 × 75 cm,"Clay linoléum ; Pistachio linoléum ; Vapour linoléum",#5,"Précision sur le constat automatique : les variantes Clay, Pistachio et Vapour affichent un plateau linoléum NOIR, alors qu’Artek les vend en linoléum bicolore (argile/noyer, pistache/olive, vapeur/bleu fumé). Le client voit une autre finition que celle qu’il commande.","#5 lié à Linoléum noir, Clay, Pistachio et Vapour ; artek.fi aalto-table-foldable : « Three limited two-tone linoleum editions are available: clay/walnut, pistachio/olive and vapour/smokey blue »","Importer les packshots Artek des trois éditions bicolores et les lier à leur variante ; en attendant, désactiver ces trois variantes.",examen détaillé
corrigé,critique,Photos,WRONG_SIZE_MAIN_PHOTO,artek-aalto-table-rectangular-81b,Table Aalto 81B 120 × 75 cm,Bouleau,#1,"La photo principale, qui est aussi l’image de la variante « Bouleau », montre une table au plateau environ deux fois plus long que profond, avec des pieds rapprochés des bouts : proportion d’une 80A (120 × 60) ou 81A (150 × 75), pas d’une 81B (120 × 75). Toutes les autres photos 81B (#7, #8, #9, #10) montrent un plateau nettement plus profond. Code exact de la table photographiée à confirmer.","#1 packshot-d9ca8ed…png comparé à #10 « Aalto-table-rectangular-81B-clear-lacquer_web.jpg » et #7-#9 ; même rendu très pâle que le packshot principal de la 80A","Lier #10 (packshot officiel 81B bouleau) à la variante « Bouleau », en faire la photo principale et supprimer #1.",examen détaillé
corrigé,critique,Photos,CHILD_PHOTO_ON_VARIANT,artek-aalto-table-round-90a,Table Aalto 90A Ø 100 cm,"Bouleau verni naturel / lamifié blanc ; Bouleau verni naturel / linoléum noir","#4, #5","Les images des variantes « Bouleau verni naturel / lamifié blanc » et « … / linoléum noir » sont des packshots de la table ENFANT 90A (H60, pieds nettement plus courts). Le client qui choisit ces finitions voit une table basse d’enfant au lieu de la table H74 vendue.","#4 « Aalto-Children_s-Table-round-90A-legs-and-edge-band-birch-top-white-HPL_web.jpg » et #5 « …-top-black-linoleum_web.jpg » ; comparaison visuelle avec #6 et #7 (packshots adultes)","Lier #7 « Aalto-table-round-90A-white-laminate_web.jpg » au lamifié blanc et #6 « Aalto-Table-round-90A-black-linoleum_web.jpg » au linoléum noir, puis retirer #4 et #5 (ils appartiennent à la fiche artek-aalto-table-round-90a-60cm).",examen détaillé
corrigé,critique,Photos,PHOTO_SHOWS_MORE,artek-day-bed-710-frame,Lit de repos 710,,#1,"La photo principale #1 et la photo #2 montrent le Day Bed 710 garni d'un matelas et de coussins de dossier (bleus sur #1, gris clair sur #2). La fiche ne vend que le cadre en bouleau à lattes : le client voit un canapé-lit complet et reçoit un cadre nu.","photo #1 [PRINCIPALE] packshot-b0f5be49… : matelas et 2 coussins bleus ; photo #2 Day-Bed-710-Hallingdal65_110_light_grey : matelas et coussins gris ; description : « Matelas et coussins dossier vendus séparément »","Principale : packshot du cadre seul (bouleau à lattes, sans matelas). Garder #2 comme ambiance légendée « présenté avec matelas et coussins, vendus séparément ».",examen détaillé
corrigé,critique,Site,ACCESSORIES_NOT_BUYABLE,artek-day-bed-710-frame,Lit de repos 710,,,"La description renvoie aux « fiches dédiées Mikado » pour le matelas et les coussins, mais ces deux fiches sont en brouillon (API 404, aucun canal). Le client ne peut acheter qu'un cadre à lattes inutilisable seul.","artek-day-bed-710-mattress et artek-day-bed-710-back-cushions : status DRAFT, channels [] ; site.api = 404","Publier le matelas et les coussins (avec photos et choix du tissu), ou vendre un ensemble cadre + matelas (+ coussins). Sinon, dépublier le cadre ou supprimer la phrase de renvoi.",examen détaillé
corrigé,critique,Photos,VARIANT_PHOTO_WRONG_WOOD,artek-domus-lounge-chair-upholstered,Fauteuil Domus rembourré,,,"La variante « Chêne — cuir noir » (2 750 €) est illustrée par un Domus rembourré en bouleau verni. Le nom du fichier le dit et le bois clair et lisse de la structure le confirme (comparé au packshot chêne #1 du Domus bois, au veinage marqué). Le client voit une autre essence que celle qu’il commande.",#2 2561116_Domus-Lounge-Chair-clear-laquered-birch_leather-upholstery_webjpg.jpg → variante Chêne — cuir noir (SKU ART-DLCU-28201002-CHE),"Remplacer #2 par le packshot Artek « oak, clear lacquer / leather upholstery, black » avec l’alt « Fauteuil Domus rembourré — Chêne — cuir noir ». Si c’est bien la version bouleau qui est commandée, renommer plutôt la variante « Bouleau — cuir noir ».",examen détaillé
retiré de la vente en ligne (arrêté chez Artek),critique,Variantes,CHOICE_IMPOSSIBLE,artek-h55-fabric,Tissu H55 (au mètre),,,"Variante unique « Default Title » : le client ne peut choisir ni la qualité (coton, coton enduit, toile, laine/coton) ni le coloris (noir sur blanc / blanc sur noir) ; la commande est indéfinie.","Options Admin (Title = Default Title) ; revendeurs : « available in cotton, coated cotton, cotton canvas and wool/cotton, in black/white and white/black »","Définir la qualité réellement proposée (titre « Tissu H55 laine/coton » par ex.) et une option Coloris ; sinon dépublier.",examen détaillé
corrigé,critique,Photos,VARIANT_PHOTO_SWAP,artek-kaari-reb006,Console murale Kaari REB006,"Chêne — linoléum rouge, chant noir",#5,"La variante à montants chêne naturel affiche #5, qui montre des montants NOIRS (fichier « black-oak-red-Linoleum »).","sheet #5 ; fichier Kaari-Wall-Console-REB006-black-oak-red-Linoleum_web.jpg","Lier #6 (montants chêne naturel, linoléum rouge) à « Chêne — linoléum rouge, chant noir » et corriger l'alt.",examen détaillé
corrigé,critique,Photos,VARIANT_PHOTO_SWAP,artek-kaari-reb006,Console murale Kaari REB006,"Teinté noir — linoléum rouge, chant noir",#6,"La variante à montants noirs affiche #6, qui montre des montants en chêne NATUREL (fichier « natural-oak-red-Linoleum »).","sheet #6 ; fichier Kaari-Wall-Console-REB006-natural-oak-red-Linoleum_web.jpg","Lier #5 à « Teinté noir — linoléum rouge, chant noir » et corriger les deux alts.",examen détaillé
corrigé,critique,Photos,WRONG_VARIANT_PHOTO,artek-kaari-table-round-reb004,Table Kaari REB004 Ø 110 cm,Chêne — lamifié noir brillant,#7,"La variante lamifié noir brillant affiche #7 : plateau gris-bleu mat (fichier « clear-protective-varnish »), qui ressemble à du linoléum ; la bonne photo est #6 (chêne naturel, plateau noir brillant, fichier « natural-oak-black-HPL »).","sheet #6/#7 agrandis ; variante image = Kaari-Table-round-REB004-clear-protective-varnish_web.jpg",Lier #6 à « Chêne — lamifié noir brillant ».,examen détaillé
corrigé,critique,Photos,WRONG_VARIANT_PHOTO,artek-kaari-table-round-reb004,Table Kaari REB004 Ø 110 cm,Chêne — linoléum noir,#6,La variante linoléum noir affiche #6 = plateau lamifié noir brillant (fichier « natural-oak-black-HPL »).,dossier variante image = Kaari-Table-round-REB004-natural-oak-black-HPL_web.jpg,"Lier #7 (chêne naturel, plateau mat — linoléum noir à confirmer) ou un packshot Artek REB004 natural-oak-black-Linoleum.",examen détaillé
corrigé,critique,Photos,WRONG_VARIANT_PHOTO,artek-kaari-table-round-reb004,Table Kaari REB004 Ø 110 cm,Chêne noir — lamifié noir brillant,#8,"La variante chêne noir / lamifié noir brillant affiche #8 : plateau en linoléum BLEU (fichier « black-oak-blue-Linoleum »), finition non proposée ; aucune photo juste pour cette variante.","sheet #8 agrandi (plateau bleu fumé) ; fichier Kaari-Table-round-REB004-black-oak-blue-Linoleum_web.jpg","Importer le packshot Artek REB004 black-oak-black-HPL et le lier ; retirer #8 ou le laisser en galerie avec alt « finition non proposée ».",examen détaillé
"accepté : vente par classe, sur devis ou en caisse",critique,Variantes,UPHOLSTERY_NO_CHOICE,artek-kiki-bench-1-seater,Banc Kiki 1 place,,,"L'option « Revêtement » ne propose que des classes de prix (Tissu F40…F200, Cuir L40/L60), sans choix du tissu ni de la couleur. Le client paie sans pouvoir dire ce qu'il veut, et reçoit un revêtement « confirmé à la commande ».","Options : Revêtement = Tissu F40 | … | Cuir L60 ; description : « Le tissu ou cuir précis de la classe choisie est confirmé à la commande »","Ajouter un champ obligatoire (propriété de ligne) « Tissu / cuir et coloris » avec la liste Artek par classe, ou limiter la vente en ligne à quelques coloris nommés (ex. Hallingdal 65 / 130).",examen détaillé
"accepté : vente par classe, sur devis ou en caisse",critique,Variantes,UPHOLSTERY_NO_CHOICE,artek-kiki-bench-2-seater,Banc Kiki 2 places,,,"L'option « Revêtement » ne propose que des classes de prix (Tissu F40…F200, Cuir L40/L60), sans choix du tissu ni de la couleur. Le client paie sans pouvoir dire ce qu'il veut, et reçoit un revêtement « confirmé à la commande ».","Options : Revêtement = Tissu F40 | … | Cuir L60 ; description : « Le tissu ou cuir précis de la classe choisie est confirmé à la commande »","Ajouter un champ obligatoire (propriété de ligne) « Tissu / cuir et coloris » avec la liste Artek par classe, ou limiter la vente en ligne à quelques coloris nommés (ex. Hallingdal 65 / 407).",examen détaillé
"accepté : vente par classe, sur devis ou en caisse",critique,Variantes,UPHOLSTERY_NO_CHOICE,artek-kiki-bench-3-seater,Banc Kiki 3 places,,,"L'option « Revêtement » ne propose que des classes de prix (Tissu F40…F200, Cuir L40/L60), sans choix du tissu ni de la couleur. Le client paie sans pouvoir dire ce qu'il veut, et reçoit un revêtement « confirmé à la commande ».","Options : Revêtement = Tissu F40 | … | Cuir L60 ; description : « Le tissu ou cuir précis de la classe choisie est confirmé à la commande »","Ajouter un champ obligatoire (propriété de ligne) « Tissu / cuir et coloris » avec la liste Artek par classe, ou limiter la vente en ligne à quelques coloris nommés (ex. Hallingdal 65 / 173).",examen détaillé
"accepté : vente par classe, sur devis ou en caisse",critique,Variantes,CLASS_WITHOUT_FABRIC,artek-kiki-lounge-chair,Fauteuil Kiki,,,"Le client choisit une classe de prix (Tissu F40…F200, Cuir L40/L60) mais ni le tissu ni la couleur. La description renvoie à « confirmé à la commande ». Le choix obligatoire (quel tissu, quelle couleur) ne peut pas s’exprimer sur la fiche ni dans le panier.","Option « Revêtement » = Tissu F40…Cuir L60 ; description : « Le tissu ou cuir précis de la classe choisie est confirmé à la commande »","Ajouter un champ obligatoire tissu/couleur (propriété de ligne ou option) avec la liste des tissus Artek par classe, ou limiter la fiche à des combinaisons précises photographiées (ex. « Tissu Aura vert chasseur », « Cuir Sörensen noir »).",examen détaillé
"accepté : vente par classe, sur devis ou en caisse",critique,Photos,CLASS_PHOTO_IMPLIES_COLOUR,artek-kiki-lounge-chair,Fauteuil Kiki,,,"Les six classes de tissu affichent le même fauteuil en tissu vert (#1, Aura hunter green chez Artek) et les deux classes de cuir le même cuir noir (#3). Le client est amené à croire qu’il recevra ce vert ou ce noir, quel que soit son choix, alors que la couleur n’est pas fixée.","#1 → Tissu F40…F200 ; #3 → Cuir L40, L60 ; artek.fi : « Aura 07 hunter green », « leather upholstery, sörensen black »","Remplacer ces photos par un visuel neutre accompagné d’un nuancier, ou décrire la couleur (« photo : tissu Aura vert, autres coloris au choix »).",examen détaillé
"accepté : vente par classe, sur devis ou en caisse",critique,Variantes,CLASS_WITHOUT_FABRIC,artek-kiki-sofa-2-seater,Canapé Kiki 2 places,,,"Le client choisit une classe de prix (Tissu F40…F200, Cuir L40/L60) mais ni le tissu ni la couleur. La description renvoie à « confirmé à la commande ». Le choix obligatoire (quel tissu, quelle couleur) ne peut pas s’exprimer sur la fiche ni dans le panier.","Option « Revêtement » = Tissu F40…Cuir L60 ; description : « Le tissu ou cuir précis de la classe choisie est confirmé à la commande »","Ajouter un champ obligatoire tissu/couleur (propriété de ligne ou option) avec la liste des tissus Artek par classe, ou limiter la fiche à des combinaisons précises photographiées (ex. « Cuir Sörensen Prestige cognac », « Cuir Sörensen Prestige noir »).",examen détaillé
"accepté : vente par classe, sur devis ou en caisse",critique,Photos,CLASS_PHOTO_IMPLIES_COLOUR,artek-kiki-sofa-2-seater,Canapé Kiki 2 places,,,"Classe « Cuir L40 » = cuir cognac (#1) et classe « Cuir L60 » = cuir noir (#3) : l’image change de couleur quand on change de classe de prix. Le client croit que L40 = cognac et L60 = noir, alors que chez Artek le cognac comme le noir sont en cuir Sörensen Prestige. Les six classes de tissu partagent un tissu gris (#4).","#1 packshot cognac → Cuir L40 ; #3 MicrosoftTeams-image-70.png noir → Cuir L60 ; #4 gris → Tissu F40…F200 ; artek.fi : « Sörensen Prestige cognac » et « Sörensen Prestige black »","Ne pas associer une couleur à une classe de prix : visuel neutre avec nuancier, ou variantes réelles « Cuir cognac » / « Cuir noir » (même classe) avec leur photo.",examen détaillé
"accepté : vente par classe, sur devis ou en caisse",critique,Variantes,CLASS_WITHOUT_FABRIC,artek-kiki-sofa-3-seater,Canapé Kiki 3 places,,,"Le client choisit une classe de prix (Tissu F40…F200, Cuir L40/L60) mais ni le tissu ni la couleur. La description renvoie à « confirmé à la commande ». Le choix obligatoire (quel tissu, quelle couleur) ne peut pas s’exprimer sur la fiche ni dans le panier.","Option « Revêtement » = Tissu F40…Cuir L60 ; description : « Le tissu ou cuir précis de la classe choisie est confirmé à la commande »","Ajouter un champ obligatoire tissu/couleur (propriété de ligne ou option) avec la liste des tissus Artek par classe, ou limiter la fiche à des combinaisons précises photographiées (ex. « Cuir Sörensen Prestige cognac », « Cuir Sörensen Prestige noir »).",examen détaillé
"accepté : vente par classe, sur devis ou en caisse",critique,Photos,CLASS_PHOTO_IMPLIES_COLOUR,artek-kiki-sofa-3-seater,Canapé Kiki 3 places,,,"Les six classes de tissu montrent un tissu jaune (#1, Aura canary chez Artek), la classe Cuir L40 du cuir cognac (#3) et la classe Cuir L60 du cuir noir (#4) : la couleur semble dépendre de la classe de prix, et le jaune paraît imposé pour tous les tissus.","#1 → Tissu F40…F200 ; #3 MicrosoftTeams-image-72.png cognac → Cuir L40 ; #4 MicrosoftTeams-image-73.png noir → Cuir L60 ; artek.fi « 06 Aura - canary », « Sörensen Prestige cognac / black »","Ne pas associer une couleur à une classe de prix : visuel neutre avec nuancier, ou variantes réelles « Cuir cognac » / « Cuir noir » (même classe) avec leur photo.",examen détaillé
corrigé,critique,Photos,MAIN_WRONG_UPHOLSTERY,artek-rival-chair-kg002,Chaise de bureau Rival KG002,Maille 3D gris clair/crème,#1,"La photo principale, liée à « Maille 3D gris clair/crème », montre une assise en cuir lisse caramel sur structure bouleau naturel et coque blanche : ce n'est pas du tricot 3D. Le client qui choisit cette variante voit un cuir caramel.",Photo #1 packshot-9cca8a0aa937b7aabcaebf0335623f49.png agrandie (assise lisse brun clair) comparée à #12 (tricot 3D noir/blanc visible),"Lier à « Maille 3D gris clair/crème » un packshot Artek « laqué blanc, coque blanche, 3D-knit gris/blanc » ; utiliser #1 pour une variante cuir caramel sur bouleau si elle est ajoutée.",examen détaillé
corrigé,critique,Variantes,FRAME_NOT_SELECTABLE,artek-rival-chair-kg002,Chaise de bureau Rival KG002,,,"Le piètement (bouleau naturel, laqué blanc ou laqué asphalte) est « précisé à la commande » dans la description, sans option : le client ne peut pas le choisir dans le panier, et chaque photo de variante montre une structure différente (naturel #1/#7, asphalte #6/#12), ce qui laisse croire que la couleur est liée au revêtement.","Description : « Piètement bouleau naturel, laqué blanc ou laqué asphalte (même prix) — précisé à la commande » ; options = Revêtement seul","Ajouter une option « Piètement » (Bouleau naturel/« silver birch », Laqué blanc, Laqué asphalte) combinée au revêtement selon les combinaisons Artek, avec une photo par combinaison ; retirer la phrase de la description.",examen détaillé
corrigé,critique,Photos,PHOTOS_H65_ON_H75,chaise-de-bar-atelier-h75,Chaise de bar Atelier H75,,"#1, #3, #6–#10",Toutes les photos de variante de la version H75 sont celles du tabouret de 65 cm : la photo principale est le même packshot que H65 et les fichiers #6 à #10 s'appellent « Atelier-Bar-Stool-65-cm-… ». Le client voit la version basse et commande la haute.,"Photos #1 (packshot-67589a9add228ec65d8a52541a9698c5_21b2fbde… = copie de la principale H65), #6–#10 (…-65-cm-ash/oak/beech-black/dark-red/light-green…), #3 (…Atelier_Bar_Stool_65_cm_natural_beech…)","Remplacer par les packshots Artek 75 cm de chaque finition ; garder #5 (deux hauteurs côte à côte) et retirer #3 (65 cm) de la fiche H75.",examen détaillé
corrigé,élevé,Classement,ALVAR_AALTO_COLLECTION_RULE,(marque Artek),,,,"La collection Shopify « Alvar Aalto » (règle : titre contient « Aalto ») affiche 33 modèles : elle inclut 15 produits Iittala/Vitra dont la verrerie et la vaisselle « Aino Aalto » (autre créatrice) et des miniatures Vitra, mais exclut la majorité des pièces d'Alvar Aalto dont le titre ne contient pas « Aalto » (Tabouret 60, chaises 65–69, fauteuils 41/42/400, luminaires A330S, A331…).","Admin : collection alvar-aalto, 42 membres, 27 Artek ; https://www.mikadodeco.be/collections/alvar-aalto (33 modèles)","Règle sur le tag alvar-aalto (après nettoyage des tags) ou sur custom.designer ; exclure les produits Aino Aalto.",contrôle marque
partiellement corrigé,élevé,Logistique,WEIGHTS_MISSING,(marque Artek),,,,"599 variantes sur 645 (152 produits sur 162) ont un poids d'expédition nul ; 2 variantes ont un poids de 3 g (Rocket laqué blanc, patère Kaari). La grille de livraison au poids validée ne peut pas s'appliquer à Artek.",Admin : inventoryItem.measurement.weight,"Saisir le poids emballé par variante (fiches Artek / tarif fournisseur) ; corriger les deux valeurs en grammes.",contrôle marque
partiellement corrigé,élevé,Classement,COLLECTION_RULE_GAPS,(marque Artek),,,,"Plusieurs types Artek ne sont retenus par aucune règle de collection du menu : Étagère murale (112, Kaari), Porte-parapluie (115), Console (Kaari REB006), Plafonnier (A622), Lit de repos et Matelas (710), Affiche (9), Housse de coussin (3), Tissu au mètre / Coupon de tissu (6), Sac, Pochette, Sangle, Accessoire. 35 fiches actives n'apparaissent dans aucune famille du site. À l'inverse, la règle « Parasols & ombrages » accepte le type Paravent et envoie le Paravent 100 dans la famille Jardin.","collections.json (règles) ; /api/catalog/<famille>?brand=artek : 47 + 41 + 19 + 8 + 6 + 2 + 1 fiches","Compléter les règles : Étagère murale → etageres-et-bibliotheques ; Porte-parapluie → pateres-et-porte-manteaux ; Console → etageres/commodes ; Plafonnier → suspensions ou luminaires ; Affiche → objets-decoratifs-cadres ; Housse de coussin → coussins-plaids-tapis ; retirer Paravent de parasols-ombrages. Décider pour tissus/sacs.",contrôle marque
corrigé,élevé,Classement,NO_MENU_COLLECTION,affiche-75-ans-artek-100-x-140-cm,Affiche 75 ans 100 × 140 cm,,,"Aucune catégorie du menu : le produit n'apparaît dans aucune famille ni sous-catégorie (type « Affiche »), seulement sur la page marque et en recherche.",Shopify Admin (29 septembre 2026),Adapter le type ou la règle d’une sous-catégorie du menu (voir constat de marque COLLECTION_RULE_GAPS).,contrôle automatique
corrigé,élevé,Classement,NO_MENU_COLLECTION,affiche-80-ans-artek-50-x-70-cm,Affiche 80 ans 50 × 70 cm,,,"Aucune catégorie du menu : le produit n'apparaît dans aucune famille ni sous-catégorie (type « Affiche »), seulement sur la page marque et en recherche.",Shopify Admin (29 septembre 2026),Adapter le type ou la règle d’une sous-catégorie du menu (voir constat de marque COLLECTION_RULE_GAPS).,contrôle automatique
corrigé,élevé,Tags,DESIGNER_TAG_WRONG,affiche-80-ans-artek-50-x-70-cm,Affiche 80 ans 50 × 70 cm,,,Tag créateur « alvar-aalto » alors que custom.designer = « TSTO ».,Shopify Admin (29 septembre 2026),,contrôle automatique
corrigé,élevé,Tags,AALTO_TAG_ON_POSTER,affiche-80-ans-artek-50-x-70-cm,Affiche 80 ans 50 × 70 cm,,,"Précision : le tag « alvar-aalto » fait apparaître cette affiche sur la page créateur Alvar Aalto (/produits.html?designer=alvar-aalto filtre sur ce tag), alors qu'elle est l'œuvre de TSTO. L'affiche représente un meuble d'Aalto, mais Aalto n'en est pas l'auteur.","lib/filter-scopes.js designerScope : pièces portant les tags du créateur ; v3/designers-data.json alvar-aalto → tags ['alvar-aalto']","Retirer le tag alvar-aalto. Pour relier l'affiche au meuble, utiliser un tag de sujet non rattaché à un créateur (ex. « sujet-aalto »).",examen détaillé
corrigé,élevé,Classement,NO_MENU_COLLECTION,affiche-85-ans-artek-50-x-70-cm,Affiche 85 ans 50 × 70 cm,,,"Aucune catégorie du menu : le produit n'apparaît dans aucune famille ni sous-catégorie (type « Affiche »), seulement sur la page marque et en recherche.",Shopify Admin (29 septembre 2026),Adapter le type ou la règle d’une sous-catégorie du menu (voir constat de marque COLLECTION_RULE_GAPS).,contrôle automatique
corrigé,élevé,Tags,DESIGNER_TAG_WRONG,affiche-85-ans-artek-50-x-70-cm,Affiche 85 ans 50 × 70 cm,,,Tag créateur « alvar-aalto » alors que custom.designer = « Karoliina Hellberg ».,Shopify Admin (29 septembre 2026),,contrôle automatique
corrigé,élevé,Tags,AALTO_TAG_ON_POSTER,affiche-85-ans-artek-50-x-70-cm,Affiche 85 ans 50 × 70 cm,,,"Précision : le tag « alvar-aalto » fait apparaître cette affiche sur la page créateur Alvar Aalto (/produits.html?designer=alvar-aalto filtre sur ce tag), alors qu'elle est l'œuvre de Karoliina Hellberg. L'affiche représente un meuble d'Aalto, mais Aalto n'en est pas l'auteur.","lib/filter-scopes.js designerScope : pièces portant les tags du créateur ; v3/designers-data.json alvar-aalto → tags ['alvar-aalto']","Retirer le tag alvar-aalto. Pour relier l'affiche au meuble, utiliser un tag de sujet non rattaché à un créateur (ex. « sujet-aalto »).",examen détaillé
corrigé,élevé,Classement,NO_MENU_COLLECTION,affiche-90-ans-artek-50-x-70-cm,Affiche 90 ans 50 × 70 cm,,,"Aucune catégorie du menu : le produit n'apparaît dans aucune famille ni sous-catégorie (type « Affiche »), seulement sur la page marque et en recherche.",Shopify Admin (29 septembre 2026),Adapter le type ou la règle d’une sous-catégorie du menu (voir constat de marque COLLECTION_RULE_GAPS).,contrôle automatique
corrigé,élevé,Tags,DESIGNER_TAG_WRONG,affiche-90-ans-artek-50-x-70-cm,Affiche 90 ans 50 × 70 cm,,,Tag créateur « alvar-aalto » alors que custom.designer = « Inka Bell ».,Shopify Admin (29 septembre 2026),,contrôle automatique
corrigé,élevé,Tags,AALTO_TAG_ON_POSTER,affiche-90-ans-artek-50-x-70-cm,Affiche 90 ans 50 × 70 cm,,,"Précision : le tag « alvar-aalto » fait apparaître cette affiche sur la page créateur Alvar Aalto (/produits.html?designer=alvar-aalto filtre sur ce tag), alors qu'elle est l'œuvre de Inka Bell. L'affiche représente un meuble d'Aalto, mais Aalto n'en est pas l'auteur.","lib/filter-scopes.js designerScope : pièces portant les tags du créateur ; v3/designers-data.json alvar-aalto → tags ['alvar-aalto']","Retirer le tag alvar-aalto. Pour relier l'affiche au meuble, utiliser un tag de sujet non rattaché à un créateur (ex. « sujet-aalto »).",examen détaillé
corrigé,élevé,Classement,NO_MENU_COLLECTION,affiche-aalto-chronology-50-x-70-cm,Affiche Aalto Chronology 50 × 70 cm,,,"Aucune catégorie du menu : le produit n'apparaît dans aucune famille ni sous-catégorie (type « Affiche »), seulement sur la page marque et en recherche.",Shopify Admin (29 septembre 2026),Adapter le type ou la règle d’une sous-catégorie du menu (voir constat de marque COLLECTION_RULE_GAPS).,contrôle automatique
corrigé,élevé,Classement,NO_MENU_COLLECTION,affiche-beehive-50-x-70-cm,Affiche Beehive 50 × 70 cm,,,"Aucune catégorie du menu : le produit n'apparaît dans aucune famille ni sous-catégorie (type « Affiche »), seulement sur la page marque et en recherche.",Shopify Admin (29 septembre 2026),Adapter le type ou la règle d’une sous-catégorie du menu (voir constat de marque COLLECTION_RULE_GAPS).,contrôle automatique
corrigé,élevé,Tags,DESIGNER_TAG_WRONG,affiche-beehive-50-x-70-cm,Affiche Beehive 50 × 70 cm,,,Tag créateur « alvar-aalto » alors que custom.designer = « Greige ».,Shopify Admin (29 septembre 2026),,contrôle automatique
corrigé,élevé,Tags,AALTO_TAG_ON_POSTER,affiche-beehive-50-x-70-cm,Affiche Beehive 50 × 70 cm,,,"Précision : le tag « alvar-aalto » fait apparaître cette affiche sur la page créateur Alvar Aalto (/produits.html?designer=alvar-aalto filtre sur ce tag), alors qu'elle est l'œuvre de Greige. L'affiche représente un meuble d'Aalto, mais Aalto n'en est pas l'auteur.","lib/filter-scopes.js designerScope : pièces portant les tags du créateur ; v3/designers-data.json alvar-aalto → tags ['alvar-aalto']","Retirer le tag alvar-aalto. Pour relier l'affiche au meuble, utiliser un tag de sujet non rattaché à un créateur (ex. « sujet-aalto »).",examen détaillé
corrigé,élevé,Classement,NO_MENU_COLLECTION,affiche-paimio-50-x-70-cm,Affiche Paimio 50 × 70 cm,,,"Aucune catégorie du menu : le produit n'apparaît dans aucune famille ni sous-catégorie (type « Affiche »), seulement sur la page marque et en recherche.",Shopify Admin (29 septembre 2026),Adapter le type ou la règle d’une sous-catégorie du menu (voir constat de marque COLLECTION_RULE_GAPS).,contrôle automatique
corrigé,élevé,Tags,DESIGNER_TAG_WRONG,affiche-paimio-50-x-70-cm,Affiche Paimio 50 × 70 cm,,,Tag créateur « alvar-aalto » alors que custom.designer = « Greige ».,Shopify Admin (29 septembre 2026),,contrôle automatique
corrigé,élevé,Tags,AALTO_TAG_ON_POSTER,affiche-paimio-50-x-70-cm,Affiche Paimio 50 × 70 cm,,,"Précision : le tag « alvar-aalto » fait apparaître cette affiche sur la page créateur Alvar Aalto (/produits.html?designer=alvar-aalto filtre sur ce tag), alors qu'elle est l'œuvre de Greige. L'affiche représente un meuble d'Aalto, mais Aalto n'en est pas l'auteur.","lib/filter-scopes.js designerScope : pièces portant les tags du créateur ; v3/designers-data.json alvar-aalto → tags ['alvar-aalto']","Retirer le tag alvar-aalto. Pour relier l'affiche au meuble, utiliser un tag de sujet non rattaché à un créateur (ex. « sujet-aalto »).",examen détaillé
corrigé,élevé,Classement,NO_MENU_COLLECTION,affiche-tabouret-60-50-x-70-cm,Affiche Tabouret 60 50 × 70 cm,,,"Aucune catégorie du menu : le produit n'apparaît dans aucune famille ni sous-catégorie (type « Affiche »), seulement sur la page marque et en recherche.",Shopify Admin (29 septembre 2026),Adapter le type ou la règle d’une sous-catégorie du menu (voir constat de marque COLLECTION_RULE_GAPS).,contrôle automatique
corrigé,élevé,Tags,DESIGNER_TAG_WRONG,affiche-tabouret-60-50-x-70-cm,Affiche Tabouret 60 50 × 70 cm,,,Tag créateur « alvar-aalto » alors que custom.designer = « Greige ».,Shopify Admin (29 septembre 2026),,contrôle automatique
corrigé,élevé,Tags,AALTO_TAG_ON_POSTER,affiche-tabouret-60-50-x-70-cm,Affiche Tabouret 60 50 × 70 cm,,,"Précision : le tag « alvar-aalto » fait apparaître cette affiche sur la page créateur Alvar Aalto (/produits.html?designer=alvar-aalto filtre sur ce tag), alors qu'elle est l'œuvre de Greige. L'affiche représente un meuble d'Aalto, mais Aalto n'en est pas l'auteur.","lib/filter-scopes.js designerScope : pièces portant les tags du créateur ; v3/designers-data.json alvar-aalto → tags ['alvar-aalto']","Retirer le tag alvar-aalto. Pour relier l'affiche au meuble, utiliser un tag de sujet non rattaché à un créateur (ex. « sujet-aalto »).",examen détaillé
corrigé,élevé,Classement,NO_MENU_COLLECTION,affiche-tea-trolley-900-50-x-70-cm,Affiche Tea Trolley 900 50 × 70 cm,,,"Aucune catégorie du menu : le produit n'apparaît dans aucune famille ni sous-catégorie (type « Affiche »), seulement sur la page marque et en recherche.",Shopify Admin (29 septembre 2026),Adapter le type ou la règle d’une sous-catégorie du menu (voir constat de marque COLLECTION_RULE_GAPS).,contrôle automatique
corrigé,élevé,Métachamps,NO_DESIGNER,affiche-tea-trolley-900-50-x-70-cm,Affiche Tea Trolley 900 50 × 70 cm,,,custom.designer vide : pas de créateur sur la fiche ni de lien créateur.,Shopify Admin (29 septembre 2026),Renseigner custom.designer (voir reference-artek.csv) ou laisser vide si Artek ne crédite personne.,contrôle automatique
corrigé,élevé,Métachamps,DESIGNER_MISSING,affiche-tea-trolley-900-50-x-70-cm,Affiche Tea Trolley 900 50 × 70 cm,,,"Précision sur NO_DESIGNER : l'affiche est du studio TSTO (Helsinki), série Outline, 2015. La description ne le dit pas, et seul le tag « alvar-aalto » évoque un créateur, ce qui est faux.","artek.fi/en/products/outline-poster-tea-trolley-901-tsto : « Designed by Helsinki-based graphic design studio Tsto… in this case, beige… Munken Lynx Rough paper »","custom.designer = TSTO ; custom.year = 2015 ; custom.material = « Papier Munken Lynx Rough ». Ajouter le tag tsto et retirer alvar-aalto.",examen détaillé
corrigé,élevé,Classement,NO_MENU_COLLECTION,artek-115-umbrella-stand,Porte-parapluie 115,,,"Aucune catégorie du menu : le produit n'apparaît dans aucune famille ni sous-catégorie (type « Porte-parapluie »), seulement sur la page marque et en recherche.",Shopify Admin (29 septembre 2026),Adapter le type ou la règle d’une sous-catégorie du menu (voir constat de marque COLLECTION_RULE_GAPS).,contrôle automatique
corrigé,élevé,Métachamps,NO_DIMENSIONS,artek-115-umbrella-stand,Porte-parapluie 115,,,custom.dimensions vide : aucune dimension affichée sur la fiche.,Shopify Admin (29 septembre 2026),Renseigner custom.dimensions avec les cotes Artek (voir reference-artek.csv).,contrôle automatique
corrigé,élevé,Classement,TYPE_NOT_IN_RULES,artek-115-umbrella-stand,Porte-parapluie 115,,,Type « Porte-parapluie » repris par aucune collection du menu.,"collections.json : rangement = Buffet, Commode, … Patère, Patère murale, Cintre ; produit dans [artek, hors-promotions]",Ajouter TYPE = « Porte-parapluie » à la règle rangement (et éventuellement pateres-et-porte-manteaux).,examen détaillé
corrigé,élevé,Métachamps,DIMENSIONS_VALUE,artek-115-umbrella-stand,Porte-parapluie 115,,,Aucune dimension.,"artek.fi cotes 48 / 28 / 24,5 cm","custom.dimensions = « H 48 × 28 × 24,5 cm ».",examen détaillé
corrigé,élevé,Métachamps,NO_DESIGNER,artek-124-mirror,Miroir 124,,,custom.designer vide : pas de créateur sur la fiche ni de lien créateur.,Shopify Admin (29 septembre 2026),Renseigner custom.designer (voir reference-artek.csv) ou laisser vide si Artek ne crédite personne.,contrôle automatique
à faire,élevé,Métachamps,NO_DIMENSIONS,artek-124-mirror,Miroir 124,,,custom.dimensions vide : aucune dimension affichée sur la fiche.,Shopify Admin (29 septembre 2026),Renseigner custom.dimensions avec les cotes Artek (voir reference-artek.csv).,contrôle automatique
à faire,élevé,Données fabricant,DISCONTINUED,artek-124-mirror,Miroir 124,,,"La page artek.fi du 124° Mirror redirige vers la liste des produits : produit vraisemblablement arrêté, mais vendu « 3-4 semaines » avec stock 0 et politique CONTINUE.","curl -I https://www.artek.fi/en/products/124-mirror → 302 vers /en/products ; dossier qty 0 / CONTINUE","Confirmer la disponibilité auprès d'Artek ; sinon passer en DENY / brouillon.",examen détaillé
corrigé,élevé,Métachamps,DESIGNER_VALUE,artek-124-mirror,Miroir 124,,,Créateur absent : Daniel Rybakken (le nom de fichier de #2 le cite).,"#2 fichier Artek_Rybakken_124_mirror_with_tray… ; https://www.artek.fi/artekhelsinki/en/news/124-novelty-series-designed-by-daniel-rybakken","custom.designer = Daniel Rybakken ; tag daniel-rybakken ; SEO « Miroir 124° Daniel Rybakken — Artek ».",examen détaillé
à faire,élevé,Photos,MAIN_NOT_PACKSHOT,artek-124-mirror,Miroir 124,Moyen,#1,"Photo principale = ambiance recadrée (mur en bois, objet coupé en bas), 543×739 : pas un packshot.","sheet #1 ; dossier 543×739","Utiliser un packshot carré haute définition de la version tablette frêne naturel ; garder #1 en galerie.",examen détaillé
corrigé,élevé,Métachamps,NO_DIMENSIONS,artek-a110-hand-grenade,Suspension A110 Hand Grenade,,,custom.dimensions vide : aucune dimension affichée sur la fiche.,Shopify Admin (29 septembre 2026),Renseigner custom.dimensions avec les cotes Artek (voir reference-artek.csv).,contrôle automatique
corrigé,élevé,SEO,SEO_YEAR_MISMATCH,artek-a330s-golden-bell,Suspension A330S Golden Bell,,,Année SEO 1936 ≠ custom.year 1937.,Shopify Admin (29 septembre 2026),,contrôle automatique
corrigé,élevé,Photos,SHARED_VARIANT_IMAGE,artek-a330s-golden-bell,Suspension A330S Golden Bell,,,Une même photo (artek-pendant-light-a330s-golden-bell-brass.jpg) sert à 2 finitions différentes : Laiton poli non verni | Laiton poli.,Shopify Admin (29 septembre 2026),Associer à chaque finition sa propre photo.,contrôle automatique
corrigé,élevé,SEO,SEO_YEAR_1936,artek-a330s-golden-bell,Suspension A330S Golden Bell,,,Précision sur SEO_YEAR_MISMATCH : l'année juste est 1937. La description dit aussi « dessinée … en 1936 » : erreur au même endroit.,"seo.description « (1936) » ; description « pour le restaurant Savoy d'Helsinki en 1936 » ; https://www.artek.fi/en/products/pendant-light-a330s-golden-bell : « Alvar Aalto, 1937 » ; « Savoy Restaurant, Helsinki in 1937 … Paris World Expo the same year » ; fiche PDF 1848031 « Design Alvar Aalto, 1937 ».","SEO : « … par Alvar Aalto (1937) … » ; description : « dessinée par Aino et Alvar Aalto en 1937 pour le restaurant Savoy d'Helsinki, et présentée la même année au pavillon finlandais de l'Exposition universelle de Paris ».",examen détaillé
corrigé,élevé,Métachamps,NO_DIMENSIONS,artek-a331-beehive,Suspension A331 Beehive,,,custom.dimensions vide : aucune dimension affichée sur la fiche.,Shopify Admin (29 septembre 2026),Renseigner custom.dimensions avec les cotes Artek (voir reference-artek.csv).,contrôle automatique
corrigé,élevé,Métachamps,NO_DIMENSIONS,artek-a333-turnip,Suspension A333 Turnip,,,custom.dimensions vide : aucune dimension affichée sur la fiche.,Shopify Admin (29 septembre 2026),Renseigner custom.dimensions avec les cotes Artek (voir reference-artek.csv).,contrôle automatique
corrigé,élevé,Métachamps,NO_DIMENSIONS,artek-a440,Suspension A440,,,custom.dimensions vide : aucune dimension affichée sur la fiche.,Shopify Admin (29 septembre 2026),Renseigner custom.dimensions avec les cotes Artek (voir reference-artek.csv).,contrôle automatique
corrigé,élevé,Métachamps,ORIGIN_INCOMPLETE,artek-a440,Suspension A440,,,Origine « Fabriqué en Finlande » (et tag made-in-finlande) alors qu'Artek indique « Made in Finland and Poland ».,"custom.origin, custom.country_of_origin = Finlande ; https://www.artek.fi/en/products/pendant-light-a440 : « Made in Finland and Poland ».","custom.origin = « Fabriqué en Finlande et en Pologne » ; country_of_origin = « Finlande, Pologne » ; ajouter le tag made-in-pologne ou retirer made-in-finlande.",examen détaillé
corrigé,élevé,Métachamps,NO_DIMENSIONS,artek-a808-eu,Lampadaire A808,,,custom.dimensions vide : aucune dimension affichée sur la fiche.,Shopify Admin (29 septembre 2026),Renseigner custom.dimensions avec les cotes Artek (voir reference-artek.csv).,contrôle automatique
corrigé,élevé,Photos,UNSOLD_EDITION_SHOWN,artek-a810-eu,Lampadaire A810,,"#4, #5, #8","#5 est un packshot complet de l'A810 édition spéciale Artek Helsinki à pied et socle rubis, #8 un gros plan de ce socle rouge, #4 une ambiance avec le pied bordeaux. Cette finition n'est pas proposée (variantes : tube laiton ou inox, pied cuir noir). Non liées aux variantes, ces images apparaissent comme ambiances ; #5 ressemble à une variante disponible.","Planche : #4 Floor-light-a810-burgundy_stool-60-burgundy_web.jpg, #5 Floor-light-A810_artek-helsinki-special_ruby_web.jpg, #8 A810_helsinki-specials_04_web.jpg ; options = Laiton poli | Acier inoxydable.","Retirer #5 et #8 ; retirer #4 ou préciser dans l'alt « édition spéciale rubis, non disponible ».",examen détaillé
corrigé,élevé,Métachamps,NO_DIMENSIONS,artek-a811-eu,Lampadaire A811,,,custom.dimensions vide : aucune dimension affichée sur la fiche.,Shopify Admin (29 septembre 2026),Renseigner custom.dimensions avec les cotes Artek (voir reference-artek.csv).,contrôle automatique
corrigé,élevé,Photos,SHARED_VARIANT_IMAGE,artek-a811-eu,Lampadaire A811,,,Une même photo (packshot-b12598b098d1783dd506fda20a608a39.png) sert à 2 finitions différentes : Laiton poli | Laiton nickelé.,Shopify Admin (29 septembre 2026),Associer à chaque finition sa propre photo.,contrôle automatique
corrigé,élevé,Métachamps,NO_DIMENSIONS,artek-aalto-table-extendable-97,Table à rallonge Aalto 97 135/190 × 85 cm,,,custom.dimensions vide : aucune dimension affichée sur la fiche.,Shopify Admin (29 septembre 2026),Renseigner custom.dimensions avec les cotes Artek (voir reference-artek.csv).,contrôle automatique
corrigé,élevé,Métachamps,DIMENSIONS_VALUE,artek-aalto-table-extendable-97,Table à rallonge Aalto 97 135/190 × 85 cm,,,"custom.dimensions vide (constat auto confirmé) alors que custom.search_facts contient déjà les cotes ; la fiche publique n’affiche aucune dimension (API site : dimensions """"). Cotes Artek : 135 × 85 cm fermée, 190 × 85 cm avec rallonge, H 74 cm, plateau 5 cm, 4 pieds L.","https://www.artek.fi/en/products/aalto-table-extendable (dessin coté « Materials and Dimensions »), https://www.artek.fi/downloads/Artek-Aalto-Tables_shapes-sizes-surfaces.pdf (hauteur 74 cm, épaisseur de plateau)",custom.dimensions = « L 135 cm (190 cm avec rallonge) × P 85 cm × H 74 cm »,examen détaillé
corrigé,élevé,Métachamps,ORIGIN_BIRCH_VENEER,artek-aalto-table-extendable-97,Table à rallonge Aalto 97 135/190 × 85 cm,Bouleau,,"custom.origin « Fabriqué en Finlande » et le tag made-in-finlande valent pour toutes les finitions, or Artek indique que les plateaux en placage bouleau sont fabriqués en Finlande et en Allemagne.",https://www.artek.fi/en/products/aalto-table-extendable : « Tables with birch veneer top: Made in Finland and Germany / Tables with HPL top: Made in Finland / Tables with linoleum top: Made in Finland »,"custom.origin = « Fabriqué en Finlande (plateaux lamifié et linoléum) ; Finlande ou Allemagne (plateaux placage bouleau) »",examen détaillé
corrigé,élevé,Métachamps,NO_DIMENSIONS,artek-aalto-table-foldable-dl81c,Table pliante Aalto DL81C 75/113 × 75 cm,,,custom.dimensions vide : aucune dimension affichée sur la fiche.,Shopify Admin (29 septembre 2026),Renseigner custom.dimensions avec les cotes Artek (voir reference-artek.csv).,contrôle automatique
corrigé,élevé,Photos,SHARED_VARIANT_IMAGE,artek-aalto-table-foldable-dl81c,Table pliante Aalto DL81C 75/113 × 75 cm,,,Une même photo (Aalto-Table-foldable-DL81C-folded_-legs-natural-lacquered_-top-black-linoleum_cut-out_web.jpg) sert à 4 finitions différentes : Linoléum noir | Clay linoléum | Pistachio linoléum | Vapour linoléum.,Shopify Admin (29 septembre 2026),Associer à chaque finition sa propre photo.,contrôle automatique
corrigé,élevé,Métachamps,DIMENSIONS_VALUE,artek-aalto-table-foldable-dl81c,Table pliante Aalto DL81C 75/113 × 75 cm,,,"custom.dimensions vide (constat auto confirmé) alors que custom.search_facts contient déjà les cotes ; la fiche publique n’affiche aucune dimension (API site : dimensions """"). Cotes Artek : 75 × 75 cm abattant replié, 112,5 × 75 cm abattant déplié, H 74 cm, plateau 4 cm, 4 pieds L.","https://www.artek.fi/en/products/aalto-table-foldable (dessin coté « Materials and Dimensions »), https://www.artek.fi/downloads/Artek-Aalto-Tables_shapes-sizes-surfaces.pdf (hauteur 74 cm, épaisseur de plateau), https://www.artek.fi/downloads/Aalto-Table-foldable-DL81C-User-Instructions-8754703.pdf","custom.dimensions = « L 75 cm (112,5 cm abattant déplié) × P 75 cm × H 74 cm »",examen détaillé
corrigé,élevé,Métachamps,ORIGIN_BIRCH_VENEER,artek-aalto-table-foldable-dl81c,Table pliante Aalto DL81C 75/113 × 75 cm,Bouleau,,"custom.origin « Fabriqué en Finlande » et le tag made-in-finlande valent pour toutes les finitions, or Artek indique que les plateaux en placage bouleau sont fabriqués en Finlande et en Allemagne.",https://www.artek.fi/en/products/aalto-table-foldable : « Tables with birch veneer top: Made in Finland and Germany / Tables with HPL top: Made in Finland / Tables with linoleum top: Made in Finland »,"custom.origin = « Fabriqué en Finlande (plateaux lamifié et linoléum) ; Finlande ou Allemagne (plateaux placage bouleau) »",examen détaillé
corrigé,élevé,Métachamps,NO_DIMENSIONS,artek-aalto-table-half-round-95,Table demi-ronde Aalto 95 120 × 60 cm,,,custom.dimensions vide : aucune dimension affichée sur la fiche.,Shopify Admin (29 septembre 2026),Renseigner custom.dimensions avec les cotes Artek (voir reference-artek.csv).,contrôle automatique
corrigé,élevé,Métachamps,DIMENSIONS_VALUE,artek-aalto-table-half-round-95,Table demi-ronde Aalto 95 120 × 60 cm,,,"custom.dimensions vide (constat auto confirmé) alors que custom.search_facts contient déjà les cotes ; la fiche publique n’affiche aucune dimension (API site : dimensions """"). Cotes Artek : 120 × 60 cm, H 74 cm, plateau 4 cm, 3 pieds L.","https://www.artek.fi/en/products/aalto-table-half-round (dessin coté « Materials and Dimensions »), https://www.artek.fi/downloads/Artek-Aalto-Tables_shapes-sizes-surfaces.pdf (hauteur 74 cm, épaisseur de plateau), https://www.artek.fi/downloads/Aalto-Table-half-round-95-User-Instruction-3448897.pdf",custom.dimensions = « L 120 × P 60 × H 74 cm »,examen détaillé
corrigé,élevé,Métachamps,ORIGIN_BIRCH_VENEER,artek-aalto-table-half-round-95,Table demi-ronde Aalto 95 120 × 60 cm,Bouleau,,"custom.origin « Fabriqué en Finlande » et le tag made-in-finlande valent pour toutes les finitions, or Artek indique que les plateaux en placage bouleau sont fabriqués en Finlande et en Allemagne.",https://www.artek.fi/en/products/aalto-table-half-round : « Tables with birch veneer top: Made in Finland and Germany / Tables with HPL top: Made in Finland / Tables with linoleum top: Made in Finland »,"custom.origin = « Fabriqué en Finlande (plateaux lamifié et linoléum) ; Finlande ou Allemagne (plateaux placage bouleau) »",examen détaillé
corrigé,élevé,Métachamps,NO_DIMENSIONS,artek-aalto-table-half-round-96,Table demi-ronde Aalto 96 150 × 75 cm,,,custom.dimensions vide : aucune dimension affichée sur la fiche.,Shopify Admin (29 septembre 2026),Renseigner custom.dimensions avec les cotes Artek (voir reference-artek.csv).,contrôle automatique
corrigé,élevé,Métachamps,DIMENSIONS_VALUE,artek-aalto-table-half-round-96,Table demi-ronde Aalto 96 150 × 75 cm,,,"custom.dimensions vide (constat auto confirmé) alors que custom.search_facts contient déjà les cotes ; la fiche publique n’affiche aucune dimension (API site : dimensions """"). Cotes Artek : 150 × 75 cm, H 74 cm, plateau 4 cm, 4 pieds L.","https://www.artek.fi/en/products/aalto-table-half-round (dessin coté « Materials and Dimensions »), https://www.artek.fi/downloads/Artek-Aalto-Tables_shapes-sizes-surfaces.pdf (hauteur 74 cm, épaisseur de plateau), https://www.artek.fi/downloads/Aalto-Table-half-round-96-User-Instructions-8754718.pdf",custom.dimensions = « L 150 × P 75 × H 74 cm »,examen détaillé
corrigé,élevé,Métachamps,ORIGIN_BIRCH_VENEER,artek-aalto-table-half-round-96,Table demi-ronde Aalto 96 150 × 75 cm,Bouleau,,"custom.origin « Fabriqué en Finlande » et le tag made-in-finlande valent pour toutes les finitions, or Artek indique que les plateaux en placage bouleau sont fabriqués en Finlande et en Allemagne.",https://www.artek.fi/en/products/aalto-table-half-round : « Tables with birch veneer top: Made in Finland and Germany / Tables with HPL top: Made in Finland / Tables with linoleum top: Made in Finland »,"custom.origin = « Fabriqué en Finlande (plateaux lamifié et linoléum) ; Finlande ou Allemagne (plateaux placage bouleau) »",examen détaillé
corrigé,élevé,Métachamps,NO_DIMENSIONS,artek-aalto-table-rectangular-80a,Table Aalto 80A 120 × 60 cm,,,custom.dimensions vide : aucune dimension affichée sur la fiche.,Shopify Admin (29 septembre 2026),Renseigner custom.dimensions avec les cotes Artek (voir reference-artek.csv).,contrôle automatique
corrigé,élevé,Métachamps,DIMENSIONS_VALUE,artek-aalto-table-rectangular-80a,Table Aalto 80A 120 × 60 cm,,,"custom.dimensions vide (constat auto confirmé) alors que custom.search_facts contient déjà les cotes ; la fiche publique n’affiche aucune dimension (API site : dimensions """"). Cotes Artek : 120 × 60 cm, H 74 cm, plateau 4 cm, 4 pieds L.","https://www.artek.fi/en/products/aalto-table-rectangular (dessin coté « Materials and Dimensions »), https://www.artek.fi/downloads/Artek-Aalto-Tables_shapes-sizes-surfaces.pdf (hauteur 74 cm, épaisseur de plateau), https://www.artek.fi/downloads/Aalto-Table-80-81-84-Assembly-Instructions-1848278.pdf",custom.dimensions = « L 120 × P 60 × H 74 cm »,examen détaillé
corrigé,élevé,Métachamps,ORIGIN_BIRCH_VENEER,artek-aalto-table-rectangular-80a,Table Aalto 80A 120 × 60 cm,Bouleau,,"custom.origin « Fabriqué en Finlande » et le tag made-in-finlande valent pour toutes les finitions, or Artek indique que les plateaux en placage bouleau sont fabriqués en Finlande et en Allemagne.",https://www.artek.fi/en/products/aalto-table-rectangular : « Tables with birch veneer top: Made in Finland and Germany / Tables with HPL top: Made in Finland / Tables with linoleum top: Made in Finland »,"custom.origin = « Fabriqué en Finlande (plateaux lamifié et linoléum) ; Finlande ou Allemagne (plateaux placage bouleau) »",examen détaillé
à faire,élevé,Métachamps,NO_DIMENSIONS,artek-aalto-table-rectangular-80a-60cm,Table enfant Aalto 80A 120 × 60 cm H60,,,custom.dimensions vide : aucune dimension affichée sur la fiche.,Shopify Admin (29 septembre 2026),Renseigner custom.dimensions avec les cotes Artek (voir reference-artek.csv).,contrôle automatique
à faire,élevé,Photos,SAME_PHOTOS_AS_OTHER_MODEL,artek-aalto-table-rectangular-80a-60cm,Table enfant Aalto 80A 120 × 60 cm H60,,"#1, #3, #4","Les images #1 (Bouleau), #3 (Lamifié blanc) et #4 (Linoléum noir) sont identiques, à la retouche près, à celles de la table enfant 81B 120 × 75 (écart moyen de pixels 0,3 à 1,3 sur 255). Deux tables de profondeurs différentes (60 et 75 cm) ne peuvent pas avoir la même photo : l'une des deux fiches montre le mauvais plateau (à confirmer avec les fichiers Artek d'origine).","Comparaison d'images : 80A-60cm #1 = 81B-60cm #1 ; 80A #3 = 81B #4 ; 80A #4 = 81B #5","Récupérer sur l'espace médias Artek les packshots distincts 80A et 81B en hauteur 60 cm, et remplacer ceux de la fiche erronée.",examen détaillé
corrigé,élevé,Métachamps,NO_DIMENSIONS,artek-aalto-table-rectangular-80b,Table Aalto 80B 100 × 60 cm,,,custom.dimensions vide : aucune dimension affichée sur la fiche.,Shopify Admin (29 septembre 2026),Renseigner custom.dimensions avec les cotes Artek (voir reference-artek.csv).,contrôle automatique
corrigé,élevé,Métachamps,DIMENSIONS_VALUE,artek-aalto-table-rectangular-80b,Table Aalto 80B 100 × 60 cm,,,"custom.dimensions vide (constat auto confirmé) alors que custom.search_facts contient déjà les cotes ; la fiche publique n’affiche aucune dimension (API site : dimensions """"). Cotes Artek : 100 × 60 cm, H 74 cm, plateau 4 cm, 4 pieds L.","https://www.artek.fi/en/products/aalto-table-rectangular (dessin coté « Materials and Dimensions »), https://www.artek.fi/downloads/Artek-Aalto-Tables_shapes-sizes-surfaces.pdf (hauteur 74 cm, épaisseur de plateau), https://www.artek.fi/downloads/Aalto-Table-80-81-84-Assembly-Instructions-1848278.pdf",custom.dimensions = « L 100 × P 60 × H 74 cm »,examen détaillé
corrigé,élevé,Métachamps,ORIGIN_BIRCH_VENEER,artek-aalto-table-rectangular-80b,Table Aalto 80B 100 × 60 cm,Bouleau,,"custom.origin « Fabriqué en Finlande » et le tag made-in-finlande valent pour toutes les finitions, or Artek indique que les plateaux en placage bouleau sont fabriqués en Finlande et en Allemagne.",https://www.artek.fi/en/products/aalto-table-rectangular : « Tables with birch veneer top: Made in Finland and Germany / Tables with HPL top: Made in Finland / Tables with linoleum top: Made in Finland »,"custom.origin = « Fabriqué en Finlande (plateaux lamifié et linoléum) ; Finlande ou Allemagne (plateaux placage bouleau) »",examen détaillé
à faire,élevé,Métachamps,NO_DIMENSIONS,artek-aalto-table-rectangular-80b-60cm,Table enfant Aalto 80B 100 × 60 cm H60,,,custom.dimensions vide : aucune dimension affichée sur la fiche.,Shopify Admin (29 septembre 2026),Renseigner custom.dimensions avec les cotes Artek (voir reference-artek.csv).,contrôle automatique
à faire,élevé,Données fabricant,KIDS_MODEL_NOT_LISTED,artek-aalto-table-rectangular-80b-60cm,Table enfant Aalto 80B 100 × 60 cm H60,,,"La page Artek « Aalto Children's Table rectangular » ne propose en hauteur 60 cm que les modèles 80A, 81A et 81B. Le 80B enfant (100 × 60, H60) n'y figure pas, même si les noms de fichiers des photos (« Aalto-Children_s-Table-rectangular-80B… ») laissent penser qu'il a existé. Le client peut commander un modèle que le fournisseur ne livre peut-être plus.","artek.fi/en/products/aalto-childrens-table-rectangular : dessins « 80A », « 81A », « 81B » seulement","Confirmer auprès d'Artek que le 80B H60 est encore commandable (tarif, code) ; sinon passer la fiche en brouillon.",examen détaillé
corrigé,élevé,Métachamps,NO_DIMENSIONS,artek-aalto-table-rectangular-81a,Table Aalto 81A 150 × 75 cm,,,custom.dimensions vide : aucune dimension affichée sur la fiche.,Shopify Admin (29 septembre 2026),Renseigner custom.dimensions avec les cotes Artek (voir reference-artek.csv).,contrôle automatique
corrigé,élevé,Métachamps,DIMENSIONS_VALUE,artek-aalto-table-rectangular-81a,Table Aalto 81A 150 × 75 cm,,,"custom.dimensions vide (constat auto confirmé) alors que custom.search_facts contient déjà les cotes ; la fiche publique n’affiche aucune dimension (API site : dimensions """"). Cotes Artek : 150 × 75 cm, H 74 cm, plateau 4 cm, 4 pieds L.","https://www.artek.fi/en/products/aalto-table-rectangular (dessin coté « Materials and Dimensions »), https://www.artek.fi/downloads/Artek-Aalto-Tables_shapes-sizes-surfaces.pdf (hauteur 74 cm, épaisseur de plateau), https://www.artek.fi/downloads/Aalto-Table-80-81-84-Assembly-Instructions-1848278.pdf",custom.dimensions = « L 150 × P 75 × H 74 cm »,examen détaillé
corrigé,élevé,Métachamps,ORIGIN_BIRCH_VENEER,artek-aalto-table-rectangular-81a,Table Aalto 81A 150 × 75 cm,Bouleau,,"custom.origin « Fabriqué en Finlande » et le tag made-in-finlande valent pour toutes les finitions, or Artek indique que les plateaux en placage bouleau sont fabriqués en Finlande et en Allemagne.",https://www.artek.fi/en/products/aalto-table-rectangular : « Tables with birch veneer top: Made in Finland and Germany / Tables with HPL top: Made in Finland / Tables with linoleum top: Made in Finland »,"custom.origin = « Fabriqué en Finlande (plateaux lamifié et linoléum) ; Finlande ou Allemagne (plateaux placage bouleau) »",examen détaillé
à faire,élevé,Métachamps,NO_DIMENSIONS,artek-aalto-table-rectangular-81a-60cm,Table enfant Aalto 81A 150 × 75 cm H60,,,custom.dimensions vide : aucune dimension affichée sur la fiche.,Shopify Admin (29 septembre 2026),Renseigner custom.dimensions avec les cotes Artek (voir reference-artek.csv).,contrôle automatique
corrigé,élevé,Métachamps,NO_DIMENSIONS,artek-aalto-table-rectangular-81b,Table Aalto 81B 120 × 75 cm,,,custom.dimensions vide : aucune dimension affichée sur la fiche.,Shopify Admin (29 septembre 2026),Renseigner custom.dimensions avec les cotes Artek (voir reference-artek.csv).,contrôle automatique
corrigé,élevé,Métachamps,DIMENSIONS_VALUE,artek-aalto-table-rectangular-81b,Table Aalto 81B 120 × 75 cm,,,"custom.dimensions vide (constat auto confirmé) alors que custom.search_facts contient déjà les cotes ; la fiche publique n’affiche aucune dimension (API site : dimensions """"). Cotes Artek : 120 × 75 cm, H 74 cm, plateau 4 cm, 4 pieds L.","https://www.artek.fi/en/products/aalto-table-rectangular (dessin coté « Materials and Dimensions »), https://www.artek.fi/downloads/Artek-Aalto-Tables_shapes-sizes-surfaces.pdf (hauteur 74 cm, épaisseur de plateau), https://www.artek.fi/downloads/Aalto-Table-80-81-84-Assembly-Instructions-1848278.pdf",custom.dimensions = « L 120 × P 75 × H 74 cm »,examen détaillé
corrigé,élevé,Métachamps,ORIGIN_BIRCH_VENEER,artek-aalto-table-rectangular-81b,Table Aalto 81B 120 × 75 cm,Bouleau,,"custom.origin « Fabriqué en Finlande » et le tag made-in-finlande valent pour toutes les finitions, or Artek indique que les plateaux en placage bouleau sont fabriqués en Finlande et en Allemagne.",https://www.artek.fi/en/products/aalto-table-rectangular : « Tables with birch veneer top: Made in Finland and Germany / Tables with HPL top: Made in Finland / Tables with linoleum top: Made in Finland »,"custom.origin = « Fabriqué en Finlande (plateaux lamifié et linoléum) ; Finlande ou Allemagne (plateaux placage bouleau) »",examen détaillé
à faire,élevé,Métachamps,NO_DIMENSIONS,artek-aalto-table-rectangular-81b-60cm,Table enfant Aalto 81B 120 × 75 cm H60,,,custom.dimensions vide : aucune dimension affichée sur la fiche.,Shopify Admin (29 septembre 2026),Renseigner custom.dimensions avec les cotes Artek (voir reference-artek.csv).,contrôle automatique
à faire,élevé,Photos,SAME_PHOTOS_AS_OTHER_MODEL,artek-aalto-table-rectangular-81b-60cm,Table enfant Aalto 81B 120 × 75 cm H60,,"#1, #4, #5","Les images #1, #4 et #5 sont identiques à celles de la table enfant 80A 120 × 60 (#1, #3, #4). L'une des deux fiches montre la mauvaise profondeur de plateau (60 ou 75 cm), à confirmer.","Comparaison d'images : écart moyen 0,3 à 1,3 sur 255 avec artek-aalto-table-rectangular-80a-60cm #1/#3/#4",Obtenir les packshots Artek distincts et remplacer ceux de la fiche erronée.,examen détaillé
corrigé,élevé,Métachamps,NO_DIMENSIONS,artek-aalto-table-rectangular-82a,Table Aalto 82A 150 × 85 cm,,,custom.dimensions vide : aucune dimension affichée sur la fiche.,Shopify Admin (29 septembre 2026),Renseigner custom.dimensions avec les cotes Artek (voir reference-artek.csv).,contrôle automatique
corrigé,élevé,Métachamps,DIMENSIONS_VALUE,artek-aalto-table-rectangular-82a,Table Aalto 82A 150 × 85 cm,,,"custom.dimensions vide (constat auto confirmé) alors que custom.search_facts contient déjà les cotes ; la fiche publique n’affiche aucune dimension (API site : dimensions """"). Cotes Artek : 150 × 85 cm, H 74 cm, plateau 5 cm, 4 pieds L.","https://www.artek.fi/en/products/aalto-table-rectangular (dessin coté « Materials and Dimensions »), https://www.artek.fi/downloads/Artek-Aalto-Tables_shapes-sizes-surfaces.pdf (hauteur 74 cm, épaisseur de plateau), https://www.artek.fi/downloads/Aalto-Table-82-83-86-Assembly-Instructions-2554633.pdf",custom.dimensions = « L 150 × P 85 × H 74 cm »,examen détaillé
corrigé,élevé,Métachamps,ORIGIN_BIRCH_VENEER,artek-aalto-table-rectangular-82a,Table Aalto 82A 150 × 85 cm,Bouleau,,"custom.origin « Fabriqué en Finlande » et le tag made-in-finlande valent pour toutes les finitions, or Artek indique que les plateaux en placage bouleau sont fabriqués en Finlande et en Allemagne.",https://www.artek.fi/en/products/aalto-table-rectangular : « Tables with birch veneer top: Made in Finland and Germany / Tables with HPL top: Made in Finland / Tables with linoleum top: Made in Finland »,"custom.origin = « Fabriqué en Finlande (plateaux lamifié et linoléum) ; Finlande ou Allemagne (plateaux placage bouleau) »",examen détaillé
corrigé,élevé,Métachamps,NO_DIMENSIONS,artek-aalto-table-rectangular-82b,Table Aalto 82B 135 × 85 cm,,,custom.dimensions vide : aucune dimension affichée sur la fiche.,Shopify Admin (29 septembre 2026),Renseigner custom.dimensions avec les cotes Artek (voir reference-artek.csv).,contrôle automatique
corrigé,élevé,Métachamps,DIMENSIONS_VALUE,artek-aalto-table-rectangular-82b,Table Aalto 82B 135 × 85 cm,,,"custom.dimensions vide (constat auto confirmé) alors que custom.search_facts contient déjà les cotes ; la fiche publique n’affiche aucune dimension (API site : dimensions """"). Cotes Artek : 135 × 85 cm, H 74 cm, plateau 5 cm, 4 pieds L.","https://www.artek.fi/en/products/aalto-table-rectangular (dessin coté « Materials and Dimensions »), https://www.artek.fi/downloads/Artek-Aalto-Tables_shapes-sizes-surfaces.pdf (hauteur 74 cm, épaisseur de plateau), https://www.artek.fi/downloads/Aalto-Table-82-83-86-Assembly-Instructions-2554633.pdf",custom.dimensions = « L 135 × P 85 × H 74 cm »,examen détaillé
corrigé,élevé,Métachamps,ORIGIN_BIRCH_VENEER,artek-aalto-table-rectangular-82b,Table Aalto 82B 135 × 85 cm,Bouleau,,"custom.origin « Fabriqué en Finlande » et le tag made-in-finlande valent pour toutes les finitions, or Artek indique que les plateaux en placage bouleau sont fabriqués en Finlande et en Allemagne.",https://www.artek.fi/en/products/aalto-table-rectangular : « Tables with birch veneer top: Made in Finland and Germany / Tables with HPL top: Made in Finland / Tables with linoleum top: Made in Finland »,"custom.origin = « Fabriqué en Finlande (plateaux lamifié et linoléum) ; Finlande ou Allemagne (plateaux placage bouleau) »",examen détaillé
corrigé,élevé,Métachamps,NO_DIMENSIONS,artek-aalto-table-rectangular-83,Table Aalto 83 182 × 91 cm,,,custom.dimensions vide : aucune dimension affichée sur la fiche.,Shopify Admin (29 septembre 2026),Renseigner custom.dimensions avec les cotes Artek (voir reference-artek.csv).,contrôle automatique
corrigé,élevé,Métachamps,DIMENSIONS_VALUE,artek-aalto-table-rectangular-83,Table Aalto 83 182 × 91 cm,,,"custom.dimensions vide (constat auto confirmé) alors que custom.search_facts contient déjà les cotes ; la fiche publique n’affiche aucune dimension (API site : dimensions """"). Cotes Artek : 182 × 91 cm, H 74 cm, plateau 5 cm, 4 pieds L.","https://www.artek.fi/en/products/aalto-table-rectangular (dessin coté « Materials and Dimensions »), https://www.artek.fi/downloads/Artek-Aalto-Tables_shapes-sizes-surfaces.pdf (hauteur 74 cm, épaisseur de plateau), https://www.artek.fi/downloads/Aalto-Table-82-83-86-Assembly-Instructions-2554633.pdf",custom.dimensions = « L 182 × P 91 × H 74 cm »,examen détaillé
corrigé,élevé,Métachamps,ORIGIN_BIRCH_VENEER,artek-aalto-table-rectangular-83,Table Aalto 83 182 × 91 cm,Bouleau,,"custom.origin « Fabriqué en Finlande » et le tag made-in-finlande valent pour toutes les finitions, or Artek indique que les plateaux en placage bouleau sont fabriqués en Finlande et en Allemagne.",https://www.artek.fi/en/products/aalto-table-rectangular : « Tables with birch veneer top: Made in Finland and Germany / Tables with HPL top: Made in Finland / Tables with linoleum top: Made in Finland »,"custom.origin = « Fabriqué en Finlande (plateaux lamifié et linoléum) ; Finlande ou Allemagne (plateaux placage bouleau) »",examen détaillé
corrigé,élevé,Métachamps,NO_DIMENSIONS,artek-aalto-table-rectangular-86,Table Aalto 86 210 × 100 cm,,,custom.dimensions vide : aucune dimension affichée sur la fiche.,Shopify Admin (29 septembre 2026),Renseigner custom.dimensions avec les cotes Artek (voir reference-artek.csv).,contrôle automatique
corrigé,élevé,Métachamps,DIMENSIONS_VALUE,artek-aalto-table-rectangular-86,Table Aalto 86 210 × 100 cm,,,"custom.dimensions vide (constat auto confirmé) alors que custom.search_facts contient déjà les cotes ; la fiche publique n’affiche aucune dimension (API site : dimensions """"). Cotes Artek : 210 × 100 cm, H 74 cm, plateau 5 cm, 4 pieds L.","https://www.artek.fi/en/products/aalto-table-rectangular (dessin coté « Materials and Dimensions »), https://www.artek.fi/downloads/Artek-Aalto-Tables_shapes-sizes-surfaces.pdf (hauteur 74 cm, épaisseur de plateau), https://www.artek.fi/downloads/Aalto-Table-82-83-86-Assembly-Instructions-2554633.pdf",custom.dimensions = « L 210 × P 100 × H 74 cm »,examen détaillé
corrigé,élevé,Métachamps,ORIGIN_BIRCH_VENEER,artek-aalto-table-rectangular-86,Table Aalto 86 210 × 100 cm,Bouleau,,"custom.origin « Fabriqué en Finlande » et le tag made-in-finlande valent pour toutes les finitions, or Artek indique que les plateaux en placage bouleau sont fabriqués en Finlande et en Allemagne.",https://www.artek.fi/en/products/aalto-table-rectangular : « Tables with birch veneer top: Made in Finland and Germany / Tables with HPL top: Made in Finland / Tables with linoleum top: Made in Finland »,"custom.origin = « Fabriqué en Finlande (plateaux lamifié et linoléum) ; Finlande ou Allemagne (plateaux placage bouleau) »",examen détaillé
corrigé,élevé,Métachamps,NO_DIMENSIONS,artek-aalto-table-rectangular-86a,Table Aalto 86A 240 × 100 cm,,,custom.dimensions vide : aucune dimension affichée sur la fiche.,Shopify Admin (29 septembre 2026),Renseigner custom.dimensions avec les cotes Artek (voir reference-artek.csv).,contrôle automatique
corrigé,élevé,Métachamps,DIMENSIONS_VALUE,artek-aalto-table-rectangular-86a,Table Aalto 86A 240 × 100 cm,,,"custom.dimensions vide (constat auto confirmé) alors que custom.search_facts contient déjà les cotes ; la fiche publique n’affiche aucune dimension (API site : dimensions """"). Cotes Artek : 240 × 100 cm, H 74 cm, plateau 5 cm, 4 pieds L.","https://www.artek.fi/en/products/aalto-table-rectangular (dessin coté « Materials and Dimensions »), https://www.artek.fi/downloads/Artek-Aalto-Tables_shapes-sizes-surfaces.pdf (hauteur 74 cm, épaisseur de plateau), https://www.artek.fi/downloads/Aalto-Table-82-83-86-Assembly-Instructions-2554633.pdf",custom.dimensions = « L 240 × P 100 × H 74 cm »,examen détaillé
corrigé,élevé,Métachamps,ORIGIN_BIRCH_VENEER,artek-aalto-table-rectangular-86a,Table Aalto 86A 240 × 100 cm,Bouleau,,"custom.origin « Fabriqué en Finlande » et le tag made-in-finlande valent pour toutes les finitions, or Artek indique que les plateaux en placage bouleau sont fabriqués en Finlande et en Allemagne.",https://www.artek.fi/en/products/aalto-table-rectangular : « Tables with birch veneer top: Made in Finland and Germany / Tables with HPL top: Made in Finland / Tables with linoleum top: Made in Finland »,"custom.origin = « Fabriqué en Finlande (plateaux lamifié et linoléum) ; Finlande ou Allemagne (plateaux placage bouleau) »",examen détaillé
corrigé,élevé,Métachamps,NO_DIMENSIONS,artek-aalto-table-round-90a,Table Aalto 90A Ø 100 cm,,,custom.dimensions vide : aucune dimension affichée sur la fiche.,Shopify Admin (29 septembre 2026),Renseigner custom.dimensions avec les cotes Artek (voir reference-artek.csv).,contrôle automatique
corrigé,élevé,Métachamps,DIMENSIONS_VALUE,artek-aalto-table-round-90a,Table Aalto 90A Ø 100 cm,,,"custom.dimensions vide (constat auto confirmé) alors que custom.search_facts contient déjà les cotes ; la fiche publique n’affiche aucune dimension (API site : dimensions """"). Cotes Artek : Ø 100 cm, H 74 cm, plateau 4 cm, 4 pieds L.","https://www.artek.fi/en/products/aalto-table-round (dessin coté « Materials and Dimensions »), https://www.artek.fi/downloads/Artek-Aalto-Tables_shapes-sizes-surfaces.pdf (hauteur 74 cm, épaisseur de plateau), https://www.artek.fi/downloads/Aalto-Table-round-90A-User-Instruction-1845280.pdf","custom.dimensions = « Ø 100 cm, hauteur 74 cm »",examen détaillé
corrigé,élevé,Métachamps,ORIGIN_BIRCH_VENEER,artek-aalto-table-round-90a,Table Aalto 90A Ø 100 cm,Bouleau,,"custom.origin « Fabriqué en Finlande » et le tag made-in-finlande valent pour toutes les finitions, or Artek indique que les plateaux en placage bouleau sont fabriqués en Finlande et en Allemagne.",https://www.artek.fi/en/products/aalto-table-round : « Tables with birch veneer top: Made in Finland and Germany / Tables with HPL top: Made in Finland / Tables with linoleum top: Made in Finland »,"custom.origin = « Fabriqué en Finlande (plateaux lamifié et linoléum) ; Finlande ou Allemagne (plateaux placage bouleau) »",examen détaillé
à faire,élevé,Métachamps,NO_DIMENSIONS,artek-aalto-table-round-90a-60cm,Table enfant Aalto 90A Ø 100 cm H60,,,custom.dimensions vide : aucune dimension affichée sur la fiche.,Shopify Admin (29 septembre 2026),Renseigner custom.dimensions avec les cotes Artek (voir reference-artek.csv).,contrôle automatique
corrigé,élevé,Métachamps,NO_DIMENSIONS,artek-aalto-table-round-90b,Table Aalto 90B Ø 75 cm,,,custom.dimensions vide : aucune dimension affichée sur la fiche.,Shopify Admin (29 septembre 2026),Renseigner custom.dimensions avec les cotes Artek (voir reference-artek.csv).,contrôle automatique
corrigé,élevé,Métachamps,DIMENSIONS_VALUE,artek-aalto-table-round-90b,Table Aalto 90B Ø 75 cm,,,"custom.dimensions vide (constat auto confirmé) alors que custom.search_facts contient déjà les cotes ; la fiche publique n’affiche aucune dimension (API site : dimensions """"). Cotes Artek : Ø 75 cm, H 74 cm, plateau 4 cm, 3 pieds L.","https://www.artek.fi/en/products/aalto-table-round (dessin coté « Materials and Dimensions »), https://www.artek.fi/downloads/Artek-Aalto-Tables_shapes-sizes-surfaces.pdf (hauteur 74 cm, épaisseur de plateau), https://www.artek.fi/downloads/Aalto-Table-round-90B-90C-90D-Assembly-instructions-1848172.pdf","custom.dimensions = « Ø 75 cm, hauteur 74 cm »",examen détaillé
corrigé,élevé,Métachamps,ORIGIN_BIRCH_VENEER,artek-aalto-table-round-90b,Table Aalto 90B Ø 75 cm,Bouleau,,"custom.origin « Fabriqué en Finlande » et le tag made-in-finlande valent pour toutes les finitions, or Artek indique que les plateaux en placage bouleau sont fabriqués en Finlande et en Allemagne.",https://www.artek.fi/en/products/aalto-table-round : « Tables with birch veneer top: Made in Finland and Germany / Tables with HPL top: Made in Finland / Tables with linoleum top: Made in Finland »,"custom.origin = « Fabriqué en Finlande (plateaux lamifié et linoléum) ; Finlande ou Allemagne (plateaux placage bouleau) »",examen détaillé
corrigé,élevé,Métachamps,NO_DIMENSIONS,artek-aalto-table-round-91,Table Aalto 91 Ø 125 cm,,,custom.dimensions vide : aucune dimension affichée sur la fiche.,Shopify Admin (29 septembre 2026),Renseigner custom.dimensions avec les cotes Artek (voir reference-artek.csv).,contrôle automatique
corrigé,élevé,Métachamps,DIMENSIONS_VALUE,artek-aalto-table-round-91,Table Aalto 91 Ø 125 cm,,,"custom.dimensions vide (constat auto confirmé) alors que custom.search_facts contient déjà les cotes ; la fiche publique n’affiche aucune dimension (API site : dimensions """"). Cotes Artek : Ø 125 cm, H 74 cm, plateau 5 cm, 4 pieds L.","https://www.artek.fi/en/products/aalto-table-round (dessin coté « Materials and Dimensions »), https://www.artek.fi/downloads/Artek-Aalto-Tables_shapes-sizes-surfaces.pdf (hauteur 74 cm, épaisseur de plateau), https://www.artek.fi/downloads/Aalto-Table-round-91-User-Instruction-1843148.pdf","custom.dimensions = « Ø 125 cm, hauteur 74 cm »",examen détaillé
corrigé,élevé,Métachamps,ORIGIN_BIRCH_VENEER,artek-aalto-table-round-91,Table Aalto 91 Ø 125 cm,Bouleau,,"custom.origin « Fabriqué en Finlande » et le tag made-in-finlande valent pour toutes les finitions, or Artek indique que les plateaux en placage bouleau sont fabriqués en Finlande et en Allemagne.",https://www.artek.fi/en/products/aalto-table-round : « Tables with birch veneer top: Made in Finland and Germany / Tables with HPL top: Made in Finland / Tables with linoleum top: Made in Finland »,"custom.origin = « Fabriqué en Finlande (plateaux lamifié et linoléum) ; Finlande ou Allemagne (plateaux placage bouleau) »",examen détaillé
corrigé,élevé,Métachamps,NO_DIMENSIONS,artek-aalto-table-square-80c,Table Aalto 80C 60 × 60 cm,,,custom.dimensions vide : aucune dimension affichée sur la fiche.,Shopify Admin (29 septembre 2026),Renseigner custom.dimensions avec les cotes Artek (voir reference-artek.csv).,contrôle automatique
corrigé,élevé,Métachamps,DIMENSIONS_VALUE,artek-aalto-table-square-80c,Table Aalto 80C 60 × 60 cm,,,"custom.dimensions vide (constat auto confirmé) alors que custom.search_facts contient déjà les cotes ; la fiche publique n’affiche aucune dimension (API site : dimensions """"). Cotes Artek : 60 × 60 cm, H 74 cm, plateau 4 cm, 4 pieds L.","https://www.artek.fi/en/products/aalto-table-square (dessin coté « Materials and Dimensions »), https://www.artek.fi/downloads/Artek-Aalto-Tables_shapes-sizes-surfaces.pdf (hauteur 74 cm, épaisseur de plateau), https://www.artek.fi/downloads/Aalto-Table-80-81-84-Assembly-Instructions-1848278.pdf",custom.dimensions = « L 60 × P 60 × H 74 cm »,examen détaillé
corrigé,élevé,Métachamps,ORIGIN_BIRCH_VENEER,artek-aalto-table-square-80c,Table Aalto 80C 60 × 60 cm,Bouleau,,"custom.origin « Fabriqué en Finlande » et le tag made-in-finlande valent pour toutes les finitions, or Artek indique que les plateaux en placage bouleau sont fabriqués en Finlande et en Allemagne.",https://www.artek.fi/en/products/aalto-table-square : « Tables with birch veneer top: Made in Finland and Germany / Tables with HPL top: Made in Finland / Tables with linoleum top: Made in Finland »,"custom.origin = « Fabriqué en Finlande (plateaux lamifié et linoléum) ; Finlande ou Allemagne (plateaux placage bouleau) »",examen détaillé
à faire,élevé,Métachamps,NO_DIMENSIONS,artek-aalto-table-square-80c-60cm,Table enfant Aalto 80C 60 × 60 cm H60,,,custom.dimensions vide : aucune dimension affichée sur la fiche.,Shopify Admin (29 septembre 2026),Renseigner custom.dimensions avec les cotes Artek (voir reference-artek.csv).,contrôle automatique
à faire,élevé,Données fabricant,KIDS_MODEL_NOT_LISTED,artek-aalto-table-square-80c-60cm,Table enfant Aalto 80C 60 × 60 cm H60,,,"artek.fi indique que la table enfant carrée est « available in 75x75 cm » (81C) seulement ; le 80C 60 × 60 en hauteur 60 cm n'est pas publié. Les noms de fichiers « Aalto-Children_s-Table-square-80C… » laissent penser qu'il a existé.","artek.fi/en/products/aalto-childrens-table-square : « This product is available in 75x75 cm » ; dessin unique « Table 81C »","Confirmer la disponibilité auprès d'Artek ; sinon passer la fiche en brouillon.",examen détaillé
corrigé,élevé,Métachamps,NO_DIMENSIONS,artek-aalto-table-square-81c,Table Aalto 81C 75 × 75 cm,,,custom.dimensions vide : aucune dimension affichée sur la fiche.,Shopify Admin (29 septembre 2026),Renseigner custom.dimensions avec les cotes Artek (voir reference-artek.csv).,contrôle automatique
corrigé,élevé,Métachamps,DIMENSIONS_VALUE,artek-aalto-table-square-81c,Table Aalto 81C 75 × 75 cm,,,"custom.dimensions vide (constat auto confirmé) alors que custom.search_facts contient déjà les cotes ; la fiche publique n’affiche aucune dimension (API site : dimensions """"). Cotes Artek : 75 × 75 cm, H 74 cm, plateau 4 cm, 4 pieds L.","https://www.artek.fi/en/products/aalto-table-square (dessin coté « Materials and Dimensions »), https://www.artek.fi/downloads/Artek-Aalto-Tables_shapes-sizes-surfaces.pdf (hauteur 74 cm, épaisseur de plateau), https://www.artek.fi/downloads/Aalto-Table-80-81-84-Assembly-Instructions-1848278.pdf",custom.dimensions = « L 75 × P 75 × H 74 cm »,examen détaillé
corrigé,élevé,Métachamps,ORIGIN_BIRCH_VENEER,artek-aalto-table-square-81c,Table Aalto 81C 75 × 75 cm,Bouleau,,"custom.origin « Fabriqué en Finlande » et le tag made-in-finlande valent pour toutes les finitions, or Artek indique que les plateaux en placage bouleau sont fabriqués en Finlande et en Allemagne.",https://www.artek.fi/en/products/aalto-table-square : « Tables with birch veneer top: Made in Finland and Germany / Tables with HPL top: Made in Finland / Tables with linoleum top: Made in Finland »,"custom.origin = « Fabriqué en Finlande (plateaux lamifié et linoléum) ; Finlande ou Allemagne (plateaux placage bouleau) »",examen détaillé
à faire,élevé,Métachamps,NO_DIMENSIONS,artek-aalto-table-square-81c-60cm,Table enfant Aalto 81C 75 × 75 cm H60,,,custom.dimensions vide : aucune dimension affichée sur la fiche.,Shopify Admin (29 septembre 2026),Renseigner custom.dimensions avec les cotes Artek (voir reference-artek.csv).,contrôle automatique
corrigé,élevé,Métachamps,NO_DIMENSIONS,artek-aalto-table-square-84,Table Aalto 84 120 × 120 cm,,,custom.dimensions vide : aucune dimension affichée sur la fiche.,Shopify Admin (29 septembre 2026),Renseigner custom.dimensions avec les cotes Artek (voir reference-artek.csv).,contrôle automatique
corrigé,élevé,Métachamps,DIMENSIONS_VALUE,artek-aalto-table-square-84,Table Aalto 84 120 × 120 cm,,,"custom.dimensions vide (constat auto confirmé) alors que custom.search_facts contient déjà les cotes ; la fiche publique n’affiche aucune dimension (API site : dimensions """"). Cotes Artek : 120 × 120 cm, H 74 cm, plateau 4 cm, 4 pieds L.","https://www.artek.fi/en/products/aalto-table-square (dessin coté « Materials and Dimensions »), https://www.artek.fi/downloads/Artek-Aalto-Tables_shapes-sizes-surfaces.pdf (hauteur 74 cm, épaisseur de plateau), https://www.artek.fi/downloads/Aalto-Table-80-81-84-Assembly-Instructions-1848278.pdf",custom.dimensions = « L 120 × P 120 × H 74 cm »,examen détaillé
corrigé,élevé,Métachamps,ORIGIN_BIRCH_VENEER,artek-aalto-table-square-84,Table Aalto 84 120 × 120 cm,Bouleau,,"custom.origin « Fabriqué en Finlande » et le tag made-in-finlande valent pour toutes les finitions, or Artek indique que les plateaux en placage bouleau sont fabriqués en Finlande et en Allemagne.",https://www.artek.fi/en/products/aalto-table-square : « Tables with birch veneer top: Made in Finland and Germany / Tables with HPL top: Made in Finland / Tables with linoleum top: Made in Finland »,"custom.origin = « Fabriqué en Finlande (plateaux lamifié et linoléum) ; Finlande ou Allemagne (plateaux placage bouleau) »",examen détaillé
à faire,élevé,Métachamps,NO_DIMENSIONS,artek-ama500,Suspension AMA500,,,custom.dimensions vide : aucune dimension affichée sur la fiche.,Shopify Admin (29 septembre 2026),Renseigner custom.dimensions avec les cotes Artek (voir reference-artek.csv).,contrôle automatique
à faire,élevé,Classement,NO_MENU_COLLECTION,artek-architect-s-tools,Accessoire Architect's Tools,,,"Aucune catégorie du menu : le produit n'apparaît dans aucune famille ni sous-catégorie (type « Accessoire »), seulement sur la page marque et en recherche.",Shopify Admin (29 septembre 2026),Adapter le type ou la règle d’une sous-catégorie du menu (voir constat de marque COLLECTION_RULE_GAPS).,contrôle automatique
corrigé,élevé,Métachamps,NO_DIMENSIONS,artek-architect-s-tools,Accessoire Architect's Tools,,,custom.dimensions vide : aucune dimension affichée sur la fiche.,Shopify Admin (29 septembre 2026),Renseigner custom.dimensions avec les cotes Artek (voir reference-artek.csv).,contrôle automatique
corrigé,élevé,Options,OPTION_IS_PRODUCT,artek-architect-s-tools,Accessoire Architect's Tools,,,L’option « Finition » liste des produits différents : Ruler / hêtre / 20 cm | Ruler / hêtre / 30 cm | Architect's scale / aluminium / 20 cm / 1:2 / 5 - 1:5 - 1:20 - 1:50 - 1:100 | Tape measure / blanc / 3 m | Folding ruler / hêtre / laqué noir / 2 m | Level / aluminium / 40 cm.,Shopify Admin (29 septembre 2026),,contrôle automatique
corrigé,élevé,Métachamps,NO_DIMENSIONS,artek-armchair-400,Fauteuil 400 Tank,,,custom.dimensions vide : aucune dimension affichée sur la fiche.,Shopify Admin (29 septembre 2026),Renseigner custom.dimensions avec les cotes Artek (voir reference-artek.csv).,contrôle automatique
corrigé,élevé,Métachamps,NO_DIMENSIONS,artek-armchair-400,Fauteuil 400 Tank,,,Dimensions absentes (constat automatique) : valeurs Artek trouvées.,Armchair-400-Tank-Factsheet-1843580.pdf : 77 / 58 / 77 / 37 / 51 / 65,"custom.dimensions = « L 77 × P 77 × H 65 cm ; hauteur d’assise 37 cm ; hauteur des accoudoirs 51 cm »",examen détaillé
corrigé,élevé,Métachamps,NO_DIMENSIONS,artek-armchair-401,Fauteuil 401,,,custom.dimensions vide : aucune dimension affichée sur la fiche.,Shopify Admin (29 septembre 2026),Renseigner custom.dimensions avec les cotes Artek (voir reference-artek.csv).,contrôle automatique
corrigé,élevé,Métachamps,NO_DIMENSIONS,artek-armchair-401,Fauteuil 401,,,Dimensions absentes (constat automatique) : valeurs Artek trouvées.,"artek.fi, dessin coté : 62.5 / 80 / 40 / 57 / 105","custom.dimensions = « L 62,5 × P 80 × H 105 cm ; hauteur d’assise 40 cm ; hauteur des accoudoirs 57 cm »",examen détaillé
corrigé,élevé,Métachamps,NO_DIMENSIONS,artek-armchair-402,Fauteuil 402,,,custom.dimensions vide : aucune dimension affichée sur la fiche.,Shopify Admin (29 septembre 2026),Renseigner custom.dimensions avec les cotes Artek (voir reference-artek.csv).,contrôle automatique
corrigé,élevé,Métachamps,NO_DIMENSIONS,artek-armchair-402,Fauteuil 402,,,Dimensions absentes (constat automatique) : valeurs Artek trouvées.,"artek.fi, dessin coté : 61 / 70 / 42 / 57 / 76","custom.dimensions = « L 61 × P 70 × H 76 cm ; hauteur d’assise 42 cm ; hauteur des accoudoirs 57 cm »",examen détaillé
corrigé,élevé,Métachamps,NO_DIMENSIONS,artek-armchair-406,Fauteuil 406,,,custom.dimensions vide : aucune dimension affichée sur la fiche.,Shopify Admin (29 septembre 2026),Renseigner custom.dimensions avec les cotes Artek (voir reference-artek.csv).,contrôle automatique
corrigé,élevé,Métachamps,NO_DIMENSIONS,artek-armchair-406,Fauteuil 406,,,Dimensions absentes (constat automatique) : valeurs Artek trouvées.,Armchair-406-Factsheet-1845500.pdf : 87 / 57 / 41 / 60 / 72,"custom.dimensions = « L 60 × P 72 × H 87 cm ; hauteur d’assise 41 cm ; hauteur des accoudoirs 57 cm »",examen détaillé
corrigé,élevé,Métachamps,NO_DIMENSIONS,artek-armchair-42,Fauteuil 42,,,custom.dimensions vide : aucune dimension affichée sur la fiche.,Shopify Admin (29 septembre 2026),Renseigner custom.dimensions avec les cotes Artek (voir reference-artek.csv).,contrôle automatique
corrigé,élevé,Métachamps,NO_DIMENSIONS,artek-armchair-42,Fauteuil 42,,,Dimensions absentes (constat automatique) : valeurs Artek trouvées.,"artek.fi/en/products/armchair-42, dessin coté : 60 / 75 / 36 / 54 / 72 cm","custom.dimensions = « L 60 × P 75 × H 72 cm ; hauteur d’assise 36 cm ; hauteur des accoudoirs 54 cm »",examen détaillé
à faire,élevé,Métachamps,NO_DIMENSIONS,artek-aslak-chair,Chaise Aslak,,,custom.dimensions vide : aucune dimension affichée sur la fiche.,Shopify Admin (29 septembre 2026),Renseigner custom.dimensions avec les cotes Artek (voir reference-artek.csv).,contrôle automatique
corrigé,élevé,SEO,SEO_YEAR_MISMATCH,artek-aslak-chair,Chaise Aslak,,,Année SEO 1946 ≠ custom.year 1958.,Shopify Admin (29 septembre 2026),,contrôle automatique
corrigé,élevé,Tags,DECADE_MISMATCH,artek-aslak-chair,Chaise Aslak,,,Tag annees-1940 ≠ année 1958.,Shopify Admin (29 septembre 2026),,contrôle automatique
corrigé,élevé,SEO,SEO_YEAR_1958,artek-aslak-chair,Chaise Aslak,,,"La méta-description SEO date la chaise de 1946 ; Artek la date de 1958 (1946 = simple esquisse). custom.year = 1958 est juste.","artek.fi : « Ilmari Tapiovaara, 1958 » et « Sketched as early as 1946 … it wasn't manufactured until 1958 »",Méta-description : « Chaise Aslak par Ilmari Tapiovaara (1958) … ».,examen détaillé
corrigé,élevé,Tags,DECADE_1950,artek-aslak-chair,Chaise Aslak,,,Le tag annees-1940 est faux pour une chaise datée de 1958.,"artek.fi : « Ilmari Tapiovaara, 1958 »",Remplacer annees-1940 par annees-1950.,examen détaillé
à faire,élevé,Métachamps,DIMENSIONS_ARTEK,artek-aslak-chair,Chaise Aslak,,,custom.dimensions vide.,"artek.fi, schéma coté : 76 / 46 / 50 / 53 cm, « max. 4 »","custom.dimensions = « H 76 cm, hauteur d'assise 46 cm, 50 × 53 cm (L/P à confirmer) — empilable par 4 »",examen détaillé
à faire,élevé,Métachamps,NO_DIMENSIONS,artek-atelier-chair,Chaise Atelier,,,custom.dimensions vide : aucune dimension affichée sur la fiche.,Shopify Admin (29 septembre 2026),Renseigner custom.dimensions avec les cotes Artek (voir reference-artek.csv).,contrôle automatique
à faire,élevé,Métachamps,DIMENSIONS_ARTEK,artek-atelier-chair,Chaise Atelier,,,custom.dimensions vide alors qu'Artek publie les cotes.,"artek.fi/en/products/atelier-chair, schéma coté : 46 / 47 / 45,5 / 78 cm, « max. 7 »","custom.dimensions = « L 46 × P 47 × H 78 cm, hauteur d'assise 45,5 cm (L/P à confirmer) — empilable par 7 »",examen détaillé
corrigé,élevé,Métachamps,NO_DIMENSIONS,artek-bench-153a,Banc 153A,,,custom.dimensions vide : aucune dimension affichée sur la fiche.,Shopify Admin (29 septembre 2026),Renseigner custom.dimensions avec les cotes Artek (voir reference-artek.csv).,contrôle automatique
corrigé,élevé,Métachamps,DIMENSIONS_VALUE,artek-bench-153a,Banc 153A,,,Aucune dimension ni année.,"artek.fi/bench-153a : cotes 112,5 / 40 / 44,5 cm ; « Alvar Aalto, 1945 »","custom.dimensions = « L 112,5 × P 40 × H 44,5 cm » ; custom.year = 1945 ; custom.material = « Pieds : bouleau massif. Plateau à lattes : bouleau massif ; plateau plein : placage de bouleau. »",examen détaillé
corrigé,élevé,Métachamps,NO_DIMENSIONS,artek-bench-153b,Banc 153B,,,custom.dimensions vide : aucune dimension affichée sur la fiche.,Shopify Admin (29 septembre 2026),Renseigner custom.dimensions avec les cotes Artek (voir reference-artek.csv).,contrôle automatique
corrigé,élevé,Description,DESC_OTHER_EDITION,artek-bench-153b,Banc 153B,,,"La description porte entièrement sur le « banc 153B Kivet » en édition limitée Artek + Marimekko (motif Maija Isola en marqueterie), alors que les variantes vendues sont les bancs standard à lattes ou pleins.","Description : « Le banc 153B Kivet fait partie de la collection Artek + Marimekko… édition limitée… motif Kivet appliqué en marqueterie » ; variantes : Bouleau verni naturel / À lattes, Laqué noir / Massif…","Réécrire : « Dessiné par Alvar Aalto en 1945, le banc 153B est la version courte (72,5 cm) du banc à pieds en L… plateau à lattes en bouleau massif ou plateau plein plaqué bouleau, verni naturel, laqué blanc ou noir, ou bouleau sauvage. »",examen détaillé
corrigé,élevé,Photos,GALLERY_UNSOLD_EDITION,artek-bench-153b,Banc 153B,,"#2–#9, #16–#20",13 photos de galerie sur 20 montrent les éditions limitées Kivet ou Seireeni (marqueterie Marimekko). La bande d'ambiances de la fiche est donc remplie d'un produit qu'on ne peut pas commander.,"#2 ARTEK_MARIMEKKO_Bench-153B-kivet, #3, #4, #7, #16 ARTEK_MARIMEKKO_Collection…, #5 et #8 bench-153b-kivet / seireeni, #6, #9, #20 Artek-_-Marimekko_4_5_highres…, #17, #18, #19 Bench-153B-Seireeni","Retirer #2 à #9 et #16 à #20 ; ajouter des ambiances du 153B standard (artek.fi).",examen détaillé
corrigé,élevé,Métachamps,DIMENSIONS_VALUE,artek-bench-153b,Banc 153B,,,"Aucune dimension ni année ; la longueur est pourtant ce qui distingue 153A de 153B.","artek.fi/bench-153b : cotes 72,5 / 40 / 44,5 cm","custom.dimensions = « L 72,5 × P 40 × H 44,5 cm » ; custom.year = 1945 ; custom.material comme pour le 153A.",examen détaillé
corrigé,élevé,Métachamps,NO_DIMENSIONS,artek-bench-167,Banc 167,,,custom.dimensions vide : aucune dimension affichée sur la fiche.,Shopify Admin (29 septembre 2026),Renseigner custom.dimensions avec les cotes Artek (voir reference-artek.csv).,contrôle automatique
corrigé,élevé,Métachamps,DIMENSIONS_VALUE,artek-bench-167,Banc 167,,,Aucune dimension ni matière.,"artek.fi/bench-167 : cotes 180 / 60 / 45,5 cm","custom.dimensions = « L 180 × P 60 × H 45,5 cm » ; custom.material = « Pieds : bouleau massif. Assise : contreplaqué de bouleau, mousse PU, cuir Sørensen Prestige cognac. » ; custom.usage = Intérieur.",examen détaillé
corrigé,élevé,Métachamps,NO_DIMENSIONS,artek-bench-168b,Banc 168B,,,custom.dimensions vide : aucune dimension affichée sur la fiche.,Shopify Admin (29 septembre 2026),Renseigner custom.dimensions avec les cotes Artek (voir reference-artek.csv).,contrôle automatique
corrigé,élevé,Métachamps,DIMENSIONS_VALUE,artek-bench-168b,Banc 168B,,,Aucune dimension ni année.,"artek.fi : cotes 150 / 35 / 45 (plein) et 46,5 (rembourré)","custom.dimensions = « L 150 × P 35 × H 45 cm » ; custom.year = 1945 ; custom.material = « Pieds : bouleau massif. Plateau : placage de bouleau sur âme bouleau, contreplaqué et nid d'abeille. »",examen détaillé
à faire,élevé,Métachamps,NO_DIMENSIONS,artek-cabinet-250,Buffet 250,,,custom.dimensions vide : aucune dimension affichée sur la fiche.,Shopify Admin (29 septembre 2026),Renseigner custom.dimensions avec les cotes Artek (voir reference-artek.csv).,contrôle automatique
à faire,élevé,Métachamps,DIMENSIONS_VALUE,artek-cabinet-250,Buffet 250,,,Meuble à 3 001 € sans dimensions.,"artek.fi, cotes du schéma : 100, 95, 60, 40 cm",custom.dimensions = « L 100 × P 40 × H 95 cm » après vérification du schéma Artek.,examen détaillé
corrigé,élevé,Classement,NO_MENU_COLLECTION,artek-ceiling-light-a622,Plafonnier A622,,,"Aucune catégorie du menu : le produit n'apparaît dans aucune famille ni sous-catégorie (type « Plafonnier »), seulement sur la page marque et en recherche.",Shopify Admin (29 septembre 2026),Adapter le type ou la règle d’une sous-catégorie du menu (voir constat de marque COLLECTION_RULE_GAPS).,contrôle automatique
corrigé,élevé,Métachamps,NO_DIMENSIONS,artek-ceiling-light-a622,Plafonnier A622,,,custom.dimensions vide : aucune dimension affichée sur la fiche.,Shopify Admin (29 septembre 2026),Renseigner custom.dimensions avec les cotes Artek (voir reference-artek.csv).,contrôle automatique
à faire,élevé,Classement,NO_MENU_COLLECTION,artek-ceiling-light-a622,Plafonnier A622,,,Précision sur NO_MENU_COLLECTION : aucune collection automatique ne retient le type « Plafonnier » (luminaires = Lampe | Suspension | Lampadaire | Applique).,"collections.json : luminaires.ruleSet ; dossier collections = [artek, hors-promotions].","Ajouter la condition TYPE = Plafonnier à la collection luminaires (et éventuellement une sous-catégorie Plafonniers), ou classer en type « Suspension » à défaut.",examen détaillé
à faire,élevé,Métachamps,NO_DIMENSIONS,artek-chair-611,Chaise 611,,,custom.dimensions vide : aucune dimension affichée sur la fiche.,Shopify Admin (29 septembre 2026),Renseigner custom.dimensions avec les cotes Artek (voir reference-artek.csv).,contrôle automatique
à faire,élevé,Métachamps,DIMENSIONS_ARTEK,artek-chair-611,Chaise 611,,,custom.dimensions vide.,"artek.fi, schéma coté : 48,5 / 49 / 42,5 / 80 cm, « max. 5 »","custom.dimensions = « L 48,5 × P 49 × H 80 cm (L/P à confirmer), hauteur d'assise 42,5 cm »",examen détaillé
à faire,élevé,Métachamps,NO_DIMENSIONS,artek-chair-65,Chaise 65,,,custom.dimensions vide : aucune dimension affichée sur la fiche.,Shopify Admin (29 septembre 2026),Renseigner custom.dimensions avec les cotes Artek (voir reference-artek.csv).,contrôle automatique
à faire,élevé,Métachamps,DIMENSIONS_ARTEK,artek-chair-65,Chaise 65,,,custom.dimensions vide.,"artek.fi, schéma coté chair-65 : 35 / 40 / 45,5 / 66 cm","custom.dimensions = « 35 × 40 cm (L/P à confirmer), hauteur d'assise 45,5 cm, hauteur 66 cm »",examen détaillé
à faire,élevé,Métachamps,NO_DIMENSIONS,artek-chair-66,Chaise 66,,,custom.dimensions vide : aucune dimension affichée sur la fiche.,Shopify Admin (29 septembre 2026),Renseigner custom.dimensions avec les cotes Artek (voir reference-artek.csv).,contrôle automatique
à faire,élevé,Métachamps,DIMENSIONS_ARTEK,artek-chair-66,Chaise 66,,,custom.dimensions vide.,"artek.fi, schéma coté chair-66 : 39 / 42 / 45,5 / 80 cm","custom.dimensions = « 39 × 42 cm (L/P à confirmer), hauteur d'assise 45,5 cm, hauteur 80 cm (à confirmer, 78 cm selon la valeur en pouces) »",examen détaillé
à faire,élevé,Métachamps,NO_DIMENSIONS,artek-chair-68,Chaise 68,,,custom.dimensions vide : aucune dimension affichée sur la fiche.,Shopify Admin (29 septembre 2026),Renseigner custom.dimensions avec les cotes Artek (voir reference-artek.csv).,contrôle automatique
à faire,élevé,Métachamps,DIMENSIONS_ARTEK,artek-chair-68,Chaise 68,,,custom.dimensions vide.,"artek.fi, schéma coté chair-68 : 43 / 48,5 / 45,5 / 70 cm, « max. 4 »","custom.dimensions = « 43 × 48,5 cm (L/P à confirmer), hauteur d'assise 45,5 cm, hauteur 70 cm — empilable par 4 »",examen détaillé
à faire,élevé,Métachamps,NO_DIMENSIONS,artek-chair-69,Chaise 69,,,custom.dimensions vide : aucune dimension affichée sur la fiche.,Shopify Admin (29 septembre 2026),Renseigner custom.dimensions avec les cotes Artek (voir reference-artek.csv).,contrôle automatique
à faire,élevé,Métachamps,DIMENSIONS_ARTEK,artek-chair-69,Chaise 69,,,custom.dimensions vide.,"artek.fi, schéma coté chair-69 : 44 / 47 / 45,5 / 76 cm","custom.dimensions = « 44 × 47 cm (L/P à confirmer), hauteur d'assise 45,5 cm, hauteur 76 cm (74 cm selon la valeur en pouces : à confirmer) »",examen détaillé
corrigé,élevé,Métachamps,NO_DIMENSIONS,artek-childrens-chair-n65,Chaise enfant N65,,,custom.dimensions vide : aucune dimension affichée sur la fiche.,Shopify Admin (29 septembre 2026),Renseigner custom.dimensions avec les cotes Artek (voir reference-artek.csv).,contrôle automatique
corrigé,élevé,Métachamps,NO_DIMENSIONS,artek-childrens-stool-ne60,Tabouret enfant NE60,,,custom.dimensions vide : aucune dimension affichée sur la fiche.,Shopify Admin (29 septembre 2026),Renseigner custom.dimensions avec les cotes Artek (voir reference-artek.csv).,contrôle automatique
corrigé,élevé,Métachamps,NO_DIMENSIONS,artek-clothes-tree-160,Porte-manteau 160,,,custom.dimensions vide : aucune dimension affichée sur la fiche.,Shopify Admin (29 septembre 2026),Renseigner custom.dimensions avec les cotes Artek (voir reference-artek.csv).,contrôle automatique
corrigé,élevé,Métachamps,DIMENSIONS_VALUE,artek-clothes-tree-160,Porte-manteau 160,,,Aucune dimension (le « 160 » du nom n'est pas la hauteur).,artek.fi cotes 177 / 61 cm,"custom.dimensions = « H 177 cm, Ø piètement 61 cm ».",examen détaillé
à faire,élevé,Métachamps,NO_DIMENSIONS,artek-day-bed-710-back-cushions,Coussins dossier pour lit de repos 710 (Lot de 2),,,custom.dimensions vide : aucune dimension affichée sur la fiche.,Shopify Admin (29 septembre 2026),Renseigner custom.dimensions avec les cotes Artek (voir reference-artek.csv).,contrôle automatique
à faire,élevé,Photos,VARIANT_NO_IMAGE,artek-day-bed-710-back-cushions,Coussins dossier pour lit de repos 710 (Lot de 2),Sans housse,,Variante sans image : Sans housse (ART-DB710BC-27000703). La fiche affiche la photo générale d’une autre finition.,Shopify Admin (29 septembre 2026),Associer une photo de la finition exacte à la variante.,contrôle automatique
à faire,élevé,Photos,VARIANT_NO_IMAGE,artek-day-bed-710-back-cushions,Coussins dossier pour lit de repos 710 (Lot de 2),Tissu F40,,Variante sans image : Tissu F40 (ART-DB710BC-27000802-F40). La fiche affiche la photo générale d’une autre finition.,Shopify Admin (29 septembre 2026),Associer une photo de la finition exacte à la variante.,contrôle automatique
à faire,élevé,Photos,VARIANT_NO_IMAGE,artek-day-bed-710-back-cushions,Coussins dossier pour lit de repos 710 (Lot de 2),Tissu F60,,Variante sans image : Tissu F60 (ART-DB710BC-27000802-F60). La fiche affiche la photo générale d’une autre finition.,Shopify Admin (29 septembre 2026),Associer une photo de la finition exacte à la variante.,contrôle automatique
à faire,élevé,Photos,VARIANT_NO_IMAGE,artek-day-bed-710-back-cushions,Coussins dossier pour lit de repos 710 (Lot de 2),Tissu F80,,Variante sans image : Tissu F80 (ART-DB710BC-27000802-F80). La fiche affiche la photo générale d’une autre finition.,Shopify Admin (29 septembre 2026),Associer une photo de la finition exacte à la variante.,contrôle automatique
à faire,élevé,Photos,VARIANT_NO_IMAGE,artek-day-bed-710-back-cushions,Coussins dossier pour lit de repos 710 (Lot de 2),Tissu F100,,Variante sans image : Tissu F100 (ART-DB710BC-27000802-F100). La fiche affiche la photo générale d’une autre finition.,Shopify Admin (29 septembre 2026),Associer une photo de la finition exacte à la variante.,contrôle automatique
à faire,élevé,Photos,VARIANT_NO_IMAGE,artek-day-bed-710-back-cushions,Coussins dossier pour lit de repos 710 (Lot de 2),Tissu F140,,Variante sans image : Tissu F140 (ART-DB710BC-27000802-F140). La fiche affiche la photo générale d’une autre finition.,Shopify Admin (29 septembre 2026),Associer une photo de la finition exacte à la variante.,contrôle automatique
à faire,élevé,Photos,VARIANT_NO_IMAGE,artek-day-bed-710-back-cushions,Coussins dossier pour lit de repos 710 (Lot de 2),Tissu F200,,Variante sans image : Tissu F200 (ART-DB710BC-27000802-F200). La fiche affiche la photo générale d’une autre finition.,Shopify Admin (29 septembre 2026),Associer une photo de la finition exacte à la variante.,contrôle automatique
corrigé,élevé,Photos,NO_MEDIA,artek-day-bed-710-back-cushions,Coussins dossier pour lit de repos 710 (Lot de 2),,,Aucune photo.,Shopify Admin (29 septembre 2026),,contrôle automatique
"accepté : vente par classe, sur devis ou en caisse",élevé,Variantes,FABRIC_UNCHOOSABLE,artek-day-bed-710-back-cushions,Coussins dossier pour lit de repos 710 (Lot de 2),,,"« Tissu F40 » à « Tissu F200 » ne sont que des classes de prix : le client ne peut choisir ni le tissu ni la couleur (« confirmé à la commande »). La description annonce aussi du cuir (L40 à L60), qui n'existe dans aucune variante. Ce serait un constat critique si la fiche était publiée.","description : « tissu (F40 à F200) ou de cuir (L40 à L60)… confirmé à la commande » ; options : Sans housse, Tissu F40…F200","Proposer des tissus précis (ex. Kvadrat Hallingdal 65, avec couleur), ou garder la fiche hors vente. Retirer la mention du cuir, ou ajouter les variantes cuir.",examen détaillé
à faire,élevé,Classement,NO_MENU_COLLECTION,artek-day-bed-710-frame,Lit de repos 710,,,"Aucune catégorie du menu : le produit n'apparaît dans aucune famille ni sous-catégorie (type « Lit de repos »), seulement sur la page marque et en recherche.",Shopify Admin (29 septembre 2026),Adapter le type ou la règle d’une sous-catégorie du menu (voir constat de marque COLLECTION_RULE_GAPS).,contrôle automatique
à faire,élevé,Métachamps,NO_DIMENSIONS,artek-day-bed-710-frame,Lit de repos 710,,,custom.dimensions vide : aucune dimension affichée sur la fiche.,Shopify Admin (29 septembre 2026),Renseigner custom.dimensions avec les cotes Artek (voir reference-artek.csv).,contrôle automatique
corrigé,élevé,Titre,TITLE_AMBIGUOUS,artek-day-bed-710-frame,Lit de repos 710,,,"Le titre « Lit de repos 710 » ne précise pas qu'il s'agit du cadre seul (le handle dit « frame »). Sur la carte produit, 1 230 € semble être le prix du lit complet.","titre « Lit de repos 710 » ; handle artek-day-bed-710-frame",« Lit de repos 710 — cadre seul (sans matelas) ».,examen détaillé
à faire,élevé,Métachamps,DIMENSIONS,artek-day-bed-710-frame,Lit de repos 710,,,Précision sur NO_DIMENSIONS pour un meuble : les dimensions sont connues.,"dessin artek.fi/en/products/day-bed-710 : cotes 203, 92, 45, 78 ; scandinavia-design.fr : cadre 203 × 92 × H35 cm","custom.dimensions = « L 203 × P 92 × H 35 cm (cadre) ; H env. 45 cm avec matelas, 78 cm avec coussins dossier (à confirmer) ».",examen détaillé
à faire,élevé,Classement,WRONG_FAMILY,artek-day-bed-710-frame,Lit de repos 710,,,"Précision sur NO_MENU_COLLECTION : aucune collection de famille n'accepte le type « Lit de repos » (Canapés = Canapé, Banquette, Élément de canapé, Housse de canapé), et l'API du site classe le produit en « objets ».","collections.json canapes ; site.api.category = « objets »",Ajouter « Lit de repos » à la règle de la collection Canapés (ou créer une sous-catégorie Lits de repos).,examen détaillé
à faire,élevé,Classement,NO_MENU_COLLECTION,artek-day-bed-710-mattress,Matelas pour lit de repos 710,,,"Aucune catégorie du menu : le produit n'apparaît dans aucune famille ni sous-catégorie (type « Matelas »), seulement sur la page marque et en recherche.",Shopify Admin (29 septembre 2026),Adapter le type ou la règle d’une sous-catégorie du menu (voir constat de marque COLLECTION_RULE_GAPS).,contrôle automatique
à faire,élevé,Métachamps,NO_DIMENSIONS,artek-day-bed-710-mattress,Matelas pour lit de repos 710,,,custom.dimensions vide : aucune dimension affichée sur la fiche.,Shopify Admin (29 septembre 2026),Renseigner custom.dimensions avec les cotes Artek (voir reference-artek.csv).,contrôle automatique
à faire,élevé,Photos,VARIANT_NO_IMAGE,artek-day-bed-710-mattress,Matelas pour lit de repos 710,Sans housse,,Variante sans image : Sans housse (ART-DB710M-27000501). La fiche affiche la photo générale d’une autre finition.,Shopify Admin (29 septembre 2026),Associer une photo de la finition exacte à la variante.,contrôle automatique
à faire,élevé,Photos,VARIANT_NO_IMAGE,artek-day-bed-710-mattress,Matelas pour lit de repos 710,Tissu F40,,Variante sans image : Tissu F40 (ART-DB710M-27000602-F40). La fiche affiche la photo générale d’une autre finition.,Shopify Admin (29 septembre 2026),Associer une photo de la finition exacte à la variante.,contrôle automatique
à faire,élevé,Photos,VARIANT_NO_IMAGE,artek-day-bed-710-mattress,Matelas pour lit de repos 710,Tissu F60,,Variante sans image : Tissu F60 (ART-DB710M-27000602-F60). La fiche affiche la photo générale d’une autre finition.,Shopify Admin (29 septembre 2026),Associer une photo de la finition exacte à la variante.,contrôle automatique
à faire,élevé,Photos,VARIANT_NO_IMAGE,artek-day-bed-710-mattress,Matelas pour lit de repos 710,Tissu F80,,Variante sans image : Tissu F80 (ART-DB710M-27000602-F80). La fiche affiche la photo générale d’une autre finition.,Shopify Admin (29 septembre 2026),Associer une photo de la finition exacte à la variante.,contrôle automatique
à faire,élevé,Photos,VARIANT_NO_IMAGE,artek-day-bed-710-mattress,Matelas pour lit de repos 710,Tissu F100,,Variante sans image : Tissu F100 (ART-DB710M-27000602-F100). La fiche affiche la photo générale d’une autre finition.,Shopify Admin (29 septembre 2026),Associer une photo de la finition exacte à la variante.,contrôle automatique
à faire,élevé,Photos,VARIANT_NO_IMAGE,artek-day-bed-710-mattress,Matelas pour lit de repos 710,Tissu F140,,Variante sans image : Tissu F140 (ART-DB710M-27000602-F140). La fiche affiche la photo générale d’une autre finition.,Shopify Admin (29 septembre 2026),Associer une photo de la finition exacte à la variante.,contrôle automatique
à faire,élevé,Photos,VARIANT_NO_IMAGE,artek-day-bed-710-mattress,Matelas pour lit de repos 710,Tissu F200,,Variante sans image : Tissu F200 (ART-DB710M-27000602-F200). La fiche affiche la photo générale d’une autre finition.,Shopify Admin (29 septembre 2026),Associer une photo de la finition exacte à la variante.,contrôle automatique
corrigé,élevé,Photos,NO_MEDIA,artek-day-bed-710-mattress,Matelas pour lit de repos 710,,,Aucune photo.,Shopify Admin (29 septembre 2026),,contrôle automatique
corrigé,élevé,Site,REQUIRED_ACCESSORY_DRAFT,artek-day-bed-710-mattress,Matelas pour lit de repos 710,,,"Le cadre actif (artek-day-bed-710-frame) renvoie à cette fiche, qui est en brouillon. Sans matelas, le lit de repos vendu n'est pas utilisable.","status DRAFT, channels [] ; fiche du cadre : « Matelas et coussins dossier vendus séparément (fiches dédiées Mikado) »","Compléter la fiche (photos, tissus, coût) et la publier en même temps que le cadre.",examen détaillé
"accepté : vente par classe, sur devis ou en caisse",élevé,Variantes,FABRIC_UNCHOOSABLE,artek-day-bed-710-mattress,Matelas pour lit de repos 710,,,"« Tissu F40 » à « F200 » sont des classes de prix, sans tissu ni couleur (« confirmé à la commande »). La description annonce aussi du cuir L40 à L60, qu'aucune variante ne propose. Ce serait un constat critique une fois la fiche publiée.",description : « tissu (F40 à F200) ou de cuir (L40 à L60)… confirmé à la commande »,"Proposer des tissus précis (ex. Kvadrat Hallingdal 65 110 ou 750, comme chez Artek), et retirer ou ajouter le cuir.",examen détaillé
à faire,élevé,Métachamps,NO_DIMENSIONS,artek-domus-chair,Chaise Domus,,,custom.dimensions vide : aucune dimension affichée sur la fiche.,Shopify Admin (29 septembre 2026),Renseigner custom.dimensions avec les cotes Artek (voir reference-artek.csv).,contrôle automatique
à faire,élevé,Métachamps,DIMENSIONS_ARTEK,artek-domus-chair,Chaise Domus,,,custom.dimensions vide.,"artek.fi, schéma coté domus-chair : 58 / 54 / 44,5 / 66 / 79 cm, « max. 4 »","custom.dimensions = « L 58 × P 54 × H 79 cm (L/P à confirmer), assise 44,5 cm, accoudoirs 66 cm — empilable par 4 »",examen détaillé
à faire,élevé,Métachamps,NO_DIMENSIONS,artek-domus-chair-seat-and-back-upholstered,Chaise Domus assise et dossier rembourrés,,,custom.dimensions vide : aucune dimension affichée sur la fiche.,Shopify Admin (29 septembre 2026),Renseigner custom.dimensions avec les cotes Artek (voir reference-artek.csv).,contrôle automatique
à faire,élevé,Métachamps,DIMENSIONS_ARTEK,artek-domus-chair-seat-and-back-upholstered,Chaise Domus assise et dossier rembourrés,,,custom.dimensions vide.,"artek.fi, schéma coté domus-chair","custom.dimensions = « L 58 × P 54 × H 79 cm (L/P à confirmer), assise 44,5 cm, accoudoirs 66 cm »",examen détaillé
à faire,élevé,Métachamps,NO_DIMENSIONS,artek-domus-chair-seat-upholstered,Chaise Domus assise rembourrée,,,custom.dimensions vide : aucune dimension affichée sur la fiche.,Shopify Admin (29 septembre 2026),Renseigner custom.dimensions avec les cotes Artek (voir reference-artek.csv).,contrôle automatique
à faire,élevé,Métachamps,DIMENSIONS_ARTEK,artek-domus-chair-seat-upholstered,Chaise Domus assise rembourrée,,,custom.dimensions vide.,"artek.fi, schéma coté domus-chair","custom.dimensions = « L 58 × P 54 × H 79 cm (L/P à confirmer), assise 44,5 cm, accoudoirs 66 cm »",examen détaillé
corrigé,élevé,Métachamps,NO_DIMENSIONS,artek-domus-lounge-chair,Fauteuil Domus,,,custom.dimensions vide : aucune dimension affichée sur la fiche.,Shopify Admin (29 septembre 2026),Renseigner custom.dimensions avec les cotes Artek (voir reference-artek.csv).,contrôle automatique
corrigé,élevé,Métachamps,NO_DIMENSIONS,artek-domus-lounge-chair,Fauteuil Domus,,,Dimensions absentes (constat automatique) : valeurs Artek trouvées.,"artek.fi, dessin coté : 59 / 71 / 41 / 54.5 / 89","custom.dimensions = « L 59 × P 71 × H 89 cm ; hauteur d’assise 41 cm ; hauteur des accoudoirs 54,5 cm »",examen détaillé
corrigé,élevé,Métachamps,NO_DIMENSIONS,artek-domus-lounge-chair-upholstered,Fauteuil Domus rembourré,,,custom.dimensions vide : aucune dimension affichée sur la fiche.,Shopify Admin (29 septembre 2026),Renseigner custom.dimensions avec les cotes Artek (voir reference-artek.csv).,contrôle automatique
corrigé,élevé,Métachamps,NO_DIMENSIONS,artek-domus-lounge-chair-upholstered,Fauteuil Domus rembourré,,,Dimensions absentes (constat automatique) : valeurs Artek trouvées.,"artek.fi, dessin coté : 59 / 71 / 41 / 54.5 / 89","custom.dimensions = « L 59 × P 71 × H 89 cm ; hauteur d’assise 41 cm ; hauteur des accoudoirs 54,5 cm »",examen détaillé
à faire,élevé,Classement,NO_MENU_COLLECTION,artek-felt-glides,Patins feutre (Lot de 4),,,"Aucune catégorie du menu : le produit n'apparaît dans aucune famille ni sous-catégorie (type « Accessoire »), seulement sur la page marque et en recherche.",Shopify Admin (29 septembre 2026),Adapter le type ou la règle d’une sous-catégorie du menu (voir constat de marque COLLECTION_RULE_GAPS).,contrôle automatique
à faire,élevé,Métachamps,NO_DIMENSIONS,artek-felt-glides,Patins feutre (Lot de 4),,,custom.dimensions vide : aucune dimension affichée sur la fiche.,Shopify Admin (29 septembre 2026),Renseigner custom.dimensions avec les cotes Artek (voir reference-artek.csv).,contrôle automatique
retiré de la vente en ligne (arrêté chez Artek),élevé,Classement,NO_MENU_COLLECTION,artek-h55-fabric,Tissu H55 (au mètre),,,"Aucune catégorie du menu : le produit n'apparaît dans aucune famille ni sous-catégorie (type « Tissu au mètre »), seulement sur la page marque et en recherche.",Shopify Admin (29 septembre 2026),Adapter le type ou la règle d’une sous-catégorie du menu (voir constat de marque COLLECTION_RULE_GAPS).,contrôle automatique
retiré de la vente en ligne (arrêté chez Artek),élevé,Métachamps,NO_DESIGNER,artek-h55-fabric,Tissu H55 (au mètre),,,custom.designer vide : pas de créateur sur la fiche ni de lien créateur.,Shopify Admin (29 septembre 2026),Renseigner custom.designer (voir reference-artek.csv) ou laisser vide si Artek ne crédite personne.,contrôle automatique
retiré de la vente en ligne (arrêté chez Artek),élevé,Options,SINGLE_NO_CHOICE,artek-h55-fabric,Tissu H55 (au mètre),,,Variante unique « Default Title » : le client ne peut choisir ni la finition ni le revêtement qui existent chez Artek.,Shopify Admin (29 septembre 2026),,contrôle automatique
retiré de la vente en ligne (arrêté chez Artek),élevé,Données fabricant,DISCONTINUED_CHECK,artek-h55-fabric,Tissu H55 (au mètre),,,"H55 n'apparaît plus sur artek.fi (page produit redirigée) ni dans le catalogue shop.artek.fi (304 produits parcourus) : produit probablement arrêté, disponibilité à confirmer avant de le laisser en vente (délai « 3-4 semaines »).","curl https://www.artek.fi/en/products/h55-fabric → liste produits ; shop.artek.fi/products.json sans H55","Confirmer auprès d'Artek ; si arrêté, passer la fiche en brouillon ou « épuisé ».",examen détaillé
retiré de la vente en ligne (arrêté chez Artek),élevé,Métachamps,DESIGNER_VALUE,artek-h55-fabric,Tissu H55 (au mètre),,,Précision pour NO_DESIGNER / NO_YEAR : créatrice lisible sur la lisière de la photo #1.,"Photo #1 : lisière « H55 ELISSA AALTO DESIGN » ; stylepark : « Designer: Elissa Aalto, 1955 »","custom.designer « Elissa Aalto », custom.year 1955 ; tags elissa-aalto, annees-1950 ; SEO « Tissu H55 d'Elissa Aalto (1955) ».",examen détaillé
à faire,élevé,Métachamps,NO_DIMENSIONS,artek-high-chair-k65,Chaise de bar K65,,,custom.dimensions vide : aucune dimension affichée sur la fiche.,Shopify Admin (29 septembre 2026),Renseigner custom.dimensions avec les cotes Artek (voir reference-artek.csv).,contrôle automatique
à faire,élevé,Métachamps,NO_DIMENSIONS,artek-inner-cushion,Coussin de garnissage,,,custom.dimensions vide : aucune dimension affichée sur la fiche.,Shopify Admin (29 septembre 2026),Renseigner custom.dimensions avec les cotes Artek (voir reference-artek.csv).,contrôle automatique
corrigé,élevé,Métachamps,NO_DIMENSIONS,artek-kaari-bureau-mural,Étagère Kaari Bureau Mural,,,custom.dimensions vide : aucune dimension affichée sur la fiche.,Shopify Admin (29 septembre 2026),Renseigner custom.dimensions avec les cotes Artek (voir reference-artek.csv).,contrôle automatique
corrigé,élevé,Métachamps,DIMENSIONS_VALUE,artek-kaari-bureau-mural,Étagère Kaari Bureau Mural,,,Meuble à 2 114–3 309 € sans dimensions.,artek.fi cotes 100|200 / 142 / 55 / 35 / 61 cm,"custom.dimensions = « REB013 : 100 × 55 × 142 cm ; REB010 : 200 × 55 × 142 cm ».",examen détaillé
corrigé,élevé,Métachamps,NO_DIMENSIONS,artek-kaari-desk-reb005,Bureau Kaari REB005 150 × 65 cm,,,custom.dimensions vide : aucune dimension affichée sur la fiche.,Shopify Admin (29 septembre 2026),Renseigner custom.dimensions avec les cotes Artek (voir reference-artek.csv).,contrôle automatique
corrigé,élevé,Métachamps,DIMENSIONS_VALUE,artek-kaari-desk-reb005,Bureau Kaari REB005 150 × 65 cm,,,custom.dimensions vide (le titre donne 150 × 65 cm mais pas la hauteur).,https://www.artek.fi/downloads/Kaari-Collection-2021-4957224.pdf : REB005 150 / 65 / 75,custom.dimensions = « L 150 × P 65 × H 75 cm ».,examen détaillé
corrigé,élevé,Classement,NO_MENU_COLLECTION,artek-kaari-reb006,Console murale Kaari REB006,,,"Aucune catégorie du menu : le produit n'apparaît dans aucune famille ni sous-catégorie (type « Console »), seulement sur la page marque et en recherche.",Shopify Admin (29 septembre 2026),Adapter le type ou la règle d’une sous-catégorie du menu (voir constat de marque COLLECTION_RULE_GAPS).,contrôle automatique
corrigé,élevé,Métachamps,NO_DIMENSIONS,artek-kaari-reb006,Console murale Kaari REB006,,,custom.dimensions vide : aucune dimension affichée sur la fiche.,Shopify Admin (29 septembre 2026),Renseigner custom.dimensions avec les cotes Artek (voir reference-artek.csv).,contrôle automatique
corrigé,élevé,Classement,TYPE_NOT_IN_RULES,artek-kaari-reb006,Console murale Kaari REB006,,,Type « Console » repris par aucune collection : invisible dans le menu (autoFinding confirmé).,collections.json,"Type « Étagère » (etageres-et-bibliotheques) ou « Bureau » (Artek : « serves as desk, bar, or deep shelf »), ou ajouter « Console » à une règle.",examen détaillé
corrigé,élevé,Métachamps,DIMENSIONS_VALUE,artek-kaari-reb006,Console murale Kaari REB006,,,Aucune dimension.,https://www.artek.fi/downloads/Kaari-Collection-2021-4957224.pdf : « REB 006 KAARI CONSOLE 100 x 45 x 34 cm »,custom.dimensions = « L 100 × P 45 × H 34 cm ».,examen détaillé
à faire,élevé,Métachamps,NO_DIMENSIONS,artek-kaari-reb007,Étagère Kaari REB007,,,custom.dimensions vide : aucune dimension affichée sur la fiche.,Shopify Admin (29 septembre 2026),Renseigner custom.dimensions avec les cotes Artek (voir reference-artek.csv).,contrôle automatique
à faire,élevé,Métachamps,DIMENSIONS_VALUE,artek-kaari-reb007,Étagère Kaari REB007,,,Aucune dimension.,artek.fi cotes 35 / 35 / 30 cm,custom.dimensions d'après le schéma Artek (Ø 35 cm…).,examen détaillé
corrigé,élevé,Métachamps,NO_DIMENSIONS,artek-kaari-table-rectangular-reb001,Table Kaari REB001 200 × 85 cm,,,custom.dimensions vide : aucune dimension affichée sur la fiche.,Shopify Admin (29 septembre 2026),Renseigner custom.dimensions avec les cotes Artek (voir reference-artek.csv).,contrôle automatique
corrigé,élevé,Métachamps,DIMENSIONS_VALUE,artek-kaari-table-rectangular-reb001,Table Kaari REB001 200 × 85 cm,,,"custom.dimensions vide (seule la taille du plateau figure dans le titre ; hauteur 74 cm absente) ; custom.search_facts contient pourtant les cotes.",200 × 85 × 74 cm (https://www.artek.fi/downloads/Kaari-Collection-2021-4957224.pdf),custom.dimensions = « L 200 × P 85 × H 74 cm ».,examen détaillé
corrigé,élevé,Métachamps,NO_DIMENSIONS,artek-kaari-table-rectangular-reb002,Table Kaari REB002 240 × 90 cm,,,custom.dimensions vide : aucune dimension affichée sur la fiche.,Shopify Admin (29 septembre 2026),Renseigner custom.dimensions avec les cotes Artek (voir reference-artek.csv).,contrôle automatique
corrigé,élevé,Métachamps,DIMENSIONS_VALUE,artek-kaari-table-rectangular-reb002,Table Kaari REB002 240 × 90 cm,,,"custom.dimensions vide (seule la taille du plateau figure dans le titre ; hauteur 74 cm absente) ; custom.search_facts contient pourtant les cotes.",240 × 90 × 74 cm (https://www.artek.fi/downloads/Kaari-Collection-2021-4957224.pdf),custom.dimensions = « L 240 × P 90 × H 74 cm ».,examen détaillé
corrigé,élevé,Métachamps,NO_DIMENSIONS,artek-kaari-table-rectangular-reb012,Table Kaari REB012 160 × 80 cm,,,custom.dimensions vide : aucune dimension affichée sur la fiche.,Shopify Admin (29 septembre 2026),Renseigner custom.dimensions avec les cotes Artek (voir reference-artek.csv).,contrôle automatique
corrigé,élevé,Métachamps,DIMENSIONS_VALUE,artek-kaari-table-rectangular-reb012,Table Kaari REB012 160 × 80 cm,,,"custom.dimensions vide (seule la taille du plateau figure dans le titre ; hauteur 74 cm absente) ; custom.search_facts contient pourtant les cotes.",160 × 80 × 74 cm (https://www.artek.fi/downloads/Kaari-Collection-2021-4957224.pdf),custom.dimensions = « L 160 × P 80 × H 74 cm ».,examen détaillé
corrigé,élevé,Métachamps,NO_DIMENSIONS,artek-kaari-table-round-reb003,Table Kaari REB003 Ø 80 cm,,,custom.dimensions vide : aucune dimension affichée sur la fiche.,Shopify Admin (29 septembre 2026),Renseigner custom.dimensions avec les cotes Artek (voir reference-artek.csv).,contrôle automatique
corrigé,élevé,Métachamps,DIMENSIONS_VALUE,artek-kaari-table-round-reb003,Table Kaari REB003 Ø 80 cm,,,"custom.dimensions vide (seule la taille du plateau figure dans le titre ; hauteur 74 cm absente) ; custom.search_facts contient pourtant les cotes.",Ø 80 × H 74 cm (https://www.artek.fi/downloads/Kaari-Collection-2021-4957224.pdf),custom.dimensions = « Ø 80 × H 74 cm ».,examen détaillé
corrigé,élevé,Métachamps,NO_DIMENSIONS,artek-kaari-table-round-reb004,Table Kaari REB004 Ø 110 cm,,,custom.dimensions vide : aucune dimension affichée sur la fiche.,Shopify Admin (29 septembre 2026),Renseigner custom.dimensions avec les cotes Artek (voir reference-artek.csv).,contrôle automatique
corrigé,élevé,Métachamps,DIMENSIONS_VALUE,artek-kaari-table-round-reb004,Table Kaari REB004 Ø 110 cm,,,"custom.dimensions vide (seule la taille du plateau figure dans le titre ; hauteur 74 cm absente) ; custom.search_facts contient pourtant les cotes.",Ø 110 × H 74 cm (https://www.artek.fi/downloads/Kaari-Collection-2021-4957224.pdf),custom.dimensions = « Ø 110 × H 74 cm ».,examen détaillé
corrigé,élevé,Métachamps,NO_DIMENSIONS,artek-kaari-table-square-reb011,Table Kaari REB011 75 × 75 cm,,,custom.dimensions vide : aucune dimension affichée sur la fiche.,Shopify Admin (29 septembre 2026),Renseigner custom.dimensions avec les cotes Artek (voir reference-artek.csv).,contrôle automatique
corrigé,élevé,Métachamps,DIMENSIONS_VALUE,artek-kaari-table-square-reb011,Table Kaari REB011 75 × 75 cm,,,"custom.dimensions vide (seule la taille du plateau figure dans le titre ; hauteur 74 cm absente) ; custom.search_facts contient pourtant les cotes.",75 × 75 × 74 cm (https://www.artek.fi/downloads/Kaari-Collection-2021-4957224.pdf),custom.dimensions = « 75 × 75 × H 74 cm ».,examen détaillé
corrigé,élevé,Métachamps,NO_DIMENSIONS,artek-kaari-wall-hook,Patère murale Kaari,,,custom.dimensions vide : aucune dimension affichée sur la fiche.,Shopify Admin (29 septembre 2026),Renseigner custom.dimensions avec les cotes Artek (voir reference-artek.csv).,contrôle automatique
corrigé,élevé,Logistique,WEIGHT_ABSURD,artek-kaari-wall-hook,Patère murale Kaari,Laqué noir,,Poids d'expédition de 3 g : Laqué noir (ART-KWH-28503650) (probablement 3 kg saisi en grammes).,Shopify Admin (29 septembre 2026),"Corriger le poids (kg, pas g).",contrôle automatique
corrigé,élevé,Métachamps,DIMENSIONS_VALUE,artek-kaari-wall-hook,Patère murale Kaari,,,Aucune dimension.,"artek.fi cotes 32,5 / 11 / 7,5 cm","custom.dimensions = « H 32,5 × L 11 × P 7,5 cm ».",examen détaillé
corrigé,élevé,Classement,NO_MENU_COLLECTION,artek-kaari-wall-shelf,Étagère murale Kaari,,,"Aucune catégorie du menu : le produit n'apparaît dans aucune famille ni sous-catégorie (type « Étagère murale »), seulement sur la page marque et en recherche.",Shopify Admin (29 septembre 2026),Adapter le type ou la règle d’une sous-catégorie du menu (voir constat de marque COLLECTION_RULE_GAPS).,contrôle automatique
à faire,élevé,Métachamps,NO_DIMENSIONS,artek-kaari-wall-shelf,Étagère murale Kaari,,,custom.dimensions vide : aucune dimension affichée sur la fiche.,Shopify Admin (29 septembre 2026),Renseigner custom.dimensions avec les cotes Artek (voir reference-artek.csv).,contrôle automatique
corrigé,élevé,Variantes,LABEL_MISLEADING,artek-kaari-wall-shelf,Étagère murale Kaari,100 x 35 cm,#3,"« 100 x 35 cm » décrit une tablette ; le produit REB009 est une colonne de 5 tablettes de 188 cm de haut : le client ne peut pas deviner la hauteur ni le nombre de tablettes.","https://www.artek.fi/downloads/Kaari-Collection-2021-4957224.pdf : « REB 009 KAARI SHELF 100 x 35 x 188 cm » ; #3 montre 5 tablettes","« REB009 — L 100 × H 188 cm (5 tablettes) » ; option « Modèle ».",examen détaillé
corrigé,élevé,Variantes,LABEL_MISLEADING,artek-kaari-wall-shelf,Étagère murale Kaari,200 x 35 cm,#1,"Idem : REB008 = 3 tablettes, 113 cm de haut.",https://www.artek.fi/downloads/Kaari-Collection-2021-4957224.pdf : « REB 008 KAARI SHELF 200 x 35 x 113 cm »,« REB008 — L 200 × H 113 cm (3 tablettes) ».,examen détaillé
corrigé,élevé,Classement,TYPE_NOT_IN_RULES,artek-kaari-wall-shelf,Étagère murale Kaari,,,"Type « Étagère murale » absent des règles : produit hors menu (autoFinding confirmé) ; même cause que l'étagère 112.",collections.json etageres-et-bibliotheques,Type « Étagère » ou ajout de « Étagère murale » à la règle.,examen détaillé
corrigé,élevé,Métachamps,NO_DIMENSIONS,artek-kanto,Étagère Kanto,,,custom.dimensions vide : aucune dimension affichée sur la fiche.,Shopify Admin (29 septembre 2026),Renseigner custom.dimensions avec les cotes Artek (voir reference-artek.csv).,contrôle automatique
corrigé,élevé,Titre,WRONG_PRODUCT_NATURE,artek-kanto,Étagère Kanto,,,« Étagère Kanto » est trompeur : c'est un porte-revues / porte-bûches (la description le dit).,"artek.fi : « Kanto Magazine-/Firewood Rack PN001 » ; description Mikado « range-revues et porte-bûches »","Titre « Porte-revues et porte-bûches Kanto PN001 » ; SEO idem.",examen détaillé
corrigé,élevé,Métachamps,DIMENSIONS_VALUE,artek-kanto,Étagère Kanto,,,Aucune dimension.,"Factsheet https://www.artek.fi/downloads/Kanto-Magazine-Firewood-Rack-PN001-Factsheet-1841879.pdf : 34 × 28,3 × 56,5","custom.dimensions = « L 34 × P 28,3 × H 56,5 cm ».",examen détaillé
corrigé,élevé,Métachamps,NO_DIMENSIONS,artek-karuselli-lounge-chair,Fauteuil Karuselli,,,custom.dimensions vide : aucune dimension affichée sur la fiche.,Shopify Admin (29 septembre 2026),Renseigner custom.dimensions avec les cotes Artek (voir reference-artek.csv).,contrôle automatique
corrigé,élevé,Options,SINGLE_NO_CHOICE,artek-karuselli-lounge-chair,Fauteuil Karuselli,,,Variante unique « Default Title » : le client ne peut choisir ni la finition ni le revêtement qui existent chez Artek.,Shopify Admin (29 septembre 2026),,contrôle automatique
corrigé,élevé,Variantes,SINGLE_VARIANT_UNQUALIFIED,artek-karuselli-lounge-chair,Fauteuil Karuselli,,,"Précision sur le constat automatique SINGLE_NO_CHOICE : toutes les photos (#1 à #3) montrent la version cuir noir, coque et piètement blancs, bras chromé. Ni le titre, ni la variante « Default Title », ni la description ne le disent. Artek propose aussi le cuir blanc et tout le nuancier Sörensen Prestige.","#1 packshot cuir noir ; #2 et #3 Karuselli-Lounge-Chair-black-leather ; artek.fi : 2 variantes (cuir noir, cuir blanc)","Créer l’option « Revêtement » = « Cuir noir » (et « Cuir blanc » si proposé) avec l’alt correspondant, ou au minimum écrire « cuir noir, coque blanche » dans le titre de la variante et la description.",examen détaillé
corrigé,élevé,Métachamps,NO_DIMENSIONS,artek-karuselli-lounge-chair,Fauteuil Karuselli,,,Dimensions absentes (constat automatique) : valeurs Artek trouvées.,"Karuselli-Lounge-Chair-Factsheet-1843856.pdf : 80 / 97,5 / 92 / 37","custom.dimensions = « L 80 × P 97,5 × H 92 cm ; hauteur d’assise 37 cm »",examen détaillé
à faire,élevé,Métachamps,NO_DIMENSIONS,artek-karuselli-ottoman,Repose-pieds Karuselli,,,custom.dimensions vide : aucune dimension affichée sur la fiche.,Shopify Admin (29 septembre 2026),Renseigner custom.dimensions avec les cotes Artek (voir reference-artek.csv).,contrôle automatique
corrigé,élevé,Options,SINGLE_NO_CHOICE,artek-karuselli-ottoman,Repose-pieds Karuselli,,,Variante unique « Default Title » : le client ne peut choisir ni la finition ni le revêtement qui existent chez Artek.,Shopify Admin (29 septembre 2026),,contrôle automatique
corrigé,élevé,Variantes,SINGLE_VARIANT_UNQUALIFIED,artek-karuselli-ottoman,Repose-pieds Karuselli,,,"Précision sur SINGLE_NO_CHOICE : les photos montrent un cuir noir, mais la variante « Default Title » ne le dit pas. Artek propose noir, blanc et rouge.","#1, #2 packshots cuir noir ; artek.fi : 3 variantes","Option « Revêtement » = « Cuir noir » (+ autres coloris proposés), avec l’alt de #1 adapté.",examen détaillé
à faire,élevé,Métachamps,NO_DIMENSIONS,artek-karuselli-ottoman,Repose-pieds Karuselli,,,Dimensions absentes (constat automatique) : valeurs Artek trouvées.,"Karuselli Factsheet : 53,5 / 38","custom.dimensions = « L 53,5 × H 38 cm » (profondeur à confirmer auprès d’Artek)",examen détaillé
corrigé,élevé,Métachamps,NO_DIMENSIONS,artek-kiila-coat-stand,Porte-manteau Kiila,,,custom.dimensions vide : aucune dimension affichée sur la fiche.,Shopify Admin (29 septembre 2026),Renseigner custom.dimensions avec les cotes Artek (voir reference-artek.csv).,contrôle automatique
corrigé,élevé,Métachamps,DIMENSIONS_VALUE,artek-kiila-coat-stand,Porte-manteau Kiila,,,Aucune dimension.,artek.fi cotes 192 / 54 / 48 cm,"custom.dimensions = « H 192 cm, emprise 54 × 48 cm ».",examen détaillé
corrigé,élevé,Métachamps,NO_DIMENSIONS,artek-kiki-bench-1-seater,Banc Kiki 1 place,,,custom.dimensions vide : aucune dimension affichée sur la fiche.,Shopify Admin (29 septembre 2026),Renseigner custom.dimensions avec les cotes Artek (voir reference-artek.csv).,contrôle automatique
"accepté : vente par classe, sur devis ou en caisse",élevé,Photos,CLASS_PHOTO_SPECIFIC_COLOUR,artek-kiki-bench-1-seater,Banc Kiki 1 place,,"#1, #3","Les photos de variantes montrent des coloris précis (tissu : #1 packshot 485×485, tissu gris ; cuir : indian red (#3)) pour des classes de prix entières. Le client choisit « Cuir L60 » et voit un cuir indian red qu'il ne recevra pas forcément.","#3 Kiki-Bench-1-Seater-Seat-leather-upholstery-indian-red (lié à Cuir L40 et Cuir L60) ; #1 packshot 485×485, tissu gris (lié aux 6 classes tissu)","Ajouter un alt « Exemple de revêtement : … » et un avertissement visible sous le sélecteur, ou montrer un nuancier par classe.",examen détaillé
corrigé,élevé,Métachamps,DIMENSIONS_VALUE,artek-kiki-bench-1-seater,Banc Kiki 1 place,,,"Aucune dimension, aucune matière, aucun usage.","artek.fi/kiki-bench : cotes 60 / 54 / 39 cm ; revendeurs : largeur × profondeur 54 × hauteur 39","custom.dimensions = « L 60 × P 54 × H 39 cm » ; custom.material = « Structure : tube d'acier ovale thermolaqué noir. Assise : mousse PU et ouate polyester, tissu ou cuir. » ; custom.usage = Intérieur ; custom.country_of_origin = Hongrie ; custom.origin = « Fabriqué en Hongrie ».",examen détaillé
corrigé,élevé,Métachamps,NO_DIMENSIONS,artek-kiki-bench-2-seater,Banc Kiki 2 places,,,custom.dimensions vide : aucune dimension affichée sur la fiche.,Shopify Admin (29 septembre 2026),Renseigner custom.dimensions avec les cotes Artek (voir reference-artek.csv).,contrôle automatique
"accepté : vente par classe, sur devis ou en caisse",élevé,Photos,CLASS_PHOTO_SPECIFIC_COLOUR,artek-kiki-bench-2-seater,Banc Kiki 2 places,,"#1, #2","Les photos de variantes montrent des coloris précis (tissu : #1 packshot, tissu crème ; cuir : mocca (#2)) pour des classes de prix entières. Le client choisit « Cuir L60 » et voit un cuir mocca qu'il ne recevra pas forcément.","#2 Kiki-Bench-Seater-Seat-leather-upholstery-mocca (lié à Cuir L40 et Cuir L60) ; #1 packshot, tissu crème (lié aux 6 classes tissu)","Ajouter un alt « Exemple de revêtement : … » et un avertissement visible sous le sélecteur, ou montrer un nuancier par classe.",examen détaillé
corrigé,élevé,Métachamps,DIMENSIONS_VALUE,artek-kiki-bench-2-seater,Banc Kiki 2 places,,,"Aucune dimension, aucune matière, aucun usage.","artek.fi/kiki-bench : cotes 116 / 54 / 39 cm ; revendeurs : largeur × profondeur 54 × hauteur 39","custom.dimensions = « L 116 × P 54 × H 39 cm » ; custom.material = « Structure : tube d'acier ovale thermolaqué noir. Assise : mousse PU et ouate polyester, tissu ou cuir. » ; custom.usage = Intérieur ; custom.country_of_origin = Hongrie ; custom.origin = « Fabriqué en Hongrie ».",examen détaillé
corrigé,élevé,Métachamps,NO_DIMENSIONS,artek-kiki-bench-3-seater,Banc Kiki 3 places,,,custom.dimensions vide : aucune dimension affichée sur la fiche.,Shopify Admin (29 septembre 2026),Renseigner custom.dimensions avec les cotes Artek (voir reference-artek.csv).,contrôle automatique
"accepté : vente par classe, sur devis ou en caisse",élevé,Photos,CLASS_PHOTO_SPECIFIC_COLOUR,artek-kiki-bench-3-seater,Banc Kiki 3 places,,"#1, #2","Les photos de variantes montrent des coloris précis (tissu : #1 packshot, assise noire ; cuir : walnut (#2)) pour des classes de prix entières. Le client choisit « Cuir L60 » et voit un cuir walnut qu'il ne recevra pas forcément.","#2 Kiki-Bench-3-Seater-leather_sorensen_walnut (lié à Cuir L40 et Cuir L60) ; #1 packshot, assise noire (lié aux 6 classes tissu)","Ajouter un alt « Exemple de revêtement : … » et un avertissement visible sous le sélecteur, ou montrer un nuancier par classe.",examen détaillé
corrigé,élevé,Métachamps,DIMENSIONS_VALUE,artek-kiki-bench-3-seater,Banc Kiki 3 places,,,"Aucune dimension, aucune matière, aucun usage.","artek.fi/kiki-bench : cotes 173 / 54 / 39 cm ; revendeurs : largeur × profondeur 54 × hauteur 39","custom.dimensions = « L 173 × P 54 × H 39 cm » ; custom.material = « Structure : tube d'acier ovale thermolaqué noir. Assise : mousse PU et ouate polyester, tissu ou cuir. » ; custom.usage = Intérieur ; custom.country_of_origin = Hongrie ; custom.origin = « Fabriqué en Hongrie ».",examen détaillé
corrigé,élevé,Métachamps,NO_DIMENSIONS,artek-kiki-lounge-chair,Fauteuil Kiki,,,custom.dimensions vide : aucune dimension affichée sur la fiche.,Shopify Admin (29 septembre 2026),Renseigner custom.dimensions avec les cotes Artek (voir reference-artek.csv).,contrôle automatique
corrigé,élevé,Métachamps,NO_DIMENSIONS,artek-kiki-lounge-chair,Fauteuil Kiki,,,Dimensions absentes (constat automatique) : valeurs Artek trouvées.,"artek.fi, dessin coté : 60 / 75 / 39 / 68","custom.dimensions = « L 60 × P 75 × H 68 cm ; hauteur d’assise 39 cm »",examen détaillé
corrigé,élevé,Métachamps,NO_DIMENSIONS,artek-kiki-sofa-2-seater,Canapé Kiki 2 places,,,custom.dimensions vide : aucune dimension affichée sur la fiche.,Shopify Admin (29 septembre 2026),Renseigner custom.dimensions avec les cotes Artek (voir reference-artek.csv).,contrôle automatique
corrigé,élevé,Métachamps,NO_DIMENSIONS,artek-kiki-sofa-2-seater,Canapé Kiki 2 places,,,Dimensions absentes (constat automatique) : valeurs Artek trouvées.,"artek.fi, dessin coté Kiki Sofa 2-seater : 116 / 75 / 39 / 68","custom.dimensions = « L 116 × P 75 × H 68 cm ; hauteur d’assise 39 cm »",examen détaillé
corrigé,élevé,Métachamps,NO_DIMENSIONS,artek-kiki-sofa-3-seater,Canapé Kiki 3 places,,,custom.dimensions vide : aucune dimension affichée sur la fiche.,Shopify Admin (29 septembre 2026),Renseigner custom.dimensions avec les cotes Artek (voir reference-artek.csv).,contrôle automatique
corrigé,élevé,Métachamps,NO_DIMENSIONS,artek-kiki-sofa-3-seater,Canapé Kiki 3 places,,,Dimensions absentes (constat automatique) : valeurs Artek trouvées.,"artek.fi, dessin coté Kiki Sofa 3-seater : 173 / 75 / 39 / 68","custom.dimensions = « L 173 × P 75 × H 68 cm ; hauteur d’assise 39 cm »",examen détaillé
à faire,élevé,Métachamps,NO_DIMENSIONS,artek-kori-floor-light-eu,Lampadaire Kori,,,custom.dimensions vide : aucune dimension affichée sur la fiche.,Shopify Admin (29 septembre 2026),Renseigner custom.dimensions avec les cotes Artek (voir reference-artek.csv).,contrôle automatique
corrigé,élevé,Métachamps,NO_DIMENSIONS,artek-kori-pendant-light-eu,Suspension Kori,,,custom.dimensions vide : aucune dimension affichée sur la fiche.,Shopify Admin (29 septembre 2026),Renseigner custom.dimensions avec les cotes Artek (voir reference-artek.csv).,contrôle automatique
corrigé,élevé,Métachamps,NO_DIMENSIONS,artek-kori-pendant-light-with-disc-shade-eu,Suspension Kori Disc,,,custom.dimensions vide : aucune dimension affichée sur la fiche.,Shopify Admin (29 septembre 2026),Renseigner custom.dimensions avec les cotes Artek (voir reference-artek.csv).,contrôle automatique
corrigé,élevé,Métachamps,NO_DIMENSIONS,artek-kori-pendant-light-with-dune-shade-eu,Suspension Kori Dune,,,custom.dimensions vide : aucune dimension affichée sur la fiche.,Shopify Admin (29 septembre 2026),Renseigner custom.dimensions avec les cotes Artek (voir reference-artek.csv).,contrôle automatique
à faire,élevé,Métachamps,NO_DIMENSIONS,artek-kori-table-light-eu,Lampe de table Kori,,,custom.dimensions vide : aucune dimension affichée sur la fiche.,Shopify Admin (29 septembre 2026),Renseigner custom.dimensions avec les cotes Artek (voir reference-artek.csv).,contrôle automatique
corrigé,élevé,Métachamps,NO_DIMENSIONS,artek-lounge-chair-43,Fauteuil 43,,,custom.dimensions vide : aucune dimension affichée sur la fiche.,Shopify Admin (29 septembre 2026),Renseigner custom.dimensions avec les cotes Artek (voir reference-artek.csv).,contrôle automatique
corrigé,élevé,Métachamps,NO_DIMENSIONS,artek-lounge-chair-43,Fauteuil 43,,,Dimensions absentes (constat automatique) : valeurs Artek trouvées.,"artek.fi/en/products/lounge-chair-43, dessin coté : 61 / 164 / 41 / 52 / 70 cm","custom.dimensions = « L 61 × P 164 × H 70 cm ; hauteur des accoudoirs 52 cm » (+ hauteur d’assise 41 cm après vérification sur le dessin)",examen détaillé
à faire,élevé,Métachamps,NO_DIMENSIONS,artek-lukki-chair,Chaise Lukki,,,custom.dimensions vide : aucune dimension affichée sur la fiche.,Shopify Admin (29 septembre 2026),Renseigner custom.dimensions avec les cotes Artek (voir reference-artek.csv).,contrôle automatique
à faire,élevé,Métachamps,DIMENSIONS_ARTEK,artek-lukki-chair,Chaise Lukki,,,custom.dimensions vide.,"artek.fi, schéma coté : 56 / 51 / 43 / 66,5 / 74 cm, « max. 4 »","custom.dimensions = « L 56 × P 51 × H 74 cm (L/P à confirmer), assise 43 cm, accoudoirs 66,5 cm — empilable par 4 »",examen détaillé
corrigé,élevé,Métachamps,NO_DIMENSIONS,artek-mademoiselle-lounge-chair,Fauteuil Mademoiselle,,,custom.dimensions vide : aucune dimension affichée sur la fiche.,Shopify Admin (29 septembre 2026),Renseigner custom.dimensions avec les cotes Artek (voir reference-artek.csv).,contrôle automatique
corrigé,élevé,Métachamps,NO_DIMENSIONS,artek-mademoiselle-lounge-chair,Fauteuil Mademoiselle,,,Dimensions absentes (constat automatique) : valeurs Artek trouvées.,"artek.fi, dessin coté : 55 / 66 / 41 / 94","custom.dimensions = « L 55 × P 66 × H 94 cm ; hauteur d’assise 41 cm »",examen détaillé
corrigé,élevé,Métachamps,NO_DIMENSIONS,artek-mademoiselle-rocking-chair,Fauteuil à bascule Mademoiselle,,,custom.dimensions vide : aucune dimension affichée sur la fiche.,Shopify Admin (29 septembre 2026),Renseigner custom.dimensions avec les cotes Artek (voir reference-artek.csv).,contrôle automatique
corrigé,élevé,Métachamps,NO_DIMENSIONS,artek-mademoiselle-rocking-chair,Fauteuil à bascule Mademoiselle,,,Dimensions absentes (constat automatique) : valeurs Artek trouvées.,"artek.fi, dessin coté : 55 / 91 / 45 / 97","custom.dimensions = « L 55 × P 91 × H 97 cm ; hauteur d’assise 45 cm »",examen détaillé
à faire,élevé,Classement,NO_MENU_COLLECTION,artek-postcards,Accessoire Postcards,,,"Aucune catégorie du menu : le produit n'apparaît dans aucune famille ni sous-catégorie (type « Accessoire »), seulement sur la page marque et en recherche.",Shopify Admin (29 septembre 2026),Adapter le type ou la règle d’une sous-catégorie du menu (voir constat de marque COLLECTION_RULE_GAPS).,contrôle automatique
corrigé,élevé,Métachamps,NO_DIMENSIONS,artek-postcards,Accessoire Postcards,,,custom.dimensions vide : aucune dimension affichée sur la fiche.,Shopify Admin (29 septembre 2026),Renseigner custom.dimensions avec les cotes Artek (voir reference-artek.csv).,contrôle automatique
corrigé,élevé,Options,OPTION_IS_PRODUCT,artek-postcards,Accessoire Postcards,,,L’option « Finition » liste des produits différents : Icon postcards | Outline postcards.,Shopify Admin (29 septembre 2026),,contrôle automatique
corrigé,élevé,Description,DESC_WRONG_FOR_VARIANT,artek-postcards,Accessoire Postcards,Icon postcards,#2,"La description et le SEO annoncent « trois cartes postales » dessinées par TSTO. Or la variante « Icon postcards » (20 €) est un lot de CINQ cartes du studio Greige : Paimio, Kiki, 10-Unit System, Beehive, Stool 60. Le client qui choisit Icons lit un contenu et un créateur faux.","description : « Le lot comprend trois cartes postales… TSTO » ; artek.fi/en/products/artek-icons-postcards-greige : « Set of five postcards… Greige… A6 » ; photo #2 : 5 cartes","Scinder en deux fiches : « Cartes postales Icons (lot de 5) — Greige » et « Cartes postales Outline (lot de 3) — TSTO ». À défaut, décrire les deux lots et indiquer le nombre de cartes dans le libellé des variantes.",examen détaillé
à faire,élevé,Métachamps,NO_DIMENSIONS,artek-rival-chair-kg002,Chaise de bureau Rival KG002,,,custom.dimensions vide : aucune dimension affichée sur la fiche.,Shopify Admin (29 septembre 2026),Renseigner custom.dimensions avec les cotes Artek (voir reference-artek.csv).,contrôle automatique
à faire,élevé,Métachamps,DIMENSIONS_ARTEK,artek-rival-chair-kg002,Chaise de bureau Rival KG002,,,custom.dimensions vide.,"artek.fi, schéma coté rival-chair : 59 / 52 / 46 / 78 cm","custom.dimensions = « L 59 × P 52 × H 78 cm (L/P à confirmer), hauteur d'assise 46 cm, assise pivotante »",examen détaillé
à faire,élevé,Classement,NO_MENU_COLLECTION,artek-rivi-canvas-bag,Sac en toile Rivi,,,"Aucune catégorie du menu : le produit n'apparaît dans aucune famille ni sous-catégorie (type « Sac »), seulement sur la page marque et en recherche.",Shopify Admin (29 septembre 2026),Adapter le type ou la règle d’une sous-catégorie du menu (voir constat de marque COLLECTION_RULE_GAPS).,contrôle automatique
corrigé,élevé,Métachamps,NO_DESIGNER,artek-rivi-canvas-bag,Sac en toile Rivi,,,custom.designer vide : pas de créateur sur la fiche ni de lien créateur.,Shopify Admin (29 septembre 2026),Renseigner custom.designer (voir reference-artek.csv) ou laisser vide si Artek ne crédite personne.,contrôle automatique
corrigé,élevé,Classement,NO_MENU_COLLECTION,artek-rivi-cushion-cover,Housse de coussin Rivi,,,"Aucune catégorie du menu : le produit n'apparaît dans aucune famille ni sous-catégorie (type « Housse de coussin »), seulement sur la page marque et en recherche.",Shopify Admin (29 septembre 2026),Adapter le type ou la règle d’une sous-catégorie du menu (voir constat de marque COLLECTION_RULE_GAPS).,contrôle automatique
corrigé,élevé,Métachamps,NO_DESIGNER,artek-rivi-cushion-cover,Housse de coussin Rivi,,,custom.designer vide : pas de créateur sur la fiche ni de lien créateur.,Shopify Admin (29 septembre 2026),Renseigner custom.designer (voir reference-artek.csv) ou laisser vide si Artek ne crédite personne.,contrôle automatique
à faire,élevé,Métachamps,NO_DIMENSIONS,artek-rivi-cushion-cover,Housse de coussin Rivi,,,custom.dimensions vide : aucune dimension affichée sur la fiche.,Shopify Admin (29 septembre 2026),Renseigner custom.dimensions avec les cotes Artek (voir reference-artek.csv).,contrôle automatique
à faire,élevé,Classement,MENU_TARGET,artek-rivi-cushion-cover,Housse de coussin Rivi,,,"Le type « Housse de coussin » n'est capté par aucune règle ; la sous-catégorie adaptée existe : coussins-plaids-tapis (types Coussin/Tapis/Couvre-lit/Plaid).","collections.json règle coussins-plaids-tapis ; server.js CATEGORY_FILTERS['coussins-plaids-tapis']","Ajouter « Housse de coussin » aux règles de coussins-plaids-tapis et decoration (collection Shopify + CATEGORY_FILTERS), ou passer le type à « Coussin ».",examen détaillé
à faire,élevé,Classement,NO_MENU_COLLECTION,artek-rivi-fabric,Tissu Rivi (au mètre),,,"Aucune catégorie du menu : le produit n'apparaît dans aucune famille ni sous-catégorie (type « Tissu au mètre »), seulement sur la page marque et en recherche.",Shopify Admin (29 septembre 2026),Adapter le type ou la règle d’une sous-catégorie du menu (voir constat de marque COLLECTION_RULE_GAPS).,contrôle automatique
à faire,élevé,Classement,NO_MENU_COLLECTION,artek-rivi-pouch,Pochette Rivi,,,"Aucune catégorie du menu : le produit n'apparaît dans aucune famille ni sous-catégorie (type « Pochette »), seulement sur la page marque et en recherche.",Shopify Admin (29 septembre 2026),Adapter le type ou la règle d’une sous-catégorie du menu (voir constat de marque COLLECTION_RULE_GAPS).,contrôle automatique
corrigé,élevé,Métachamps,NO_DESIGNER,artek-rivi-pouch,Pochette Rivi,,,custom.designer vide : pas de créateur sur la fiche ni de lien créateur.,Shopify Admin (29 septembre 2026),Renseigner custom.designer (voir reference-artek.csv) ou laisser vide si Artek ne crédite personne.,contrôle automatique
à faire,élevé,Classement,NO_MENU_COLLECTION,artek-rivi-pre-cut-fabric,Coupon de tissu Rivi (150 × 300 cm),,,"Aucune catégorie du menu : le produit n'apparaît dans aucune famille ni sous-catégorie (type « Coupon de tissu »), seulement sur la page marque et en recherche.",Shopify Admin (29 septembre 2026),Adapter le type ou la règle d’une sous-catégorie du menu (voir constat de marque COLLECTION_RULE_GAPS).,contrôle automatique
corrigé,élevé,Métachamps,NO_DESIGNER,artek-rivi-tray,Plateau Rivi,,,custom.designer vide : pas de créateur sur la fiche ni de lien créateur.,Shopify Admin (29 septembre 2026),Renseigner custom.designer (voir reference-artek.csv) ou laisser vide si Artek ne crédite personne.,contrôle automatique
corrigé,élevé,Métachamps,NO_DIMENSIONS,artek-rivi-tray,Plateau Rivi,,,custom.dimensions vide : aucune dimension affichée sur la fiche.,Shopify Admin (29 septembre 2026),Renseigner custom.dimensions avec les cotes Artek (voir reference-artek.csv).,contrôle automatique
corrigé,élevé,Métachamps,NO_DIMENSIONS,artek-rocket-bar-stool,Tabouret de bar Rocket,,,custom.dimensions vide : aucune dimension affichée sur la fiche.,Shopify Admin (29 septembre 2026),Renseigner custom.dimensions avec les cotes Artek (voir reference-artek.csv).,contrôle automatique
corrigé,élevé,Logistique,WEIGHT_ABSURD,artek-rocket-bar-stool,Tabouret de bar Rocket,Laqué blanc,,Poids d'expédition de 3 g : Laqué blanc (ART-RBS-28000704) (probablement 3 kg saisi en grammes).,Shopify Admin (29 septembre 2026),"Corriger le poids (kg, pas g).",contrôle automatique
à faire,élevé,Métachamps,NO_DIMENSIONS,artek-rope-chair,Chaise Rope,,,custom.dimensions vide : aucune dimension affichée sur la fiche.,Shopify Admin (29 septembre 2026),Renseigner custom.dimensions avec les cotes Artek (voir reference-artek.csv).,contrôle automatique
à faire,élevé,Photos,SHARED_VARIANT_IMAGE,artek-rope-chair,Chaise Rope,,,Une même photo (packshot-4742cb2a56d31d9b327b23c1e7f2c1e1.png) sert à 2 finitions différentes : Noir thermolaqué mat / laqué noir / corde polyester noir / patins feutre | Noir thermolaqué mat / laqué noir / corde polyester noir / patins plastique.,Shopify Admin (29 septembre 2026),Associer à chaque finition sa propre photo.,contrôle automatique
à faire,élevé,Photos,SHARED_VARIANT_IMAGE,artek-rope-chair,Chaise Rope,,,Une même photo (artek-rope-chair-light-grey.jpg) sert à 2 finitions différentes : Gris clair thermolaqué mat / laqué gris clair / corde lin naturel / patins feutre | Gris clair thermolaqué mat / laqué gris clair / corde lin naturel / patins plastique.,Shopify Admin (29 septembre 2026),Associer à chaque finition sa propre photo.,contrôle automatique
à faire,élevé,Métachamps,DIMENSIONS_ARTEK,artek-rope-chair,Chaise Rope,,,custom.dimensions vide.,"artek.fi, schéma coté rope-chair : 80 / 66,5 / 51 / 48,5 / 45,5 / 44 / 43,5 cm","custom.dimensions = « H 80 cm, accoudoirs 66,5 cm, L 51 × P 48,5 cm environ (à confirmer sur le DWG Artek) »",examen détaillé
corrigé,élevé,Classement,OUTDOOR_WRONG,artek-screen-100,Paravent 100,,,Classé dans « parasols-ombrages » (famille Jardin) alors que c'est un produit d'intérieur.,Shopify Admin (29 septembre 2026),,contrôle automatique
corrigé,élevé,Métachamps,NO_DIMENSIONS,artek-screen-100,Paravent 100,,,custom.dimensions vide : aucune dimension affichée sur la fiche.,Shopify Admin (29 septembre 2026),Renseigner custom.dimensions avec les cotes Artek (voir reference-artek.csv).,contrôle automatique
corrigé,élevé,Classement,RULE_CAUSE,artek-screen-100,Paravent 100,,,La cause du classement Jardin est la règle de collection elle-même : parasols-ombrages inclut TYPE = « Paravent ».,collections.json : parasols-ombrages = TYPE Parasol | Paravent,"Retirer « Paravent » de la règle parasols-ombrages et l'ajouter à une collection intérieure (decoration ou rangement, ou nouvelle sous-catégorie « Paravents »).",examen détaillé
corrigé,élevé,Métachamps,DIMENSIONS_VALUE,artek-screen-100,Paravent 100,,,Aucune dimension.,Factsheet https://www.artek.fi/downloads/Screen-100-Factsheet-1843034.pdf,custom.dimensions = « H 100 / 130 / 150 / 180 cm × L 200 cm (déroulé) ».,examen détaillé
à faire,élevé,Classement,NO_MENU_COLLECTION,artek-secrets-of-finland,Accessoire Secrets of Finland,,,"Aucune catégorie du menu : le produit n'apparaît dans aucune famille ni sous-catégorie (type « Accessoire »), seulement sur la page marque et en recherche.",Shopify Admin (29 septembre 2026),Adapter le type ou la règle d’une sous-catégorie du menu (voir constat de marque COLLECTION_RULE_GAPS).,contrôle automatique
à faire,élevé,Métachamps,NO_DIMENSIONS,artek-secrets-of-finland,Accessoire Secrets of Finland,,,custom.dimensions vide : aucune dimension affichée sur la fiche.,Shopify Admin (29 septembre 2026),Renseigner custom.dimensions avec les cotes Artek (voir reference-artek.csv).,contrôle automatique
corrigé,élevé,Options,OPTION_IS_PRODUCT,artek-secrets-of-finland,Accessoire Secrets of Finland,,,L’option « Finition » liste des produits différents : Pauper coin collector | Easter witch vase | Easter dog vase | Midsummer dream vase | Lucius candleholder | Lucia candleholder.,Shopify Admin (29 septembre 2026),,contrôle automatique
partiellement corrigé,élevé,Variantes,OPTION_IS_PRODUCT,artek-secrets-of-finland,Accessoire Secrets of Finland,,,"Précision sur le constat automatique : chez Artek, ces six objets ont chacun leur fiche, et toutes ont la même glaçure « sand ». L'option « Finition » ne désigne donc aucune finition : elle permet de choisir un autre objet (tirelire, vase ou bougeoir), avec des prix de 67 à 128 €.","shop.artek.fi/products/pauper-coin-collector.json … lucia-candleholder.json : une seule variante « sand » par produit ; SKU Mikado ART-SOF-28609401 à 06","Créer six fiches (Tirelire Pauper, Vase Easter Witch, Vase Easter Dog, Vase Midsummer Dream, Bougeoir Lucius, Bougeoir Lucia) avec un type par objet (Vase, Bougeoir, Tirelire). À défaut, renommer l'option en « Modèle » et traduire les valeurs (ex. « Tirelire Pauper », « Vase Sorcière de Pâques »).",examen détaillé
corrigé,élevé,Métachamps,NO_DIMENSIONS,artek-side-table-915,Table d'appoint 915,,,custom.dimensions vide : aucune dimension affichée sur la fiche.,Shopify Admin (29 septembre 2026),Renseigner custom.dimensions avec les cotes Artek (voir reference-artek.csv).,contrôle automatique
corrigé,élevé,Métachamps,DIMENSIONS_VALUE,artek-side-table-915,Table d'appoint 915,,,"Aucune dimension, alors qu'Artek les publie.","artek.fi/side-table-915 : cotes 49, 59, 59 cm ; fiche PDF Side-Table-915","custom.dimensions = « L 59 × P 49 × H 59 cm » ; custom.material = « Structure : lamelles de bouleau massif cintrées, vernis naturel. Tablettes : contreplaqué de bouleau moulé, laqué blanc ou noir. »",examen détaillé
à faire,élevé,Classement,NO_MENU_COLLECTION,artek-siena-canvas-bag,Sac en toile Siena,,,"Aucune catégorie du menu : le produit n'apparaît dans aucune famille ni sous-catégorie (type « Sac »), seulement sur la page marque et en recherche.",Shopify Admin (29 septembre 2026),Adapter le type ou la règle d’une sous-catégorie du menu (voir constat de marque COLLECTION_RULE_GAPS).,contrôle automatique
corrigé,élevé,Métachamps,NO_DESIGNER,artek-siena-canvas-bag,Sac en toile Siena,,,custom.designer vide : pas de créateur sur la fiche ni de lien créateur.,Shopify Admin (29 septembre 2026),Renseigner custom.designer (voir reference-artek.csv) ou laisser vide si Artek ne crédite personne.,contrôle automatique
corrigé,élevé,Classement,NO_MENU_COLLECTION,artek-siena-cushion-cover,Housse de coussin Siena,,,"Aucune catégorie du menu : le produit n'apparaît dans aucune famille ni sous-catégorie (type « Housse de coussin »), seulement sur la page marque et en recherche.",Shopify Admin (29 septembre 2026),Adapter le type ou la règle d’une sous-catégorie du menu (voir constat de marque COLLECTION_RULE_GAPS).,contrôle automatique
corrigé,élevé,Métachamps,NO_DESIGNER,artek-siena-cushion-cover,Housse de coussin Siena,,,custom.designer vide : pas de créateur sur la fiche ni de lien créateur.,Shopify Admin (29 septembre 2026),Renseigner custom.designer (voir reference-artek.csv) ou laisser vide si Artek ne crédite personne.,contrôle automatique
à faire,élevé,Métachamps,NO_DIMENSIONS,artek-siena-cushion-cover,Housse de coussin Siena,,,custom.dimensions vide : aucune dimension affichée sur la fiche.,Shopify Admin (29 septembre 2026),Renseigner custom.dimensions avec les cotes Artek (voir reference-artek.csv).,contrôle automatique
à faire,élevé,Classement,MENU_TARGET,artek-siena-cushion-cover,Housse de coussin Siena,,,Type « Housse de coussin » hors de toute règle alors que coussins-plaids-tapis existe.,collections.json,Ajouter « Housse de coussin » aux règles coussins-plaids-tapis et decoration (ou type « Coussin »).,examen détaillé
à faire,élevé,Classement,NO_MENU_COLLECTION,artek-siena-fabric,Tissu Siena (au mètre),,,"Aucune catégorie du menu : le produit n'apparaît dans aucune famille ni sous-catégorie (type « Tissu au mètre »), seulement sur la page marque et en recherche.",Shopify Admin (29 septembre 2026),Adapter le type ou la règle d’une sous-catégorie du menu (voir constat de marque COLLECTION_RULE_GAPS).,contrôle automatique
à faire,élevé,Classement,NO_MENU_COLLECTION,artek-siena-pouch,Pochette Siena,,,"Aucune catégorie du menu : le produit n'apparaît dans aucune famille ni sous-catégorie (type « Pochette »), seulement sur la page marque et en recherche.",Shopify Admin (29 septembre 2026),Adapter le type ou la règle d’une sous-catégorie du menu (voir constat de marque COLLECTION_RULE_GAPS).,contrôle automatique
corrigé,élevé,Métachamps,NO_DESIGNER,artek-siena-pouch,Pochette Siena,,,custom.designer vide : pas de créateur sur la fiche ni de lien créateur.,Shopify Admin (29 septembre 2026),Renseigner custom.designer (voir reference-artek.csv) ou laisser vide si Artek ne crédite personne.,contrôle automatique
à faire,élevé,Classement,NO_MENU_COLLECTION,artek-siena-pre-cut-fabric,Coupon de tissu Siena (150 × 300 cm),,,"Aucune catégorie du menu : le produit n'apparaît dans aucune famille ni sous-catégorie (type « Coupon de tissu »), seulement sur la page marque et en recherche.",Shopify Admin (29 septembre 2026),Adapter le type ou la règle d’une sous-catégorie du menu (voir constat de marque COLLECTION_RULE_GAPS).,contrôle automatique
corrigé,élevé,Métachamps,NO_DESIGNER,artek-siena-tray,Plateau Siena,,,custom.designer vide : pas de créateur sur la fiche ni de lien créateur.,Shopify Admin (29 septembre 2026),Renseigner custom.designer (voir reference-artek.csv) ou laisser vide si Artek ne crédite personne.,contrôle automatique
à faire,élevé,Métachamps,NO_DIMENSIONS,artek-siena-tray,Plateau Siena,,,custom.dimensions vide : aucune dimension affichée sur la fiche.,Shopify Admin (29 septembre 2026),Renseigner custom.dimensions avec les cotes Artek (voir reference-artek.csv).,contrôle automatique
corrigé,élevé,Métachamps,NO_DIMENSIONS,artek-stool-60,Tabouret 60,,,custom.dimensions vide : aucune dimension affichée sur la fiche.,Shopify Admin (29 septembre 2026),Renseigner custom.dimensions avec les cotes Artek (voir reference-artek.csv).,contrôle automatique
corrigé,élevé,Métachamps,NO_DIMENSIONS,artek-stool-e60,Tabouret E60,,,custom.dimensions vide : aucune dimension affichée sur la fiche.,Shopify Admin (29 septembre 2026),Renseigner custom.dimensions avec les cotes Artek (voir reference-artek.csv).,contrôle automatique
corrigé,élevé,Métachamps,NO_DIMENSIONS,artek-table-90d,Table basse 90D,,,custom.dimensions vide : aucune dimension affichée sur la fiche.,Shopify Admin (29 septembre 2026),Renseigner custom.dimensions avec les cotes Artek (voir reference-artek.csv).,contrôle automatique
corrigé,élevé,Métachamps,DIMENSIONS_VALUE,artek-table-90d,Table basse 90D,,,"Aucune dimension sur la fiche ; les cotes Artek sont connues.",artek.fi/table-90d : schéma coté 48 / 3 / 44 cm,"custom.dimensions = « Ø 48 × H 44 cm » ; custom.year = 1933 ; custom.material = « Pieds et chant : bouleau massif verni. Plateau : placage de bouleau, stratifié HPL blanc ou linoléum noir sur âme en aggloméré. »",examen détaillé
corrigé,élevé,Variantes,LABEL_FRAME_NOT_WHITE,artek-tea-trolley-901,Table basse Tea Trolley 901,"Laqué blanc / lamifié blanc ; Laqué blanc / linoléum noir",,"« Laqué blanc » dans les deux premiers libellés désigne en fait les roues ; la structure est en bouleau verni naturel. Le client peut croire à une structure laquée blanche.","artek.fi/tea-trolley-901 : « Frame: birch, clear lacquer / Wheels: MDF, white lacquer / Top and shelf surface: HPL, IKI white » ; photos #1 et #6 : structure bouleau clair",« Bouleau verni / plateaux lamifié blanc » et « Bouleau verni / plateaux linoléum noir » (roues blanches précisées dans la description).,examen détaillé
corrigé,élevé,Métachamps,NO_DIMENSIONS,artek-trienna-table,Table basse Trienna,,,custom.dimensions vide : aucune dimension affichée sur la fiche.,Shopify Admin (29 septembre 2026),Renseigner custom.dimensions avec les cotes Artek (voir reference-artek.csv).,contrôle automatique
corrigé,élevé,Métachamps,DIMENSIONS_VALUE,artek-trienna-table,Table basse Trienna,,,Aucune dimension sur la fiche.,artek.fi/trienna-table : cotes 70 / 62 / 39 cm,"custom.dimensions = « 70 × 62 × H 39 cm » ; custom.material = « Placage de bouleau moulé, surface placage de chêne (verni naturel, laqué blanc ou teinté noir). »",examen détaillé
à faire,élevé,Métachamps,NO_DIMENSIONS,artek-tupla-wall-hook,Patère murale Tupla,,,custom.dimensions vide : aucune dimension affichée sur la fiche.,Shopify Admin (29 septembre 2026),Renseigner custom.dimensions avec les cotes Artek (voir reference-artek.csv).,contrôle automatique
à faire,élevé,Métachamps,DIMENSIONS_VALUE,artek-tupla-wall-hook,Patère murale Tupla,,,Aucune dimension.,"artek.fi cotes du schéma 31 / 13,5 / 3 cm","custom.dimensions d'après le schéma Artek (≈ H 31 × P 13,5 cm, à confirmer).",examen détaillé
à faire,élevé,Métachamps,NO_DIMENSIONS,artek-wall-light-a330s-eu,Applique A330S,,,custom.dimensions vide : aucune dimension affichée sur la fiche.,Shopify Admin (29 septembre 2026),Renseigner custom.dimensions avec les cotes Artek (voir reference-artek.csv).,contrôle automatique
corrigé,élevé,Métachamps,NO_DIMENSIONS,artek-wall-light-a910,Applique A910,,,custom.dimensions vide : aucune dimension affichée sur la fiche.,Shopify Admin (29 septembre 2026),Renseigner custom.dimensions avec les cotes Artek (voir reference-artek.csv).,contrôle automatique
corrigé,élevé,Métachamps,DESIGNER_WRONG,artek-wall-light-a910,Applique A910,,,"custom.designer = « Alvar Aalto », titre SEO « Applique A910 Alvar Aalto », méta-description « par Alvar Aalto » et tag alvar-aalto, alors qu'Artek n'attribue ce modèle à aucun designer : lancé dans les années 1990, « design Artek », seulement inspiré des luminaires d'Aalto pour l'Institut national des pensions. La description Mikado le dit elle-même.","https://www.artek.fi/en/products/wall-light-a910 : en-tête « 1990's » sans nom ; texte « The original model … was created during the period Aalto was designing lighting… » ; PDF Ceiling-Light-A622-Wall-Light-A910-Factsheet : « A910 design Artek ».","custom.designer = « Artek » (ou vide) ; SEO : « Applique A910 — Artek, d'après Alvar Aalto » ; retirer le tag alvar-aalto (sinon la fiche apparaît sur la page designer d'Aalto).",examen détaillé
corrigé,élevé,Classement,NO_MENU_COLLECTION,artek-wall-shelf-112,Étagère murale 112,,,"Aucune catégorie du menu : le produit n'apparaît dans aucune famille ni sous-catégorie (type « Étagère murale »), seulement sur la page marque et en recherche.",Shopify Admin (29 septembre 2026),Adapter le type ou la règle d’une sous-catégorie du menu (voir constat de marque COLLECTION_RULE_GAPS).,contrôle automatique
corrigé,élevé,Classement,TYPE_NOT_IN_RULES,artek-wall-shelf-112,Étagère murale 112,,,"Type « Étagère murale » absent des règles de la collection etageres-et-bibliotheques (qui n'accepte que « Étagère », « Etagère », « Bibliothèque »).","collections.json : etageres-et-bibliotheques = TYPE Étagère | Etagère | Bibliothèque ; produit dans [artek, hors-promotions] seulement","Soit passer le type à « Étagère », soit ajouter TYPE = « Étagère murale » à la règle etageres-et-bibliotheques (corrige aussi Étagère murale Kaari).",examen détaillé
à faire,élevé,Classement,NO_MENU_COLLECTION,artek-webbing,Sangle en lin (au mètre),,,"Aucune catégorie du menu : le produit n'apparaît dans aucune famille ni sous-catégorie (type « Sangle »), seulement sur la page marque et en recherche.",Shopify Admin (29 septembre 2026),Adapter le type ou la règle d’une sous-catégorie du menu (voir constat de marque COLLECTION_RULE_GAPS).,contrôle automatique
à faire,élevé,Métachamps,NO_DIMENSIONS,artek-webbing,Sangle en lin (au mètre),,,custom.dimensions vide : aucune dimension affichée sur la fiche.,Shopify Admin (29 septembre 2026),Renseigner custom.dimensions avec les cotes Artek (voir reference-artek.csv).,contrôle automatique
corrigé,élevé,Classement,NO_MENU_COLLECTION,artek-zebra-cushion-cover,Housse de coussin Zebra,,,"Aucune catégorie du menu : le produit n'apparaît dans aucune famille ni sous-catégorie (type « Housse de coussin »), seulement sur la page marque et en recherche.",Shopify Admin (29 septembre 2026),Adapter le type ou la règle d’une sous-catégorie du menu (voir constat de marque COLLECTION_RULE_GAPS).,contrôle automatique
à faire,élevé,Métachamps,NO_DIMENSIONS,artek-zebra-cushion-cover,Housse de coussin Zebra,,,custom.dimensions vide : aucune dimension affichée sur la fiche.,Shopify Admin (29 septembre 2026),Renseigner custom.dimensions avec les cotes Artek (voir reference-artek.csv).,contrôle automatique
à faire,élevé,Classement,MENU_TARGET,artek-zebra-cushion-cover,Housse de coussin Zebra,,,Type « Housse de coussin » hors des règles alors que coussins-plaids-tapis existe.,collections.json,Ajouter « Housse de coussin » aux règles coussins-plaids-tapis et decoration (ou type « Coussin »).,examen détaillé
à faire,élevé,Classement,NO_MENU_COLLECTION,artek-zebra-fabric,Tissu Zebra (au mètre),,,"Aucune catégorie du menu : le produit n'apparaît dans aucune famille ni sous-catégorie (type « Tissu au mètre »), seulement sur la page marque et en recherche.",Shopify Admin (29 septembre 2026),Adapter le type ou la règle d’une sous-catégorie du menu (voir constat de marque COLLECTION_RULE_GAPS).,contrôle automatique
corrigé,élevé,Options,SINGLE_NO_CHOICE,artek-zebra-fabric,Tissu Zebra (au mètre),,,Variante unique « Default Title » : le client ne peut choisir ni la finition ni le revêtement qui existent chez Artek.,Shopify Admin (29 septembre 2026),,contrôle automatique
corrigé,élevé,SEO,DESIGNER_MISATTRIBUTED,artek-zebra-fabric,Tissu Zebra (au mètre),,,"Titre et méta SEO « Tissu Zebra (au mètre) par Aino Aalto » ; Artek crédite « Anonymous, 1936 ».","artek.fi/en/collections/zebra-collection : « Discovered by Aino Aalto on her travels through Europe … a zebra pattern she spotted in Style Clair, a Parisian department store » ; shop.artek.fi/products/zebra-fabric : créateur « Anonymous »","Ne pas écrire « par Aino Aalto » : « Tissu Zebra (anonyme, repéré par Aino Aalto en 1935) ». Laisser custom.designer vide ou « Anonyme » ; remplacer le tag aino-aalto par un texte descriptif, ou le garder uniquement si la page créateur explique « sélection d'Aino Aalto ».",examen détaillé
corrigé,élevé,Variantes,COLOR_NOT_STATED,artek-zebra-fabric,Tissu Zebra (au mètre),,,"Variante unique « Default Title » pour un tissu au mètre à 351 € : coloris (noir/blanc) non écrit ; Artek propose aussi marron/blanc.","shop.artek.fi : variantes « zebra black/white », « zebra brown/white » ; artek.fi zebra-* : « Available in black and white or brown and white »",Option « Coloris » = Noir/blanc (+ Marron/blanc si référencé).,examen détaillé
à faire,élevé,Classement,NO_MENU_COLLECTION,artek-zebra-pouch,Pochette Zebra,,,"Aucune catégorie du menu : le produit n'apparaît dans aucune famille ni sous-catégorie (type « Pochette »), seulement sur la page marque et en recherche.",Shopify Admin (29 septembre 2026),Adapter le type ou la règle d’une sous-catégorie du menu (voir constat de marque COLLECTION_RULE_GAPS).,contrôle automatique
à faire,élevé,Métachamps,NO_DIMENSIONS,artek-zebra-pouch,Pochette Zebra,,,custom.dimensions vide : aucune dimension affichée sur la fiche.,Shopify Admin (29 septembre 2026),Renseigner custom.dimensions avec les cotes Artek (voir reference-artek.csv).,contrôle automatique
corrigé,élevé,SEO,DESIGNER_MISATTRIBUTED,artek-zebra-pouch,Pochette Zebra,,,SEO « Pochette Zebra par Aino Aalto ».,"artek.fi/en/collections/zebra-collection : « Discovered by Aino Aalto on her travels through Europe … a zebra pattern she spotted in Style Clair, a Parisian department store » ; shop.artek.fi/products/zebra-fabric : créateur « Anonymous »","Ne pas écrire « par Aino Aalto » : « Tissu Zebra (anonyme, repéré par Aino Aalto en 1935) ». Laisser custom.designer vide ou « Anonyme » ; remplacer le tag aino-aalto par un texte descriptif, ou le garder uniquement si la page créateur explique « sélection d'Aino Aalto ».",examen détaillé
corrigé,élevé,Options,SINGLE_NO_CHOICE,artek-zebra-seat-cushion,Coussin d'assise Zebra,,,Variante unique « Default Title » : le client ne peut choisir ni la finition ni le revêtement qui existent chez Artek.,Shopify Admin (29 septembre 2026),,contrôle automatique
corrigé,élevé,SEO,DESIGNER_MISATTRIBUTED,artek-zebra-seat-cushion,Coussin d'assise Zebra,,,"Titre et méta-description SEO : « Coussin d'assise Zebra par Aino Aalto » ; Aino Aalto n'a pas dessiné le motif.","artek.fi/en/collections/zebra-collection : « Discovered by Aino Aalto on her travels through Europe … a zebra pattern she spotted in Style Clair, a Parisian department store » ; shop.artek.fi/products/zebra-fabric : créateur « Anonymous »","Ne pas écrire « par Aino Aalto » : « Tissu Zebra (anonyme, repéré par Aino Aalto en 1935) ». Laisser custom.designer vide ou « Anonyme » ; remplacer le tag aino-aalto par un texte descriptif, ou le garder uniquement si la page créateur explique « sélection d'Aino Aalto ».",examen détaillé
corrigé,élevé,Variantes,COLOR_NOT_STATED,artek-zebra-seat-cushion,Coussin d'assise Zebra,,,"Variante unique « Default Title » : le coloris (noir/blanc sur la photo) n'est écrit nulle part, alors qu'Artek vend aussi marron/blanc.","shop.artek.fi : variantes « zebra black/white », « zebra brown/white » ; artek.fi zebra-* : « Available in black and white or brown and white »","Créer l'option « Coloris » = « Noir/blanc » (et « Marron/blanc » si le fournisseur la livre), avec la photo correspondante.",examen détaillé
à faire,élevé,Classement,NO_MENU_COLLECTION,artek-zebra-tote-bag,Sac cabas Zebra,,,"Aucune catégorie du menu : le produit n'apparaît dans aucune famille ni sous-catégorie (type « Sac »), seulement sur la page marque et en recherche.",Shopify Admin (29 septembre 2026),Adapter le type ou la règle d’une sous-catégorie du menu (voir constat de marque COLLECTION_RULE_GAPS).,contrôle automatique
corrigé,élevé,Options,SINGLE_NO_CHOICE,artek-zebra-tote-bag,Sac cabas Zebra,,,Variante unique « Default Title » : le client ne peut choisir ni la finition ni le revêtement qui existent chez Artek.,Shopify Admin (29 septembre 2026),,contrôle automatique
corrigé,élevé,SEO,DESIGNER_MISATTRIBUTED,artek-zebra-tote-bag,Sac cabas Zebra,,,SEO « Sac cabas Zebra par Aino Aalto ».,"artek.fi/en/collections/zebra-collection : « Discovered by Aino Aalto on her travels through Europe … a zebra pattern she spotted in Style Clair, a Parisian department store » ; shop.artek.fi/products/zebra-fabric : créateur « Anonymous »","Ne pas écrire « par Aino Aalto » : « Tissu Zebra (anonyme, repéré par Aino Aalto en 1935) ». Laisser custom.designer vide ou « Anonyme » ; remplacer le tag aino-aalto par un texte descriptif, ou le garder uniquement si la page créateur explique « sélection d'Aino Aalto ».",examen détaillé
corrigé,élevé,Variantes,COLOR_NOT_STATED,artek-zebra-tote-bag,Sac cabas Zebra,,,"Variante « Default Title » : ni le coloris noir/blanc ni la couleur de l'anse (cuir noir) ne sont indiqués ; Artek vend aussi marron/blanc à anse marron.","artek.fi zebra-tote-bag : « Fabric: woven wool, black / white Handle: leather, black » / « brown / white Handle: leather, brown »","Option « Coloris » = « Noir/blanc, anse cuir noir » (+ « Marron/blanc, anse cuir marron » si référencé).",examen détaillé
corrigé,élevé,Photos,HEIGHT_PHOTOS_NOT_SPECIFIC,chaise-de-bar-64-h65,Chaise de bar 64 H65,,"#1, #3, #4, #5, #6","La fiche H65 utilise exactement les mêmes 6 photos que la fiche H75, dont deux packshots nommés « Bar-Stool-64-75cm… » (#3 Lamifié blanc, #4 Linoléum noir) : on montre le modèle de 75 cm pour vendre celui de 65 cm (proportions identiques, rapport H/L ≈ 1,65 sur toutes les images).","Fichiers #3/#4 « Bar-Stool-64-75cm-legs-birch_top-… » ; #1 packshot-c401e8317579a1c51012ef6160ea1677 (même image sur les deux fiches) ; mesures des contours","Utiliser pour la H65 des packshots Artek « Bar Stool 64, 65cm » ; ajouter aux deux fiches un dessin coté (hauteur, encombrement).",examen détaillé
corrigé,élevé,Description,DESC_WRONG_HEIGHT,chaise-de-bar-64-h65,Chaise de bar 64 H65,,,"La description de la H65 dit « disponible en deux hauteurs d'assise, celle-ci étant la plus haute », ce qui est faux : 65 cm est la hauteur basse (texte copié de la H75).","Description H65 : « celle-ci étant la plus haute » ; custom.seat_height_cm = 65 ; artek.fi : « available in 65 cm or 75 cm height »","« … disponible en deux hauteurs d'assise ; celle-ci (65 cm) convient aux plans de travail d'environ 90 cm. »",examen détaillé
corrigé,élevé,Classement,TYPE_TABOURET,chaise-de-bar-atelier-h65,Chaise de bar Atelier H65,,,"Le produit est l'« Atelier Bar Stool » d'Artek, un tabouret sans dossier ; le titre et le type « Chaise de bar » sont trompeurs (la description dit elle-même « tabouret de bar ») et le produit est absent de « Tabourets et bancs » et de « sieges ».","artek.fi/en/products/atelier-bar-stool : « Atelier Bar Stool », « symmetrical design allows for flexible sitting at any orientation » ; photos #1–#10 sans dossier ; collections = artek, chaises, hors-promotions","Titre « Tabouret de bar Atelier H65 », type « Tabouret » (ou « Tabouret de bar » ajouté aux règles de tabourets-et-bancs et à CATEGORY_MAP).",examen détaillé
corrigé,élevé,Description,DESC_WRONG_HEIGHT,chaise-de-bar-atelier-h75,Chaise de bar Atelier H75,,,La description de la H75 dit « dont voici la version basse » : c'est la version haute.,Description chaise-de-bar-atelier-h75 (copie exacte de la H65),"« …disponible en deux hauteurs d'assise, dont voici la version haute (75 cm), pour comptoir de bar. »",examen détaillé
corrigé,élevé,Classement,TYPE_TABOURET,chaise-de-bar-atelier-h75,Chaise de bar Atelier H75,,,"Le produit est l'« Atelier Bar Stool » d'Artek, un tabouret sans dossier ; le titre et le type « Chaise de bar » sont trompeurs (la description dit elle-même « tabouret de bar ») et le produit est absent de « Tabourets et bancs » et de « sieges ».","artek.fi/en/products/atelier-bar-stool : « Atelier Bar Stool », « symmetrical design allows for flexible sitting at any orientation » ; photos #1–#10 sans dossier ; collections = artek, chaises, hors-promotions","Titre « Tabouret de bar Atelier H75 », type « Tabouret » (ou « Tabouret de bar » ajouté aux règles de tabourets-et-bancs et à CATEGORY_MAP).",examen détaillé
corrigé,moyen,Site,DESIGNER_PAGE_POLLUTED,(marque Artek),,,,"Page créateur Alvar Aalto (/produits.html?designer=alvar-aalto, 91 modèles) : 14 fiches Artek qui ne sont pas d'Alvar Aalto y remontent par leur tag (8 affiches de Greige, TSTO, K. Hellberg, I. Bell ou sans auteur ; accessoires Siena sans créateur ; sangle ; patins feutre), ainsi que des vases Iittala.",https://www.mikadodeco.be/produits.html?designer=alvar-aalto,"Retirer le tag alvar-aalto des produits qui ne sont pas de lui ; garder uniquement Alvar Aalto (et les motifs Siena si on décide de le créditer).",contrôle marque
corrigé,moyen,Site,NO_TAPIOVAARA_PAGE,(marque Artek),,,,"Aucune page créateur pour Ilmari Tapiovaara alors que 19 fiches Artek lui sont attribuées (Domus, Kiki, Mademoiselle, Aslak, Lukki, Trienna) ; son nom n'est donc pas cliquable sur les fiches. Même situation pour TAF Studio (8 fiches), Yrjö Kukkapuro, Konstantin Grcic.","https://www.mikadodeco.be/produits.html?designer=ilmari-tapiovaara → 404 ; v3/designers-data.json","Ajouter ces créateurs à v3/designers-data.json (slug, tags) après nettoyage des tags créateur.",contrôle marque
corrigé,moyen,SEO,BRAND_COLLECTION_EMPTY,(marque Artek),,,,"Collection marque « Artek » : description vide, titre et méta-description SEO vides, photo sans texte alternatif (1304×652), aucun métachamp de marque (pays, ville, fondation, site…). La page marque publique n'a donc aucun texte éditorial propre à Artek.","Admin collection artek ; https://www.mikadodeco.be/collections/artek","Rédiger une présentation Artek (fondée en 1935 à Helsinki par Alvar et Aino Aalto, Maire Gullichsen et Nils-Gustav Hahl), SEO dédié, alt de l'image, métachamps de marque.",contrôle marque
à faire,moyen,Canaux,NO_GTIN_HS_ORIGIN,(marque Artek),,,,"Aucune variante n'a de code-barres (EAN/GTIN), de code SH douanier ni de pays d'origine sur l'article d'inventaire (0/645). 117 fiches sont publiées sur Facebook & Instagram sans identifiant produit ; l'origine n'existe qu'en métachamp texte.","Admin : barcode, harmonizedSystemCode, countryCodeOfOrigin","Importer les EAN Artek (tarif fournisseur) ; renseigner le pays d'origine sur l'article d'inventaire à partir des « Made in » vérifiés.",contrôle marque
corrigé,moyen,Classement,INTERNAL_COLLECTION_PUBLISHED,(marque Artek),,,,"La collection de travail « Claude — Modifs 2026-05-16 » (manuelle, 568 produits dont 26 tables Artek) est publiée sur les 4 canaux, dont Facebook & Instagram et Point de vente. Le site l'exclut de ses pages filtrées, mais elle reste un ensemble public dans Shopify.",Admin : resourcePublications de la collection,Dépublier la collection de tous les canaux (ou la supprimer si elle n'a plus d'usage).,contrôle marque
corrigé,moyen,Métachamps,NO_YEAR,affiche-75-ans-artek-100-x-140-cm,Affiche 75 ans 100 × 140 cm,,,custom.year vide : année de création absente de la fiche.,Shopify Admin (29 septembre 2026),Renseigner custom.year avec l’année Artek (voir reference-artek.csv).,contrôle automatique
corrigé,moyen,Métachamps,NO_MATERIAL,affiche-75-ans-artek-100-x-140-cm,Affiche 75 ans 100 × 140 cm,,,custom.material vide : aucune matière affichée.,Shopify Admin (29 septembre 2026),"Renseigner custom.material (matières Artek, voir reference-artek.csv).",contrôle automatique
à faire,moyen,Métachamps,NO_ORIGIN,affiche-75-ans-artek-100-x-140-cm,Affiche 75 ans 100 × 140 cm,,,custom.origin vide : pays de fabrication absent de la fiche.,Shopify Admin (29 septembre 2026),Renseigner custom.origin et custom.country_of_origin avec le « Made in » Artek.,contrôle automatique
à faire,moyen,Photos,NO_AMBIANCE,affiche-75-ans-artek-100-x-140-cm,Affiche 75 ans 100 × 140 cm,,,Aucune photo de galerie hors variantes : la fiche n’a pas de bande de miniatures/ambiances.,Shopify Admin (29 septembre 2026),Ajouter au moins une photo d’ambiance Artek non liée à une variante.,contrôle automatique
corrigé,moyen,Classement,POSTER_NO_FAMILY,affiche-75-ans-artek-100-x-140-cm,Affiche 75 ans 100 × 140 cm,,,"Précision sur NO_MENU_COLLECTION : aucune collection du menu n'inclut le type « Affiche » (la Décoration prend Cadre, Miroir, Vase… mais pas Affiche).",collections.json decoration : pas de condition « Affiche »,"Ajouter « Affiche » à la règle de la collection Décoration (ou créer une sous-catégorie Affiches), pour les 9 affiches.",examen détaillé
corrigé,moyen,Métachamps,NO_YEAR,affiche-80-ans-artek-50-x-70-cm,Affiche 80 ans 50 × 70 cm,,,custom.year vide : année de création absente de la fiche.,Shopify Admin (29 septembre 2026),Renseigner custom.year avec l’année Artek (voir reference-artek.csv).,contrôle automatique
à faire,moyen,Métachamps,NO_MATERIAL,affiche-80-ans-artek-50-x-70-cm,Affiche 80 ans 50 × 70 cm,,,custom.material vide : aucune matière affichée.,Shopify Admin (29 septembre 2026),"Renseigner custom.material (matières Artek, voir reference-artek.csv).",contrôle automatique
à faire,moyen,Métachamps,NO_ORIGIN,affiche-80-ans-artek-50-x-70-cm,Affiche 80 ans 50 × 70 cm,,,custom.origin vide : pays de fabrication absent de la fiche.,Shopify Admin (29 septembre 2026),Renseigner custom.origin et custom.country_of_origin avec le « Made in » Artek.,contrôle automatique
à faire,moyen,Photos,NO_AMBIANCE,affiche-80-ans-artek-50-x-70-cm,Affiche 80 ans 50 × 70 cm,,,Aucune photo de galerie hors variantes : la fiche n’a pas de bande de miniatures/ambiances.,Shopify Admin (29 septembre 2026),Ajouter au moins une photo d’ambiance Artek non liée à une variante.,contrôle automatique
à faire,moyen,Photos,LOW_RES,affiche-80-ans-artek-50-x-70-cm,Affiche 80 ans 50 × 70 cm,,,Image basse définition 777×777 (variante) : packshot-16ef064f0be9f2259b60024827e674e9.png.,Shopify Admin (29 septembre 2026),Remplacer par l’original haute définition (≥ 1 500 px).,contrôle automatique
à faire,moyen,Photos,PRINCIPAL_ARTEFACTS,affiche-80-ans-artek-50-x-70-cm,Affiche 80 ans 50 × 70 cm,,#1,La principale #1 (777 px) montre des taches blanches floues sur les rayures noires : reflets ou retouche ratée (à confirmer). Le client peut croire l'affiche abîmée ou le motif autre.,photo #1 téléchargée : trainées blanches sur les rayures dans la moitié gauche et en haut à droite,Remplacer par le visuel officiel en haute définition (shop.artek.fi/products/poster-artek-80-years).,examen détaillé
corrigé,moyen,Classement,POSTER_NO_FAMILY,affiche-80-ans-artek-50-x-70-cm,Affiche 80 ans 50 × 70 cm,,,"Précision sur NO_MENU_COLLECTION : aucune collection du menu n'inclut le type « Affiche » (la Décoration prend Cadre, Miroir, Vase… mais pas Affiche).",collections.json decoration : pas de condition « Affiche »,"Ajouter « Affiche » à la règle de la collection Décoration (ou créer une sous-catégorie Affiches), pour les 9 affiches.",examen détaillé
corrigé,moyen,Métachamps,NO_YEAR,affiche-85-ans-artek-50-x-70-cm,Affiche 85 ans 50 × 70 cm,,,custom.year vide : année de création absente de la fiche.,Shopify Admin (29 septembre 2026),Renseigner custom.year avec l’année Artek (voir reference-artek.csv).,contrôle automatique
corrigé,moyen,Métachamps,NO_MATERIAL,affiche-85-ans-artek-50-x-70-cm,Affiche 85 ans 50 × 70 cm,,,custom.material vide : aucune matière affichée.,Shopify Admin (29 septembre 2026),"Renseigner custom.material (matières Artek, voir reference-artek.csv).",contrôle automatique
corrigé,moyen,Métachamps,NO_ORIGIN,affiche-85-ans-artek-50-x-70-cm,Affiche 85 ans 50 × 70 cm,,,custom.origin vide : pays de fabrication absent de la fiche.,Shopify Admin (29 septembre 2026),Renseigner custom.origin et custom.country_of_origin avec le « Made in » Artek.,contrôle automatique
corrigé,moyen,Classement,POSTER_NO_FAMILY,affiche-85-ans-artek-50-x-70-cm,Affiche 85 ans 50 × 70 cm,,,"Précision sur NO_MENU_COLLECTION : aucune collection du menu n'inclut le type « Affiche » (la Décoration prend Cadre, Miroir, Vase… mais pas Affiche).",collections.json decoration : pas de condition « Affiche »,"Ajouter « Affiche » à la règle de la collection Décoration (ou créer une sous-catégorie Affiches), pour les 9 affiches.",examen détaillé
corrigé,moyen,Métachamps,NO_YEAR,affiche-90-ans-artek-50-x-70-cm,Affiche 90 ans 50 × 70 cm,,,custom.year vide : année de création absente de la fiche.,Shopify Admin (29 septembre 2026),Renseigner custom.year avec l’année Artek (voir reference-artek.csv).,contrôle automatique
corrigé,moyen,Métachamps,NO_MATERIAL,affiche-90-ans-artek-50-x-70-cm,Affiche 90 ans 50 × 70 cm,,,custom.material vide : aucune matière affichée.,Shopify Admin (29 septembre 2026),"Renseigner custom.material (matières Artek, voir reference-artek.csv).",contrôle automatique
à faire,moyen,Métachamps,NO_ORIGIN,affiche-90-ans-artek-50-x-70-cm,Affiche 90 ans 50 × 70 cm,,,custom.origin vide : pays de fabrication absent de la fiche.,Shopify Admin (29 septembre 2026),Renseigner custom.origin et custom.country_of_origin avec le « Made in » Artek.,contrôle automatique
à faire,moyen,SEO,PRINT_TECHNIQUE,affiche-90-ans-artek-50-x-70-cm,Affiche 90 ans 50 × 70 cm,,,La méta-description annonce une « sérigraphie et gravure laser ». Or seule l'œuvre originale a été réalisée ainsi : l'affiche vendue est une impression offset. La description omet aussi cette précision.,"SEO : « sérigraphie et gravure laser inspirées du Paravent 100 » ; artek.fi : « The poster is offset printed to capture the intricate details of the original artwork »",SEO : « Affiche 90 ans d'Artek par Inka Bell — impression offset d'une œuvre inspirée du Paravent 100 ». Ajouter dans la description « imprimée en offset sur papier Scandia 200 Natural ».,examen détaillé
corrigé,moyen,Classement,POSTER_NO_FAMILY,affiche-90-ans-artek-50-x-70-cm,Affiche 90 ans 50 × 70 cm,,,"Précision sur NO_MENU_COLLECTION : aucune collection du menu n'inclut le type « Affiche » (la Décoration prend Cadre, Miroir, Vase… mais pas Affiche).",collections.json decoration : pas de condition « Affiche »,"Ajouter « Affiche » à la règle de la collection Décoration (ou créer une sous-catégorie Affiches), pour les 9 affiches.",examen détaillé
corrigé,moyen,Métachamps,NO_YEAR,affiche-aalto-chronology-50-x-70-cm,Affiche Aalto Chronology 50 × 70 cm,,,custom.year vide : année de création absente de la fiche.,Shopify Admin (29 septembre 2026),Renseigner custom.year avec l’année Artek (voir reference-artek.csv).,contrôle automatique
corrigé,moyen,Métachamps,NO_MATERIAL,affiche-aalto-chronology-50-x-70-cm,Affiche Aalto Chronology 50 × 70 cm,,,custom.material vide : aucune matière affichée.,Shopify Admin (29 septembre 2026),"Renseigner custom.material (matières Artek, voir reference-artek.csv).",contrôle automatique
à faire,moyen,Métachamps,NO_ORIGIN,affiche-aalto-chronology-50-x-70-cm,Affiche Aalto Chronology 50 × 70 cm,,,custom.origin vide : pays de fabrication absent de la fiche.,Shopify Admin (29 septembre 2026),Renseigner custom.origin et custom.country_of_origin avec le « Made in » Artek.,contrôle automatique
corrigé,moyen,Métachamps,DESIGNER_ONLY_TAG,affiche-aalto-chronology-50-x-70-cm,Affiche Aalto Chronology 50 × 70 cm,,,"Créateur seulement en tag (« alvar-aalto ») : custom.designer vide, donc aucun créateur affiché sur la fiche.",Shopify Admin (29 septembre 2026),Renseigner custom.designer ou retirer le tag si le créateur est faux.,contrôle automatique
à faire,moyen,Photos,NO_AMBIANCE,affiche-aalto-chronology-50-x-70-cm,Affiche Aalto Chronology 50 × 70 cm,,,Aucune photo de galerie hors variantes : la fiche n’a pas de bande de miniatures/ambiances.,Shopify Admin (29 septembre 2026),Ajouter au moins une photo d’ambiance Artek non liée à une variante.,contrôle automatique
corrigé,moyen,Tags,AALTO_TAG_ON_POSTER,affiche-aalto-chronology-50-x-70-cm,Affiche Aalto Chronology 50 × 70 cm,,,Le tag « alvar-aalto » fait apparaître l'affiche sur la page créateur Alvar Aalto. Or elle n'est pas de lui : Artek ne crédite aucun graphiste (création de 2002). Elle entre aussi dans la collection « alvar-aalto » (règle : titre contient « Aalto »).,"v3/designers-data.json alvar-aalto → tag alvar-aalto ; collections.json alvar-aalto : TITLE CONTAINS Aalto ; artek.fi/en/products/aalto-chronology-poster : « 2002 », sans designer","Retirer le tag alvar-aalto. Si la collection alvar-aalto sert au site, en exclure les affiches (par exemple avec une règle TYPE ≠ Affiche).",examen détaillé
corrigé,moyen,Classement,POSTER_NO_FAMILY,affiche-aalto-chronology-50-x-70-cm,Affiche Aalto Chronology 50 × 70 cm,,,"Précision sur NO_MENU_COLLECTION : aucune collection du menu n'inclut le type « Affiche » (la Décoration prend Cadre, Miroir, Vase… mais pas Affiche).",collections.json decoration : pas de condition « Affiche »,"Ajouter « Affiche » à la règle de la collection Décoration (ou créer une sous-catégorie Affiches), pour les 9 affiches.",examen détaillé
corrigé,moyen,Métachamps,NO_YEAR,affiche-beehive-50-x-70-cm,Affiche Beehive 50 × 70 cm,,,custom.year vide : année de création absente de la fiche.,Shopify Admin (29 septembre 2026),Renseigner custom.year avec l’année Artek (voir reference-artek.csv).,contrôle automatique
corrigé,moyen,Métachamps,NO_MATERIAL,affiche-beehive-50-x-70-cm,Affiche Beehive 50 × 70 cm,,,custom.material vide : aucune matière affichée.,Shopify Admin (29 septembre 2026),"Renseigner custom.material (matières Artek, voir reference-artek.csv).",contrôle automatique
à faire,moyen,Métachamps,NO_ORIGIN,affiche-beehive-50-x-70-cm,Affiche Beehive 50 × 70 cm,,,custom.origin vide : pays de fabrication absent de la fiche.,Shopify Admin (29 septembre 2026),Renseigner custom.origin et custom.country_of_origin avec le « Made in » Artek.,contrôle automatique
à faire,moyen,Photos,NO_AMBIANCE,affiche-beehive-50-x-70-cm,Affiche Beehive 50 × 70 cm,,,Aucune photo de galerie hors variantes : la fiche n’a pas de bande de miniatures/ambiances.,Shopify Admin (29 septembre 2026),Ajouter au moins une photo d’ambiance Artek non liée à une variante.,contrôle automatique
corrigé,moyen,Classement,POSTER_NO_FAMILY,affiche-beehive-50-x-70-cm,Affiche Beehive 50 × 70 cm,,,"Précision sur NO_MENU_COLLECTION : aucune collection du menu n'inclut le type « Affiche » (la Décoration prend Cadre, Miroir, Vase… mais pas Affiche).",collections.json decoration : pas de condition « Affiche »,"Ajouter « Affiche » à la règle de la collection Décoration (ou créer une sous-catégorie Affiches), pour les 9 affiches.",examen détaillé
corrigé,moyen,Métachamps,NO_YEAR,affiche-paimio-50-x-70-cm,Affiche Paimio 50 × 70 cm,,,custom.year vide : année de création absente de la fiche.,Shopify Admin (29 septembre 2026),Renseigner custom.year avec l’année Artek (voir reference-artek.csv).,contrôle automatique
corrigé,moyen,Métachamps,NO_MATERIAL,affiche-paimio-50-x-70-cm,Affiche Paimio 50 × 70 cm,,,custom.material vide : aucune matière affichée.,Shopify Admin (29 septembre 2026),"Renseigner custom.material (matières Artek, voir reference-artek.csv).",contrôle automatique
à faire,moyen,Métachamps,NO_ORIGIN,affiche-paimio-50-x-70-cm,Affiche Paimio 50 × 70 cm,,,custom.origin vide : pays de fabrication absent de la fiche.,Shopify Admin (29 septembre 2026),Renseigner custom.origin et custom.country_of_origin avec le « Made in » Artek.,contrôle automatique
à faire,moyen,Photos,NO_AMBIANCE,affiche-paimio-50-x-70-cm,Affiche Paimio 50 × 70 cm,,,Aucune photo de galerie hors variantes : la fiche n’a pas de bande de miniatures/ambiances.,Shopify Admin (29 septembre 2026),Ajouter au moins une photo d’ambiance Artek non liée à une variante.,contrôle automatique
corrigé,moyen,Classement,POSTER_NO_FAMILY,affiche-paimio-50-x-70-cm,Affiche Paimio 50 × 70 cm,,,"Précision sur NO_MENU_COLLECTION : aucune collection du menu n'inclut le type « Affiche » (la Décoration prend Cadre, Miroir, Vase… mais pas Affiche).",collections.json decoration : pas de condition « Affiche »,"Ajouter « Affiche » à la règle de la collection Décoration (ou créer une sous-catégorie Affiches), pour les 9 affiches.",examen détaillé
corrigé,moyen,Métachamps,NO_YEAR,affiche-tabouret-60-50-x-70-cm,Affiche Tabouret 60 50 × 70 cm,,,custom.year vide : année de création absente de la fiche.,Shopify Admin (29 septembre 2026),Renseigner custom.year avec l’année Artek (voir reference-artek.csv).,contrôle automatique
corrigé,moyen,Métachamps,NO_MATERIAL,affiche-tabouret-60-50-x-70-cm,Affiche Tabouret 60 50 × 70 cm,,,custom.material vide : aucune matière affichée.,Shopify Admin (29 septembre 2026),"Renseigner custom.material (matières Artek, voir reference-artek.csv).",contrôle automatique
à faire,moyen,Métachamps,NO_ORIGIN,affiche-tabouret-60-50-x-70-cm,Affiche Tabouret 60 50 × 70 cm,,,custom.origin vide : pays de fabrication absent de la fiche.,Shopify Admin (29 septembre 2026),Renseigner custom.origin et custom.country_of_origin avec le « Made in » Artek.,contrôle automatique
à faire,moyen,Photos,NO_AMBIANCE,affiche-tabouret-60-50-x-70-cm,Affiche Tabouret 60 50 × 70 cm,,,Aucune photo de galerie hors variantes : la fiche n’a pas de bande de miniatures/ambiances.,Shopify Admin (29 septembre 2026),Ajouter au moins une photo d’ambiance Artek non liée à une variante.,contrôle automatique
corrigé,moyen,Classement,POSTER_NO_FAMILY,affiche-tabouret-60-50-x-70-cm,Affiche Tabouret 60 50 × 70 cm,,,"Précision sur NO_MENU_COLLECTION : aucune collection du menu n'inclut le type « Affiche » (la Décoration prend Cadre, Miroir, Vase… mais pas Affiche).",collections.json decoration : pas de condition « Affiche »,"Ajouter « Affiche » à la règle de la collection Décoration (ou créer une sous-catégorie Affiches), pour les 9 affiches.",examen détaillé
corrigé,moyen,Métachamps,NO_YEAR,affiche-tea-trolley-900-50-x-70-cm,Affiche Tea Trolley 900 50 × 70 cm,,,custom.year vide : année de création absente de la fiche.,Shopify Admin (29 septembre 2026),Renseigner custom.year avec l’année Artek (voir reference-artek.csv).,contrôle automatique
corrigé,moyen,Métachamps,NO_MATERIAL,affiche-tea-trolley-900-50-x-70-cm,Affiche Tea Trolley 900 50 × 70 cm,,,custom.material vide : aucune matière affichée.,Shopify Admin (29 septembre 2026),"Renseigner custom.material (matières Artek, voir reference-artek.csv).",contrôle automatique
à faire,moyen,Métachamps,NO_ORIGIN,affiche-tea-trolley-900-50-x-70-cm,Affiche Tea Trolley 900 50 × 70 cm,,,custom.origin vide : pays de fabrication absent de la fiche.,Shopify Admin (29 septembre 2026),Renseigner custom.origin et custom.country_of_origin avec le « Made in » Artek.,contrôle automatique
corrigé,moyen,Métachamps,DESIGNER_ONLY_TAG,affiche-tea-trolley-900-50-x-70-cm,Affiche Tea Trolley 900 50 × 70 cm,,,"Créateur seulement en tag (« alvar-aalto ») : custom.designer vide, donc aucun créateur affiché sur la fiche.",Shopify Admin (29 septembre 2026),Renseigner custom.designer ou retirer le tag si le créateur est faux.,contrôle automatique
à faire,moyen,Photos,NO_AMBIANCE,affiche-tea-trolley-900-50-x-70-cm,Affiche Tea Trolley 900 50 × 70 cm,,,Aucune photo de galerie hors variantes : la fiche n’a pas de bande de miniatures/ambiances.,Shopify Admin (29 septembre 2026),Ajouter au moins une photo d’ambiance Artek non liée à une variante.,contrôle automatique
corrigé,moyen,Titre,TITLE_NAME,affiche-tea-trolley-900-50-x-70-cm,Affiche Tea Trolley 900 50 × 70 cm,,,"Le titre omet la série « Outline » et la couleur beige, que seul l'alt mentionne. Artek intitule l'affiche « Tea Trolley 901 » mais écrit « Tea Trolley 900 » dans le texte : à confirmer.","titre « Affiche Tea Trolley 900 50 × 70 cm » ; alt #1 « …beige… » ; artek.fi titre 901, texte 900","« Affiche Outline Tea Trolley, beige — TSTO, 50 × 70 cm ».",examen détaillé
corrigé,moyen,Description,DESC_THIN,affiche-tea-trolley-900-50-x-70-cm,Affiche Tea Trolley 900 50 × 70 cm,,,"La description est très courte : ni TSTO, ni la série Outline, ni la palette nordique, ni le papier.",description : « L'affiche Tea Trolley 900 met à l'honneur la desserte iconique d'Alvar Aalto. L'affiche mesure 50 x 70 cm. »,"Reprendre le texte Artek traduit (silhouette abstraite de la desserte, studio TSTO, couleur beige, papier Munken Lynx Rough).",examen détaillé
corrigé,moyen,Tags,AALTO_TAG_ON_POSTER,affiche-tea-trolley-900-50-x-70-cm,Affiche Tea Trolley 900 50 × 70 cm,,,"Le tag « alvar-aalto » fait apparaître l'affiche sur la page créateur Alvar Aalto, alors qu'elle est de TSTO.","lib/filter-scopes.js designerScope ; artek.fi : « Designed by… Tsto »",Retirer alvar-aalto et ajouter tsto.,examen détaillé
corrigé,moyen,Classement,POSTER_NO_FAMILY,affiche-tea-trolley-900-50-x-70-cm,Affiche Tea Trolley 900 50 × 70 cm,,,"Précision sur NO_MENU_COLLECTION : aucune collection du menu n'inclut le type « Affiche » (la Décoration prend Cadre, Miroir, Vase… mais pas Affiche).",collections.json decoration : pas de condition « Affiche »,"Ajouter « Affiche » à la règle de la collection Décoration (ou créer une sous-catégorie Affiches), pour les 9 affiches.",examen détaillé
corrigé,moyen,Métachamps,NO_YEAR,artek-115-umbrella-stand,Porte-parapluie 115,,,custom.year vide : année de création absente de la fiche.,Shopify Admin (29 septembre 2026),Renseigner custom.year avec l’année Artek (voir reference-artek.csv).,contrôle automatique
corrigé,moyen,Métachamps,NO_MATERIAL,artek-115-umbrella-stand,Porte-parapluie 115,,,custom.material vide : aucune matière affichée.,Shopify Admin (29 septembre 2026),"Renseigner custom.material (matières Artek, voir reference-artek.csv).",contrôle automatique
corrigé,moyen,Métachamps,YEAR_ONLY_IN_SEO,artek-115-umbrella-stand,Porte-parapluie 115,,,Année 1936 présente dans le SEO mais pas dans custom.year.,Shopify Admin (29 septembre 2026),Reporter l’année dans custom.year après vérification.,contrôle automatique
corrigé,moyen,Métachamps,YEAR_VALUE,artek-115-umbrella-stand,Porte-parapluie 115,,,custom.year vide.,"https://www.artek.fi/en/products/umbrella-stand-115 : « Alvar Aalto, 1936 »",custom.year = 1936.,examen détaillé
à faire,moyen,Métachamps,NO_YEAR,artek-124-mirror,Miroir 124,,,custom.year vide : année de création absente de la fiche.,Shopify Admin (29 septembre 2026),Renseigner custom.year avec l’année Artek (voir reference-artek.csv).,contrôle automatique
à faire,moyen,Métachamps,NO_MATERIAL,artek-124-mirror,Miroir 124,,,custom.material vide : aucune matière affichée.,Shopify Admin (29 septembre 2026),"Renseigner custom.material (matières Artek, voir reference-artek.csv).",contrôle automatique
à faire,moyen,Métachamps,NO_ORIGIN,artek-124-mirror,Miroir 124,,,custom.origin vide : pays de fabrication absent de la fiche.,Shopify Admin (29 septembre 2026),Renseigner custom.origin et custom.country_of_origin avec le « Made in » Artek.,contrôle automatique
corrigé,moyen,Description,DESC_SHORT,artek-124-mirror,Miroir 124,,,Description très courte (141 caractères).,Shopify Admin (29 septembre 2026),,contrôle automatique
à faire,moyen,Photos,LOW_RES,artek-124-mirror,Miroir 124,,,Image basse définition 543×739 (variante) : artek-artek-124-mirror-00.png.,Shopify Admin (29 septembre 2026),Remplacer par l’original haute définition (≥ 1 500 px).,contrôle automatique
à faire,moyen,Métachamps,YEAR_VALUE,artek-124-mirror,Miroir 124,,,Année absente.,"smow : « by Daniel Rybakken, 2017 » ; Artek Helsinki : nouveauté 2018","custom.year = 2017 (à confirmer) ; tag annees-2010.",examen détaillé
corrigé,moyen,Variantes,LABEL_INCOMPLETE,artek-124-mirror,Miroir 124,Moyen,,"« Moyen » ne dit pas la finition de la tablette (frêne naturel), alors que l'autre valeur précise « laqué noir » : choix peu lisible.","options : « Moyen », « Moyen / laqué noir » ; alt #1 « plateau en frêne naturel »","Option « Tablette » : « Frêne naturel », « Frêne laqué noir » (taille Moyen dans le titre).",examen détaillé
corrigé,moyen,Titre,TITLE_NAME,artek-124-mirror,Miroir 124,,,"Titre « Miroir 124 » : nom officiel « 124° Mirror », taille et tablette absentes.","artek.fi / revendeurs : « 124° Mirror, medium, with shelf »",« Miroir 124° moyen avec tablette ».,examen détaillé
corrigé,moyen,Description,DESC_EN,artek-124-mirror,Miroir 124,,,"Description réduite à une phrase avec restes d'anglais (« 124 Mirror », « Storage & Organisation »), aucune info produit (deux faces à 124°, acier poli, tablette frêne).",dossier description,"Réécrire : principe des deux faces à 124°, matières, tablette, fixation murale ou posé, dimensions.",examen détaillé
corrigé,moyen,Métachamps,NO_YEAR,artek-a110-hand-grenade,Suspension A110 Hand Grenade,,,custom.year vide : année de création absente de la fiche.,Shopify Admin (29 septembre 2026),Renseigner custom.year avec l’année Artek (voir reference-artek.csv).,contrôle automatique
corrigé,moyen,Métachamps,NO_MATERIAL,artek-a110-hand-grenade,Suspension A110 Hand Grenade,,,custom.material vide : aucune matière affichée.,Shopify Admin (29 septembre 2026),"Renseigner custom.material (matières Artek, voir reference-artek.csv).",contrôle automatique
corrigé,moyen,Métachamps,YEAR_ONLY_IN_SEO,artek-a110-hand-grenade,Suspension A110 Hand Grenade,,,Année 1952 présente dans le SEO mais pas dans custom.year.,Shopify Admin (29 septembre 2026),Reporter l’année dans custom.year après vérification.,contrôle automatique
corrigé,moyen,Description,RING_ALL_VARIANTS,artek-a110-hand-grenade,Suspension A110 Hand Grenade,,,"La description annonce « un anneau de laiton perforé » pour toutes les versions, alors que deux variantes vendues ont un anneau laqué noir ou blanc et que l'anneau est en acier laitonné, pas en laiton. « abat-jour en acier peint » : Artek dit thermolaqué.","Description ; variantes « … / laqué noir / … », « … / laqué blanc / … » ; https://www.artek.fi/en/products/pendant-light-a110-hand-grenade : « Ring: steel, brass-plated » / « Ring: steel, black lacquer ».","« un abat-jour en acier thermolaqué et un anneau intérieur perforé, en acier laitonné ou laqué ton sur ton ».",examen détaillé
à faire,moyen,Métachamps,ELEC_DATA_MISSING,artek-a110-hand-grenade,Suspension A110 Hand Grenade,,,"Aucune donnée électrique renseignée (custom.lighting_type, light_source_type, power_w, voltage_v, cable_details, ip_rating, safety_class vides) alors que 5 fiches Artek voisines les affichent.","Dossier : aucun métachamp custom.lighting_type… ; site.api sans lightingType/power ; https://www.artek.fi/en/products/pendant-light-a110-hand-grenade (Materials and Dimensions).","Renseigner : lighting_type = Suspension ; light_source_type = Douille E27 ; power_w = 12 W max ; voltage_v = 220-240 V · 50/60 Hz ; cable_details = Câble plastique 250 cm (noir ou blanc selon la finition) ; ip_rating = IP20 ; safety_class = Classe II.",examen détaillé
corrigé,moyen,Description,RING_MATERIAL,artek-a201,Suspension A201,,,La description parle d'un « anneau de laiton perforé » alors qu'Artek indique un anneau en acier laitonné (plaqué laiton). Le métachamp matière de la même fiche dit d'ailleurs « Anneau plaqué laiton ».,"Description ; custom.material ; https://www.artek.fi/en/products/pendant-light-a201 : « Shade powder coated, ring brass-plated ».",Écrire « un anneau perforé en acier laitonné ».,examen détaillé
corrigé,moyen,Photos,FEATURED_AMBIGUOUS,artek-a330s-golden-bell,Suspension A330S Golden Bell,,,La photo principale est partagée par 2 variantes : la fiche s’ouvre sur la première d’entre elles.,Shopify Admin (29 septembre 2026),,contrôle automatique
corrigé,moyen,Photos,FEATURED_DEFAULT_VARIANT,artek-a330s-golden-bell,Suspension A330S Golden Bell,,#1,"Tant que #1 est partagée, la fiche s'ouvre sur la 1re variante, « Laiton poli non verni » (la plus chère), avec une photo qui ne lui correspond pas. L'alt de #1 dit « Laiton poli non verni » alors que l'image montre le laiton verni.","Règles d'affichage de la consigne ; alt #1.","Après correction des liens, garder #1 en principale (laiton verni, finition de référence) avec l'alt « … — Laiton poli verni » ; mettre éventuellement « Laiton poli » en 1re variante.",examen détaillé
corrigé,moyen,Variantes,BRASS_LABELS,artek-a330s-golden-bell,Suspension A330S Golden Bell,,,"« Laiton poli » ne dit pas qu'il est verni, seule différence avec « Laiton poli non verni ». Le nom Artek « Savoy » manque. Libellés différents de l'applique A330S (« Laiton », « Noir acier »…).","Options ; https://www.artek.fi/en/products/pendant-light-a330s-golden-bell : « brass, polish and clear lacquer » / « Savoy: brass, polish ».","« Laiton poli verni », « Laiton poli non verni (Savoy) », « Acier chromé », « Acier laqué noir », « Acier laqué blanc » ; mêmes libellés sur l'applique.",examen détaillé
corrigé,moyen,Métachamps,NO_YEAR,artek-a331-beehive,Suspension A331 Beehive,,,custom.year vide : année de création absente de la fiche.,Shopify Admin (29 septembre 2026),Renseigner custom.year avec l’année Artek (voir reference-artek.csv).,contrôle automatique
corrigé,moyen,Métachamps,NO_MATERIAL,artek-a331-beehive,Suspension A331 Beehive,,,custom.material vide : aucune matière affichée.,Shopify Admin (29 septembre 2026),"Renseigner custom.material (matières Artek, voir reference-artek.csv).",contrôle automatique
corrigé,moyen,Métachamps,YEAR_ONLY_IN_SEO,artek-a331-beehive,Suspension A331 Beehive,,,Année 1953 présente dans le SEO mais pas dans custom.year.,Shopify Admin (29 septembre 2026),Reporter l’année dans custom.year après vérification.,contrôle automatique
à faire,moyen,Métachamps,ELEC_DATA_MISSING,artek-a331-beehive,Suspension A331 Beehive,,,"Aucune donnée électrique renseignée (custom.lighting_type, light_source_type, power_w, voltage_v, cable_details, ip_rating, safety_class vides) alors que 5 fiches Artek voisines les affichent.","Dossier : aucun métachamp custom.lighting_type… ; site.api sans lightingType/power ; https://www.artek.fi/en/products/pendant-light-a331-beehive (Materials and Dimensions).","Renseigner : lighting_type = Suspension ; light_source_type = Douille E27 ; power_w = 12 W max ; voltage_v = 220-240 V · 50/60 Hz ; cable_details = Câble plastique 250 cm (blanc ; noir pour la version noire, cf. #6) ; ip_rating = IP20 ; safety_class = Classe II.",examen détaillé
à faire,moyen,Métachamps,NO_YEAR,artek-a333-turnip,Suspension A333 Turnip,,,custom.year vide : année de création absente de la fiche.,Shopify Admin (29 septembre 2026),Renseigner custom.year avec l’année Artek (voir reference-artek.csv).,contrôle automatique
corrigé,moyen,Métachamps,NO_MATERIAL,artek-a333-turnip,Suspension A333 Turnip,,,custom.material vide : aucune matière affichée.,Shopify Admin (29 septembre 2026),"Renseigner custom.material (matières Artek, voir reference-artek.csv).",contrôle automatique
corrigé,moyen,Variantes,OPTION_LABEL_AMBIGUOUS,artek-a333-turnip,Suspension A333 Turnip,Laitonné,#4,« Laitonné » et « Laqué blanc » décrivent en fait seulement l'anneau : l'abat-jour est blanc dans les deux cas. Le libellé « Laitonné » laisse croire à un luminaire en laiton. Libellés incohérents avec l'A110 et l'A331 (« Blanc thermolaquée / laitonné… »).,"Options ; photos #1 et #4 (abat-jour blanc, seul l'anneau change) ; https://www.artek.fi/en/products/pendant-light-a333-turnip.",« Blanc / anneau laitonné » et « Blanc / anneau blanc ».,examen détaillé
à faire,moyen,Métachamps,ELEC_DATA_MISSING,artek-a333-turnip,Suspension A333 Turnip,,,"Aucune donnée électrique renseignée (custom.lighting_type, light_source_type, power_w, voltage_v, cable_details, ip_rating, safety_class vides) alors que 5 fiches Artek voisines les affichent.","Dossier : aucun métachamp custom.lighting_type… ; site.api sans lightingType/power ; https://www.artek.fi/en/products/pendant-light-a333-turnip (Materials and Dimensions).","Renseigner : lighting_type = Suspension ; light_source_type = Douille E27 ; power_w = 12 W max ; voltage_v = 220-240 V · 50/60 Hz ; cable_details = Câble plastique blanc · 250 cm ; ip_rating = IP20 ; safety_class = Classe II.",examen détaillé
corrigé,moyen,Métachamps,NO_YEAR,artek-a440,Suspension A440,,,custom.year vide : année de création absente de la fiche.,Shopify Admin (29 septembre 2026),Renseigner custom.year avec l’année Artek (voir reference-artek.csv).,contrôle automatique
corrigé,moyen,Métachamps,NO_MATERIAL,artek-a440,Suspension A440,,,custom.material vide : aucune matière affichée.,Shopify Admin (29 septembre 2026),"Renseigner custom.material (matières Artek, voir reference-artek.csv).",contrôle automatique
corrigé,moyen,Métachamps,YEAR_ONLY_IN_SEO,artek-a440,Suspension A440,,,Année 1954 présente dans le SEO mais pas dans custom.year.,Shopify Admin (29 septembre 2026),Reporter l’année dans custom.year après vérification.,contrôle automatique
à faire,moyen,Métachamps,ELEC_DATA_MISSING,artek-a440,Suspension A440,,,"Aucune donnée électrique renseignée (custom.lighting_type, light_source_type, power_w, voltage_v, cable_details, ip_rating, safety_class vides) alors que 5 fiches Artek voisines les affichent.","Dossier : aucun métachamp custom.lighting_type… ; site.api sans lightingType/power ; https://www.artek.fi/en/products/pendant-light-a440 (Materials and Dimensions).","Renseigner : lighting_type = Suspension ; light_source_type = Douille E27 ; power_w = 12 W max ; voltage_v = 220-240 V · 50/60 Hz ; cable_details = Câble plastique blanc · 200 cm ; ip_rating / safety_class : non publiés par Artek.",examen détaillé
à faire,moyen,Métachamps,NO_YEAR,artek-a808-eu,Lampadaire A808,,,custom.year vide : année de création absente de la fiche.,Shopify Admin (29 septembre 2026),Renseigner custom.year avec l’année Artek (voir reference-artek.csv).,contrôle automatique
corrigé,moyen,Métachamps,NO_MATERIAL,artek-a808-eu,Lampadaire A808,,,custom.material vide : aucune matière affichée.,Shopify Admin (29 septembre 2026),"Renseigner custom.material (matières Artek, voir reference-artek.csv).",contrôle automatique
à faire,moyen,Métachamps,YEAR_ONLY_IN_SEO,artek-a808-eu,Lampadaire A808,,,Année 1955 présente dans le SEO mais pas dans custom.year.,Shopify Admin (29 septembre 2026),Reporter l’année dans custom.year après vérification.,contrôle automatique
corrigé,moyen,Variantes,OPTION_TARGET_AMBIGUOUS,artek-a808-eu,Lampadaire A808,,,"Sur l'A808, l'option porte sur l'abat-jour (le tube est toujours en laiton poli), mais les libellés « Blanc peint acier » / « Laiton poli » ne le disent pas, et « Laiton poli » a un autre sens sur les lampadaires voisins A805, A810, A811 (le tube).","Options ; https://www.artek.fi/en/products/floor-light-a808 (« available with a white lacquered or polished brass shade »).",Option « Abat-jour » : « Acier laqué blanc » / « Laiton poli ».,examen détaillé
à faire,moyen,Métachamps,ELEC_DATA_MISSING,artek-a808-eu,Lampadaire A808,,,"Aucune donnée électrique renseignée (custom.lighting_type, light_source_type, power_w, voltage_v, cable_details, ip_rating, safety_class vides) alors que 5 fiches Artek voisines les affichent.","Dossier : aucun métachamp custom.lighting_type… ; site.api sans lightingType/power ; https://www.artek.fi/en/products/floor-light-a808 (Materials and Dimensions).","Renseigner : lighting_type = Lampadaire ; light_source_type = Douille E27 ; power_w = 100 W max ; voltage_v = 220-240 V · 50 Hz ; cable_details = Fiche Schuko · Câble plastique noir · 250 cm ; ip_rating = IP20 ; safety_class = Classe I.",examen détaillé
corrigé,moyen,Métachamps,NO_YEAR,artek-a811-eu,Lampadaire A811,,,custom.year vide : année de création absente de la fiche.,Shopify Admin (29 septembre 2026),Renseigner custom.year avec l’année Artek (voir reference-artek.csv).,contrôle automatique
corrigé,moyen,Métachamps,NO_MATERIAL,artek-a811-eu,Lampadaire A811,,,custom.material vide : aucune matière affichée.,Shopify Admin (29 septembre 2026),"Renseigner custom.material (matières Artek, voir reference-artek.csv).",contrôle automatique
corrigé,moyen,Métachamps,YEAR_ONLY_IN_SEO,artek-a811-eu,Lampadaire A811,,,Année 1965 présente dans le SEO mais pas dans custom.year.,Shopify Admin (29 septembre 2026),Reporter l’année dans custom.year après vérification.,contrôle automatique
corrigé,moyen,Photos,FEATURED_AMBIGUOUS,artek-a811-eu,Lampadaire A811,,,La photo principale est partagée par 2 variantes : la fiche s’ouvre sur la première d’entre elles.,Shopify Admin (29 septembre 2026),,contrôle automatique
à faire,moyen,Métachamps,DESIGNER_TO_CONFIRM,artek-a811-eu,Lampadaire A811,,,"custom.designer = Alvar Aalto, SEO « par Alvar Aalto (1965) », tag alvar-aalto : Artek ne met aucun nom sur la page (seulement « Year: 1965 ») et la fiche PDF dit « design Artek », alors que les autres lampadaires (A805, A808, A810) sont crédités « Alvar Aalto ». Attribution à confirmer auprès d'Artek.","https://www.artek.fi/en/products/floor-light-a811 ; PDF Floor-Light-A811-Factsheet-1848005 (« design Artek »).","Faire confirmer par Artek ; à défaut, écrire « Artek, d'après Alvar Aalto ».",examen détaillé
à faire,moyen,Métachamps,ELEC_DATA_MISSING,artek-a811-eu,Lampadaire A811,,,"Aucune donnée électrique renseignée (custom.lighting_type, light_source_type, power_w, voltage_v, cable_details, ip_rating, safety_class vides) alors que 5 fiches Artek voisines les affichent.","Dossier : aucun métachamp custom.lighting_type… ; site.api sans lightingType/power ; https://www.artek.fi/en/products/floor-light-a811 (Materials and Dimensions).","Renseigner : lighting_type = Lampadaire ; light_source_type = Douille E27 ; power_w = 60 W max ; voltage_v = 220-240 V · 50 Hz ; cable_details = Fiche Schuko · Câble plastique noir · 250 cm ; ip_rating = IP20 ; safety_class = Classe I.",examen détaillé
à faire,moyen,Classement,INTERNAL_COLLECTION,artek-aalto-table-extendable-97,Table à rallonge Aalto 97 135/190 × 85 cm,,,"Membre de la collection de travail « Claude — Modifs 2026-05-16 » (manuelle, 568 produits) publiée sur les 4 canaux, dont Facebook/Instagram.",Shopify Admin (29 septembre 2026),Retirer le produit de la collection de travail ou dépublier celle-ci.,contrôle automatique
corrigé,moyen,Métachamps,NO_YEAR,artek-aalto-table-extendable-97,Table à rallonge Aalto 97 135/190 × 85 cm,,,custom.year vide : année de création absente de la fiche.,Shopify Admin (29 septembre 2026),Renseigner custom.year avec l’année Artek (voir reference-artek.csv).,contrôle automatique
corrigé,moyen,Métachamps,NO_MATERIAL,artek-aalto-table-extendable-97,Table à rallonge Aalto 97 135/190 × 85 cm,,,custom.material vide : aucune matière affichée.,Shopify Admin (29 septembre 2026),"Renseigner custom.material (matières Artek, voir reference-artek.csv).",contrôle automatique
corrigé,moyen,Métachamps,YEAR_ONLY_IN_SEO,artek-aalto-table-extendable-97,Table à rallonge Aalto 97 135/190 × 85 cm,,,Année 1956 présente dans le SEO mais pas dans custom.year.,Shopify Admin (29 septembre 2026),Reporter l’année dans custom.year après vérification.,contrôle automatique
corrigé,moyen,Métachamps,YEAR_MATERIAL_VALUES,artek-aalto-table-extendable-97,Table à rallonge Aalto 97 135/190 × 85 cm,,,custom.year et custom.material vides (constats auto confirmés) : valeurs à saisir.,"https://www.artek.fi/en/products/aalto-table-extendable : « Alvar Aalto, 1956 » ; matières : https://www.artek.fi/en/products/aalto-table-extendable « Legs and top edge-band: Solid birch / Top surface versions: Birch veneer, High-pressure laminate, Linoleum »","custom.year = 1956 ; custom.material = « Pieds et chant du plateau en bouleau massif ; âme du plateau en bouleau massif, aggloméré ou nid d'abeille ; surface en placage bouleau, stratifié HPL blanc « IKI » ou linoléum »",examen détaillé
à faire,moyen,Variantes,NO_SHIPPING_WEIGHT,artek-aalto-table-extendable-97,Table à rallonge Aalto 97 135/190 × 85 cm,,,Poids d’expédition à 0 kg sur les 2 variantes (meuble volumineux).,dossier : weightKg = 0 pour chaque variante,Saisir le poids emballé fourni par Artek pour chaque variante.,examen détaillé
à faire,moyen,Classement,INTERNAL_COLLECTION,artek-aalto-table-foldable-dl81c,Table pliante Aalto DL81C 75/113 × 75 cm,,,"Membre de la collection de travail « Claude — Modifs 2026-05-16 » (manuelle, 568 produits) publiée sur les 4 canaux, dont Facebook/Instagram.",Shopify Admin (29 septembre 2026),Retirer le produit de la collection de travail ou dépublier celle-ci.,contrôle automatique
corrigé,moyen,Métachamps,NO_YEAR,artek-aalto-table-foldable-dl81c,Table pliante Aalto DL81C 75/113 × 75 cm,,,custom.year vide : année de création absente de la fiche.,Shopify Admin (29 septembre 2026),Renseigner custom.year avec l’année Artek (voir reference-artek.csv).,contrôle automatique
corrigé,moyen,Métachamps,NO_MATERIAL,artek-aalto-table-foldable-dl81c,Table pliante Aalto DL81C 75/113 × 75 cm,,,custom.material vide : aucune matière affichée.,Shopify Admin (29 septembre 2026),"Renseigner custom.material (matières Artek, voir reference-artek.csv).",contrôle automatique
corrigé,moyen,Options,OPTION_VALUE_EN,artek-aalto-table-foldable-dl81c,Table pliante Aalto DL81C 75/113 × 75 cm,,,Valeurs d’option en anglais/code : Clay linoléum | Pistachio linoléum | Vapour linoléum.,Shopify Admin (29 septembre 2026),,contrôle automatique
corrigé,moyen,Métachamps,YEAR_MATERIAL_VALUES,artek-aalto-table-foldable-dl81c,Table pliante Aalto DL81C 75/113 × 75 cm,,,custom.year et custom.material vides (constats auto confirmés) : valeurs à saisir.,"https://www.artek.fi/en/products/aalto-table-foldable : « Alvar Aalto, 1933 » ; matières : https://www.artek.fi/en/products/aalto-table-foldable « Legs and top edge-band: Solid birch / Top surface versions: Birch veneer, High-pressure laminate, Linoleum »","custom.year = 1933 ; custom.material = « Pieds et chant du plateau en bouleau massif ; âme du plateau en bouleau massif, aggloméré ou nid d'abeille ; surface en placage bouleau, stratifié HPL blanc « IKI » ou linoléum »",examen détaillé
à faire,moyen,Variantes,NO_SHIPPING_WEIGHT,artek-aalto-table-foldable-dl81c,Table pliante Aalto DL81C 75/113 × 75 cm,,,Poids d’expédition à 0 kg sur les 6 variantes (meuble volumineux).,dossier : weightKg = 0 pour chaque variante,Saisir le poids emballé fourni par Artek pour chaque variante.,examen détaillé
corrigé,moyen,SEO,SEO_DESC_ENGLISH,artek-aalto-table-foldable-dl81c,Table pliante Aalto DL81C 75/113 × 75 cm,,,Méta-description avec un mot anglais (« foldable ») repris du nom fournisseur.,"SEO : « Table Aalto foldable DL81C — marque finlandaise Artek, design intemporel. Livraison Belgique depuis Mikado Deco. »","Remplacer par la forme française (rectangulaire, carrée, ronde, pliante) et citer Alvar Aalto et l’année.",examen détaillé
corrigé,moyen,Variantes,TWO_TONE_LABELS,artek-aalto-table-foldable-dl81c,Table pliante Aalto DL81C 75/113 × 75 cm,Clay linoléum,,"Les libellés « Clay linoléum », « Pistachio linoléum » et « Vapour linoléum » sont en anglais et incomplets : ils ne disent pas qu’il s’agit d’éditions limitées bicolores ni quelle est la seconde teinte.","artek.fi : « Linoleum pistachio/olive », « Linoleum vapour/smokey blue », « Linoleum clay/walnut »","« Linoléum bicolore argile/noyer », « Linoléum bicolore pistache/olive », « Linoléum bicolore vapeur/bleu fumé » ; remplacer aussi les tags clay-linoleum, pistachio-linoleum et vapour-linoleum.",examen détaillé
à faire,moyen,Photos,VARIANT_IMAGE_IS_AMBIANCE,artek-aalto-table-foldable-dl81c,Table pliante Aalto DL81C 75/113 × 75 cm,Lamifié blanc,#4,"L’image de la variante « Lamifié blanc » est un gros plan d’ambiance recadré (tasse, assiette, chaises) et non un packshot : la table entière n’apparaît pas.",#4 « Aalto-Table-foldable-DL81C_white-laminate.jpg » 1500×1500,Utiliser le packshot Artek DL81C lamifié blanc et laisser #4 en ambiance.,examen détaillé
à faire,moyen,Classement,INTERNAL_COLLECTION,artek-aalto-table-half-round-95,Table demi-ronde Aalto 95 120 × 60 cm,,,"Membre de la collection de travail « Claude — Modifs 2026-05-16 » (manuelle, 568 produits) publiée sur les 4 canaux, dont Facebook/Instagram.",Shopify Admin (29 septembre 2026),Retirer le produit de la collection de travail ou dépublier celle-ci.,contrôle automatique
corrigé,moyen,Métachamps,NO_YEAR,artek-aalto-table-half-round-95,Table demi-ronde Aalto 95 120 × 60 cm,,,custom.year vide : année de création absente de la fiche.,Shopify Admin (29 septembre 2026),Renseigner custom.year avec l’année Artek (voir reference-artek.csv).,contrôle automatique
corrigé,moyen,Métachamps,NO_MATERIAL,artek-aalto-table-half-round-95,Table demi-ronde Aalto 95 120 × 60 cm,,,custom.material vide : aucune matière affichée.,Shopify Admin (29 septembre 2026),"Renseigner custom.material (matières Artek, voir reference-artek.csv).",contrôle automatique
corrigé,moyen,Métachamps,YEAR_MATERIAL_VALUES,artek-aalto-table-half-round-95,Table demi-ronde Aalto 95 120 × 60 cm,,,custom.year et custom.material vides (constats auto confirmés) : valeurs à saisir.,"https://www.artek.fi/en/products/aalto-table-half-round : « Alvar Aalto, 1933 » ; la notice https://www.artek.fi/downloads/Aalto-Table-half-round-95-User-Instruction-3448897.pdf indique « Design Alvar Aalto 1935 » (à confirmer auprès d’Artek, la page produit fait foi) ; matières : https://www.artek.fi/en/products/aalto-table-half-round « Legs and top edge-band: Solid birch / Top surface versions: Birch veneer, High-pressure laminate, Linoleum »","custom.year = 1933 ; custom.material = « Pieds et chant du plateau en bouleau massif ; âme du plateau en bouleau massif, aggloméré ou nid d'abeille ; surface en placage bouleau, stratifié HPL blanc « IKI » ou linoléum »",examen détaillé
à faire,moyen,Variantes,NO_SHIPPING_WEIGHT,artek-aalto-table-half-round-95,Table demi-ronde Aalto 95 120 × 60 cm,,,Poids d’expédition à 0 kg sur les 3 variantes (meuble volumineux).,dossier : weightKg = 0 pour chaque variante,Saisir le poids emballé fourni par Artek pour chaque variante.,examen détaillé
à faire,moyen,Classement,INTERNAL_COLLECTION,artek-aalto-table-half-round-96,Table demi-ronde Aalto 96 150 × 75 cm,,,"Membre de la collection de travail « Claude — Modifs 2026-05-16 » (manuelle, 568 produits) publiée sur les 4 canaux, dont Facebook/Instagram.",Shopify Admin (29 septembre 2026),Retirer le produit de la collection de travail ou dépublier celle-ci.,contrôle automatique
corrigé,moyen,Métachamps,NO_YEAR,artek-aalto-table-half-round-96,Table demi-ronde Aalto 96 150 × 75 cm,,,custom.year vide : année de création absente de la fiche.,Shopify Admin (29 septembre 2026),Renseigner custom.year avec l’année Artek (voir reference-artek.csv).,contrôle automatique
corrigé,moyen,Métachamps,NO_MATERIAL,artek-aalto-table-half-round-96,Table demi-ronde Aalto 96 150 × 75 cm,,,custom.material vide : aucune matière affichée.,Shopify Admin (29 septembre 2026),"Renseigner custom.material (matières Artek, voir reference-artek.csv).",contrôle automatique
corrigé,moyen,Métachamps,YEAR_MATERIAL_VALUES,artek-aalto-table-half-round-96,Table demi-ronde Aalto 96 150 × 75 cm,,,custom.year et custom.material vides (constats auto confirmés) : valeurs à saisir.,"https://www.artek.fi/en/products/aalto-table-half-round : « Alvar Aalto, 1933 » ; la notice https://www.artek.fi/downloads/Aalto-Table-half-round-96-User-Instructions-8754718.pdf indique « Design Alvar Aalto 1935 » (à confirmer auprès d’Artek, la page produit fait foi) ; matières : https://www.artek.fi/en/products/aalto-table-half-round « Legs and top edge-band: Solid birch / Top surface versions: Birch veneer, High-pressure laminate, Linoleum »","custom.year = 1933 ; custom.material = « Pieds et chant du plateau en bouleau massif ; âme du plateau en bouleau massif, aggloméré ou nid d'abeille ; surface en placage bouleau, stratifié HPL blanc « IKI » ou linoléum »",examen détaillé
à faire,moyen,Variantes,NO_SHIPPING_WEIGHT,artek-aalto-table-half-round-96,Table demi-ronde Aalto 96 150 × 75 cm,,,Poids d’expédition à 0 kg sur les 3 variantes (meuble volumineux).,dossier : weightKg = 0 pour chaque variante,Saisir le poids emballé fourni par Artek pour chaque variante.,examen détaillé
à faire,moyen,Classement,INTERNAL_COLLECTION,artek-aalto-table-rectangular-80a,Table Aalto 80A 120 × 60 cm,,,"Membre de la collection de travail « Claude — Modifs 2026-05-16 » (manuelle, 568 produits) publiée sur les 4 canaux, dont Facebook/Instagram.",Shopify Admin (29 septembre 2026),Retirer le produit de la collection de travail ou dépublier celle-ci.,contrôle automatique
corrigé,moyen,Métachamps,NO_YEAR,artek-aalto-table-rectangular-80a,Table Aalto 80A 120 × 60 cm,,,custom.year vide : année de création absente de la fiche.,Shopify Admin (29 septembre 2026),Renseigner custom.year avec l’année Artek (voir reference-artek.csv).,contrôle automatique
corrigé,moyen,Métachamps,NO_MATERIAL,artek-aalto-table-rectangular-80a,Table Aalto 80A 120 × 60 cm,,,custom.material vide : aucune matière affichée.,Shopify Admin (29 septembre 2026),"Renseigner custom.material (matières Artek, voir reference-artek.csv).",contrôle automatique
corrigé,moyen,Métachamps,YEAR_MATERIAL_VALUES,artek-aalto-table-rectangular-80a,Table Aalto 80A 120 × 60 cm,,,custom.year et custom.material vides (constats auto confirmés) : valeurs à saisir.,"https://www.artek.fi/en/products/aalto-table-rectangular : « Alvar Aalto, 1933 » ; matières : https://www.artek.fi/en/products/aalto-table-rectangular « Legs and top edge-band: Solid birch / Top surface versions: Birch veneer, High-pressure laminate, Linoleum »","custom.year = 1933 ; custom.material = « Pieds et chant du plateau en bouleau massif ; âme du plateau en bouleau massif, aggloméré ou nid d'abeille ; surface en placage bouleau, stratifié HPL blanc « IKI » ou linoléum »",examen détaillé
à faire,moyen,Variantes,NO_SHIPPING_WEIGHT,artek-aalto-table-rectangular-80a,Table Aalto 80A 120 × 60 cm,,,Poids d’expédition à 0 kg sur les 3 variantes (meuble volumineux).,dossier : weightKg = 0 pour chaque variante,Saisir le poids emballé fourni par Artek pour chaque variante.,examen détaillé
corrigé,moyen,SEO,SEO_DESC_ENGLISH,artek-aalto-table-rectangular-80a,Table Aalto 80A 120 × 60 cm,,,Méta-description avec un mot anglais (« rectangular ») repris du nom fournisseur.,"SEO : « Table Aalto rectangular 80A — marque finlandaise Artek, design intemporel. Livraison Belgique depuis Mikado Deco. »","Remplacer par la forme française (rectangulaire, carrée, ronde, pliante) et citer Alvar Aalto et l’année.",examen détaillé
corrigé,moyen,Photos,CHILD_TABLE_PACKSHOTS,artek-aalto-table-rectangular-80a,Table Aalto 80A 120 × 60 cm,,"#8, #9, #10","Trois packshots de la table ENFANT 80A (H60, vendue sur la fiche artek-aalto-table-rectangular-80a-60cm) sont en galerie : ils apparaissent comme ambiances de la table adulte H74 et peuvent tromper sur la hauteur.","#8, #9, #10 : fichiers « Aalto-Children_s-Table-rectangular-80A-… » (pieds visiblement plus courts que #6/#7)",Retirer #8-#10 de cette fiche (ils existent sur la fiche enfant).,examen détaillé
corrigé,moyen,Photos,OTHER_CODE_CHILD_SCENE,artek-aalto-table-rectangular-80a,Table Aalto 80A 120 × 60 cm,,#5,"Photo « Children’s Chair N65 and Aalto Table 81B in situ » : chaise enfant N65 et table enfant 81B (H60) dans une chambre d’enfant ; ni 80A ni table adulte.",#5 fichier « Children_s-Chair-N65-and-Aalto-Table-81B-in-situ-close-up »,Retirer #5.,examen détaillé
à faire,moyen,Classement,INTERNAL_COLLECTION,artek-aalto-table-rectangular-80a-60cm,Table enfant Aalto 80A 120 × 60 cm H60,,,"Membre de la collection de travail « Claude — Modifs 2026-05-16 » (manuelle, 568 produits) publiée sur les 4 canaux, dont Facebook/Instagram.",Shopify Admin (29 septembre 2026),Retirer le produit de la collection de travail ou dépublier celle-ci.,contrôle automatique
à faire,moyen,Classement,KIDS_TABLE_TYPE,artek-aalto-table-rectangular-80a-60cm,Table enfant Aalto 80A 120 × 60 cm H60,,,Table enfant typée « Table » : elle entre dans la famille Tables comme une table de repas (catégorie Shopify : Dining Tables).,Shopify Admin (29 septembre 2026),"Type « Table enfant » ou tag dédié, et catégorie Shopify Kids Tables.",contrôle automatique
corrigé,moyen,Métachamps,NO_YEAR,artek-aalto-table-rectangular-80a-60cm,Table enfant Aalto 80A 120 × 60 cm H60,,,custom.year vide : année de création absente de la fiche.,Shopify Admin (29 septembre 2026),Renseigner custom.year avec l’année Artek (voir reference-artek.csv).,contrôle automatique
à faire,moyen,Métachamps,NO_MATERIAL,artek-aalto-table-rectangular-80a-60cm,Table enfant Aalto 80A 120 × 60 cm H60,,,custom.material vide : aucune matière affichée.,Shopify Admin (29 septembre 2026),"Renseigner custom.material (matières Artek, voir reference-artek.csv).",contrôle automatique
corrigé,moyen,Métachamps,NO_ORIGIN,artek-aalto-table-rectangular-80a-60cm,Table enfant Aalto 80A 120 × 60 cm H60,,,custom.origin vide : pays de fabrication absent de la fiche.,Shopify Admin (29 septembre 2026),Renseigner custom.origin et custom.country_of_origin avec le « Made in » Artek.,contrôle automatique
à faire,moyen,Description,DESC_DUP,artek-aalto-table-rectangular-80a-60cm,Table enfant Aalto 80A 120 × 60 cm H60,,,"Description identique à artek-aalto-table-rectangular-80b-60cm, artek-aalto-table-rectangular-81a-60cm, artek-aalto-table-rectangular-81b-60cm, artek-aalto-table-square-81c-60cm, artek-aalto-table-round-90a-60cm.",Shopify Admin (29 septembre 2026),Rédiger une description propre à chaque taille/version.,contrôle automatique
à faire,moyen,Prix,KIDS_PRICE_EQUALS_ADULT,artek-aalto-table-rectangular-80a-60cm,Table enfant Aalto 80A 120 × 60 cm H60,,,"Prix identique à la version adulte artek-aalto-table-rectangular-80a (1152.0 € vs 1152.0 €) ; vérifier le tarif Artek de la hauteur 60 cm.",Shopify Admin (29 septembre 2026),,contrôle automatique
partiellement corrigé,moyen,Photos,GALLERY_OTHER_MODEL,artek-aalto-table-rectangular-80a-60cm,Table enfant Aalto 80A 120 × 60 cm H60,,#2,La seule ambiance (#2) est un gros plan d'une table enfant 81B avec des chaises N65 : on ne voit pas le modèle vendu (80A 120 × 60 cm H60).,"Photo #2, fichier …Children_s-Chair-N65-and-Aalto-Table-81B-in-situ-close-up…","Remplacer par une ambiance du modèle réel si elle existe, sinon garder mais avec l'alt « Table enfant Aalto 81B et chaises N65 (illustration de la gamme) ».",examen détaillé
à faire,moyen,Classement,INTERNAL_COLLECTION,artek-aalto-table-rectangular-80b,Table Aalto 80B 100 × 60 cm,,,"Membre de la collection de travail « Claude — Modifs 2026-05-16 » (manuelle, 568 produits) publiée sur les 4 canaux, dont Facebook/Instagram.",Shopify Admin (29 septembre 2026),Retirer le produit de la collection de travail ou dépublier celle-ci.,contrôle automatique
corrigé,moyen,Métachamps,NO_YEAR,artek-aalto-table-rectangular-80b,Table Aalto 80B 100 × 60 cm,,,custom.year vide : année de création absente de la fiche.,Shopify Admin (29 septembre 2026),Renseigner custom.year avec l’année Artek (voir reference-artek.csv).,contrôle automatique
corrigé,moyen,Métachamps,NO_MATERIAL,artek-aalto-table-rectangular-80b,Table Aalto 80B 100 × 60 cm,,,custom.material vide : aucune matière affichée.,Shopify Admin (29 septembre 2026),"Renseigner custom.material (matières Artek, voir reference-artek.csv).",contrôle automatique
corrigé,moyen,Métachamps,YEAR_MATERIAL_VALUES,artek-aalto-table-rectangular-80b,Table Aalto 80B 100 × 60 cm,,,custom.year et custom.material vides (constats auto confirmés) : valeurs à saisir.,"https://www.artek.fi/en/products/aalto-table-rectangular : « Alvar Aalto, 1933 » ; matières : https://www.artek.fi/en/products/aalto-table-rectangular « Legs and top edge-band: Solid birch / Top surface versions: Birch veneer, High-pressure laminate, Linoleum »","custom.year = 1933 ; custom.material = « Pieds et chant du plateau en bouleau massif ; âme du plateau en bouleau massif, aggloméré ou nid d'abeille ; surface en placage bouleau, stratifié HPL blanc « IKI » ou linoléum »",examen détaillé
à faire,moyen,Variantes,NO_SHIPPING_WEIGHT,artek-aalto-table-rectangular-80b,Table Aalto 80B 100 × 60 cm,,,Poids d’expédition à 0 kg sur les 3 variantes (meuble volumineux).,dossier : weightKg = 0 pour chaque variante,Saisir le poids emballé fourni par Artek pour chaque variante.,examen détaillé
corrigé,moyen,SEO,SEO_DESC_ENGLISH,artek-aalto-table-rectangular-80b,Table Aalto 80B 100 × 60 cm,,,Méta-description avec un mot anglais (« rectangular ») repris du nom fournisseur.,"SEO : « Table Aalto rectangular 80B — marque finlandaise Artek, design intemporel. Livraison Belgique depuis Mikado Deco. »","Remplacer par la forme française (rectangulaire, carrée, ronde, pliante) et citer Alvar Aalto et l’année.",examen détaillé
corrigé,moyen,Photos,CHILD_TABLE_PACKSHOTS,artek-aalto-table-rectangular-80b,Table Aalto 80B 100 × 60 cm,,"#8, #9, #10",Trois packshots de la table ENFANT 80B (H60) affichés comme ambiances de la table adulte H74.,"#8, #9, #10 : « Aalto-Children_s-Table-rectangular-80B_-… »",Retirer #8-#10 (fiche enfant artek-aalto-table-rectangular-80b-60cm).,examen détaillé
corrigé,moyen,Photos,OTHER_CODE_CHILD_SCENE,artek-aalto-table-rectangular-80b,Table Aalto 80B 100 × 60 cm,,#3,Photo « Children’s Chair N65 and Aalto Table 81B in situ » : chaise enfant N65 et table enfant 81B (H60) dans une chambre d’enfant.,#3 « Childrens-Chair-N65-and-Aalto-Table-81B-in-situ-close-up_web.jpg »,Retirer #3.,examen détaillé
à faire,moyen,Classement,INTERNAL_COLLECTION,artek-aalto-table-rectangular-80b-60cm,Table enfant Aalto 80B 100 × 60 cm H60,,,"Membre de la collection de travail « Claude — Modifs 2026-05-16 » (manuelle, 568 produits) publiée sur les 4 canaux, dont Facebook/Instagram.",Shopify Admin (29 septembre 2026),Retirer le produit de la collection de travail ou dépublier celle-ci.,contrôle automatique
à faire,moyen,Classement,KIDS_TABLE_TYPE,artek-aalto-table-rectangular-80b-60cm,Table enfant Aalto 80B 100 × 60 cm H60,,,Table enfant typée « Table » : elle entre dans la famille Tables comme une table de repas (catégorie Shopify : Dining Tables).,Shopify Admin (29 septembre 2026),"Type « Table enfant » ou tag dédié, et catégorie Shopify Kids Tables.",contrôle automatique
corrigé,moyen,Métachamps,NO_YEAR,artek-aalto-table-rectangular-80b-60cm,Table enfant Aalto 80B 100 × 60 cm H60,,,custom.year vide : année de création absente de la fiche.,Shopify Admin (29 septembre 2026),Renseigner custom.year avec l’année Artek (voir reference-artek.csv).,contrôle automatique
à faire,moyen,Métachamps,NO_MATERIAL,artek-aalto-table-rectangular-80b-60cm,Table enfant Aalto 80B 100 × 60 cm H60,,,custom.material vide : aucune matière affichée.,Shopify Admin (29 septembre 2026),"Renseigner custom.material (matières Artek, voir reference-artek.csv).",contrôle automatique
corrigé,moyen,Métachamps,NO_ORIGIN,artek-aalto-table-rectangular-80b-60cm,Table enfant Aalto 80B 100 × 60 cm H60,,,custom.origin vide : pays de fabrication absent de la fiche.,Shopify Admin (29 septembre 2026),Renseigner custom.origin et custom.country_of_origin avec le « Made in » Artek.,contrôle automatique
à faire,moyen,Description,DESC_DUP,artek-aalto-table-rectangular-80b-60cm,Table enfant Aalto 80B 100 × 60 cm H60,,,"Description identique à artek-aalto-table-rectangular-80a-60cm, artek-aalto-table-rectangular-81a-60cm, artek-aalto-table-rectangular-81b-60cm, artek-aalto-table-square-81c-60cm, artek-aalto-table-round-90a-60cm.",Shopify Admin (29 septembre 2026),Rédiger une description propre à chaque taille/version.,contrôle automatique
corrigé,moyen,Options,OPTION_VALUE_EN,artek-aalto-table-rectangular-80b-60cm,Table enfant Aalto 80B 100 × 60 cm H60,,,Valeurs d’option en anglais/code : Iki blanc hp.,Shopify Admin (29 septembre 2026),,contrôle automatique
à faire,moyen,Prix,KIDS_PRICE_EQUALS_ADULT,artek-aalto-table-rectangular-80b-60cm,Table enfant Aalto 80B 100 × 60 cm H60,,,"Prix identique à la version adulte artek-aalto-table-rectangular-80b (1069.0 € vs 1069.0 €) ; vérifier le tarif Artek de la hauteur 60 cm.",Shopify Admin (29 septembre 2026),,contrôle automatique
corrigé,moyen,Options,KIDS_FINISHES_DIFF,artek-aalto-table-rectangular-80b-60cm,Table enfant Aalto 80B 100 × 60 cm H60,,,Finitions différentes de la version adulte : [Bouleau|Iki blanc hp|Linoléum noir] vs [Bouleau|Lamifié blanc|Linoléum noir].,Shopify Admin (29 septembre 2026),,contrôle automatique
partiellement corrigé,moyen,Photos,GALLERY_OTHER_MODEL,artek-aalto-table-rectangular-80b-60cm,Table enfant Aalto 80B 100 × 60 cm H60,,#2,La seule ambiance (#2) est un gros plan d'une table enfant 81B avec des chaises N65 : on ne voit pas le modèle vendu (80B 100 × 60 cm H60).,"Photo #2, fichier …Children_s-Chair-N65-and-Aalto-Table-81B-in-situ-close-up…","Remplacer par une ambiance du modèle réel si elle existe, sinon garder mais avec l'alt « Table enfant Aalto 81B et chaises N65 (illustration de la gamme) ».",examen détaillé
à faire,moyen,Classement,INTERNAL_COLLECTION,artek-aalto-table-rectangular-81a,Table Aalto 81A 150 × 75 cm,,,"Membre de la collection de travail « Claude — Modifs 2026-05-16 » (manuelle, 568 produits) publiée sur les 4 canaux, dont Facebook/Instagram.",Shopify Admin (29 septembre 2026),Retirer le produit de la collection de travail ou dépublier celle-ci.,contrôle automatique
corrigé,moyen,Métachamps,NO_YEAR,artek-aalto-table-rectangular-81a,Table Aalto 81A 150 × 75 cm,,,custom.year vide : année de création absente de la fiche.,Shopify Admin (29 septembre 2026),Renseigner custom.year avec l’année Artek (voir reference-artek.csv).,contrôle automatique
corrigé,moyen,Métachamps,NO_MATERIAL,artek-aalto-table-rectangular-81a,Table Aalto 81A 150 × 75 cm,,,custom.material vide : aucune matière affichée.,Shopify Admin (29 septembre 2026),"Renseigner custom.material (matières Artek, voir reference-artek.csv).",contrôle automatique
corrigé,moyen,Photos,VARIANT_ALT_MISMATCH,artek-aalto-table-rectangular-81a,Table Aalto 81A 150 × 75 cm,Bouleau,,Alt de l’image de variante « Table Aalto 81A 150 × 75 cm — Artek » sans rapport avec la finition « Bouleau ».,Shopify Admin (29 septembre 2026),,contrôle automatique
corrigé,moyen,Métachamps,YEAR_MATERIAL_VALUES,artek-aalto-table-rectangular-81a,Table Aalto 81A 150 × 75 cm,,,custom.year et custom.material vides (constats auto confirmés) : valeurs à saisir.,"https://www.artek.fi/en/products/aalto-table-rectangular : « Alvar Aalto, 1933 » ; matières : https://www.artek.fi/en/products/aalto-table-rectangular « Legs and top edge-band: Solid birch / Top surface versions: Birch veneer, High-pressure laminate, Linoleum »","custom.year = 1933 ; custom.material = « Pieds et chant du plateau en bouleau massif ; âme du plateau en bouleau massif, aggloméré ou nid d'abeille ; surface en placage bouleau, stratifié HPL blanc « IKI » ou linoléum »",examen détaillé
à faire,moyen,Variantes,NO_SHIPPING_WEIGHT,artek-aalto-table-rectangular-81a,Table Aalto 81A 150 × 75 cm,,,Poids d’expédition à 0 kg sur les 3 variantes (meuble volumineux).,dossier : weightKg = 0 pour chaque variante,Saisir le poids emballé fourni par Artek pour chaque variante.,examen détaillé
corrigé,moyen,SEO,SEO_DESC_ENGLISH,artek-aalto-table-rectangular-81a,Table Aalto 81A 150 × 75 cm,,,Méta-description avec un mot anglais (« rectangular ») repris du nom fournisseur.,"SEO : « Table Aalto rectangular 81A — marque finlandaise Artek, design intemporel. Livraison Belgique depuis Mikado Deco. »","Remplacer par la forme française (rectangulaire, carrée, ronde, pliante) et citer Alvar Aalto et l’année.",examen détaillé
corrigé,moyen,Photos,CHILD_TABLE_PACKSHOTS,artek-aalto-table-rectangular-81a,Table Aalto 81A 150 × 75 cm,,"#6, #7",Deux packshots de la table ENFANT 81A (H60) en galerie de la table adulte.,"#6, #7 « Aalto-Children_s-Table-rectangular-81A_-… »",Retirer #6-#7 (fiche enfant 81a-60cm).,examen détaillé
corrigé,moyen,Photos,OTHER_CODE_CHILD_SCENE,artek-aalto-table-rectangular-81a,Table Aalto 81A 150 × 75 cm,,#3,Photo « Children’s Chair N65 and Aalto Table 81B in situ » : chaise enfant N65 et table enfant 81B (H60) dans une chambre d’enfant.,#3 « Childrens-Chair-N65-and-Aalto-Table-81B-in-situ-close-up… »,Retirer #3.,examen détaillé
à faire,moyen,Classement,INTERNAL_COLLECTION,artek-aalto-table-rectangular-81a-60cm,Table enfant Aalto 81A 150 × 75 cm H60,,,"Membre de la collection de travail « Claude — Modifs 2026-05-16 » (manuelle, 568 produits) publiée sur les 4 canaux, dont Facebook/Instagram.",Shopify Admin (29 septembre 2026),Retirer le produit de la collection de travail ou dépublier celle-ci.,contrôle automatique
à faire,moyen,Classement,KIDS_TABLE_TYPE,artek-aalto-table-rectangular-81a-60cm,Table enfant Aalto 81A 150 × 75 cm H60,,,Table enfant typée « Table » : elle entre dans la famille Tables comme une table de repas (catégorie Shopify : Dining Tables).,Shopify Admin (29 septembre 2026),"Type « Table enfant » ou tag dédié, et catégorie Shopify Kids Tables.",contrôle automatique
corrigé,moyen,Métachamps,NO_YEAR,artek-aalto-table-rectangular-81a-60cm,Table enfant Aalto 81A 150 × 75 cm H60,,,custom.year vide : année de création absente de la fiche.,Shopify Admin (29 septembre 2026),Renseigner custom.year avec l’année Artek (voir reference-artek.csv).,contrôle automatique
à faire,moyen,Métachamps,NO_MATERIAL,artek-aalto-table-rectangular-81a-60cm,Table enfant Aalto 81A 150 × 75 cm H60,,,custom.material vide : aucune matière affichée.,Shopify Admin (29 septembre 2026),"Renseigner custom.material (matières Artek, voir reference-artek.csv).",contrôle automatique
corrigé,moyen,Métachamps,NO_ORIGIN,artek-aalto-table-rectangular-81a-60cm,Table enfant Aalto 81A 150 × 75 cm H60,,,custom.origin vide : pays de fabrication absent de la fiche.,Shopify Admin (29 septembre 2026),Renseigner custom.origin et custom.country_of_origin avec le « Made in » Artek.,contrôle automatique
à faire,moyen,Description,DESC_DUP,artek-aalto-table-rectangular-81a-60cm,Table enfant Aalto 81A 150 × 75 cm H60,,,"Description identique à artek-aalto-table-rectangular-80a-60cm, artek-aalto-table-rectangular-80b-60cm, artek-aalto-table-rectangular-81b-60cm, artek-aalto-table-square-81c-60cm, artek-aalto-table-round-90a-60cm.",Shopify Admin (29 septembre 2026),Rédiger une description propre à chaque taille/version.,contrôle automatique
corrigé,moyen,Photos,VARIANT_ALT_MISMATCH,artek-aalto-table-rectangular-81a-60cm,Table enfant Aalto 81A 150 × 75 cm H60,Bouleau,,Alt de l’image de variante « Table enfant Aalto 81A 150 × 75 cm H60 — Artek » sans rapport avec la finition « Bouleau ».,Shopify Admin (29 septembre 2026),,contrôle automatique
à faire,moyen,Prix,KIDS_PRICE_EQUALS_ADULT,artek-aalto-table-rectangular-81a-60cm,Table enfant Aalto 81A 150 × 75 cm H60,,,"Prix identique à la version adulte artek-aalto-table-rectangular-81a (1659.0 € vs 1659.0 €) ; vérifier le tarif Artek de la hauteur 60 cm.",Shopify Admin (29 septembre 2026),,contrôle automatique
partiellement corrigé,moyen,Photos,GALLERY_OTHER_MODEL,artek-aalto-table-rectangular-81a-60cm,Table enfant Aalto 81A 150 × 75 cm H60,,#2,La seule ambiance (#2) est un gros plan d'une table enfant 81B avec des chaises N65 : on ne voit pas le modèle vendu (81A 150 × 75 cm H60).,"Photo #2, fichier …Children_s-Chair-N65-and-Aalto-Table-81B-in-situ-close-up…","Remplacer par une ambiance du modèle réel si elle existe, sinon garder mais avec l'alt « Table enfant Aalto 81B et chaises N65 (illustration de la gamme) ».",examen détaillé
à faire,moyen,Classement,INTERNAL_COLLECTION,artek-aalto-table-rectangular-81b,Table Aalto 81B 120 × 75 cm,,,"Membre de la collection de travail « Claude — Modifs 2026-05-16 » (manuelle, 568 produits) publiée sur les 4 canaux, dont Facebook/Instagram.",Shopify Admin (29 septembre 2026),Retirer le produit de la collection de travail ou dépublier celle-ci.,contrôle automatique
corrigé,moyen,Métachamps,NO_YEAR,artek-aalto-table-rectangular-81b,Table Aalto 81B 120 × 75 cm,,,custom.year vide : année de création absente de la fiche.,Shopify Admin (29 septembre 2026),Renseigner custom.year avec l’année Artek (voir reference-artek.csv).,contrôle automatique
corrigé,moyen,Métachamps,NO_MATERIAL,artek-aalto-table-rectangular-81b,Table Aalto 81B 120 × 75 cm,,,custom.material vide : aucune matière affichée.,Shopify Admin (29 septembre 2026),"Renseigner custom.material (matières Artek, voir reference-artek.csv).",contrôle automatique
corrigé,moyen,Métachamps,YEAR_MATERIAL_VALUES,artek-aalto-table-rectangular-81b,Table Aalto 81B 120 × 75 cm,,,custom.year et custom.material vides (constats auto confirmés) : valeurs à saisir.,"https://www.artek.fi/en/products/aalto-table-rectangular : « Alvar Aalto, 1933 » ; matières : https://www.artek.fi/en/products/aalto-table-rectangular « Legs and top edge-band: Solid birch / Top surface versions: Birch veneer, High-pressure laminate, Linoleum »","custom.year = 1933 ; custom.material = « Pieds et chant du plateau en bouleau massif ; âme du plateau en bouleau massif, aggloméré ou nid d'abeille ; surface en placage bouleau, stratifié HPL blanc « IKI » ou linoléum »",examen détaillé
à faire,moyen,Variantes,NO_SHIPPING_WEIGHT,artek-aalto-table-rectangular-81b,Table Aalto 81B 120 × 75 cm,,,Poids d’expédition à 0 kg sur les 4 variantes (meuble volumineux).,dossier : weightKg = 0 pour chaque variante,Saisir le poids emballé fourni par Artek pour chaque variante.,examen détaillé
corrigé,moyen,SEO,SEO_DESC_ENGLISH,artek-aalto-table-rectangular-81b,Table Aalto 81B 120 × 75 cm,,,Méta-description avec un mot anglais (« rectangular ») repris du nom fournisseur.,"SEO : « Table Aalto rectangular 81B — marque finlandaise Artek, design intemporel. Livraison Belgique depuis Mikado Deco. »","Remplacer par la forme française (rectangulaire, carrée, ronde, pliante) et citer Alvar Aalto et l’année.",examen détaillé
corrigé,moyen,Photos,CHILD_TABLE_PHOTOS,artek-aalto-table-rectangular-81b,Table Aalto 81B 120 × 75 cm,,"#4, #5, #11, #12",Deux packshots de la table ENFANT 81B (H60) et deux scènes de chambre d’enfant (N65 + 81B enfant) servent d’ambiances à la table adulte.,"#11, #12 « Aalto-Children_s-Table-rectangular-81B-… » ; #4 « Children_s-Chair-N65-and-Aalto-table-81B-in-situ » ; #5 « Childrens-Chair-N65-and-Aalto-Table-81B-in-situ-close-up »","Retirer #4, #5, #11, #12 (fiche enfant 81b-60cm).",examen détaillé
à faire,moyen,Classement,INTERNAL_COLLECTION,artek-aalto-table-rectangular-81b-60cm,Table enfant Aalto 81B 120 × 75 cm H60,,,"Membre de la collection de travail « Claude — Modifs 2026-05-16 » (manuelle, 568 produits) publiée sur les 4 canaux, dont Facebook/Instagram.",Shopify Admin (29 septembre 2026),Retirer le produit de la collection de travail ou dépublier celle-ci.,contrôle automatique
à faire,moyen,Classement,KIDS_TABLE_TYPE,artek-aalto-table-rectangular-81b-60cm,Table enfant Aalto 81B 120 × 75 cm H60,,,Table enfant typée « Table » : elle entre dans la famille Tables comme une table de repas (catégorie Shopify : Dining Tables).,Shopify Admin (29 septembre 2026),"Type « Table enfant » ou tag dédié, et catégorie Shopify Kids Tables.",contrôle automatique
corrigé,moyen,Métachamps,NO_YEAR,artek-aalto-table-rectangular-81b-60cm,Table enfant Aalto 81B 120 × 75 cm H60,,,custom.year vide : année de création absente de la fiche.,Shopify Admin (29 septembre 2026),Renseigner custom.year avec l’année Artek (voir reference-artek.csv).,contrôle automatique
à faire,moyen,Métachamps,NO_MATERIAL,artek-aalto-table-rectangular-81b-60cm,Table enfant Aalto 81B 120 × 75 cm H60,,,custom.material vide : aucune matière affichée.,Shopify Admin (29 septembre 2026),"Renseigner custom.material (matières Artek, voir reference-artek.csv).",contrôle automatique
corrigé,moyen,Métachamps,NO_ORIGIN,artek-aalto-table-rectangular-81b-60cm,Table enfant Aalto 81B 120 × 75 cm H60,,,custom.origin vide : pays de fabrication absent de la fiche.,Shopify Admin (29 septembre 2026),Renseigner custom.origin et custom.country_of_origin avec le « Made in » Artek.,contrôle automatique
à faire,moyen,Description,DESC_DUP,artek-aalto-table-rectangular-81b-60cm,Table enfant Aalto 81B 120 × 75 cm H60,,,"Description identique à artek-aalto-table-rectangular-80a-60cm, artek-aalto-table-rectangular-80b-60cm, artek-aalto-table-rectangular-81a-60cm, artek-aalto-table-square-81c-60cm, artek-aalto-table-round-90a-60cm.",Shopify Admin (29 septembre 2026),Rédiger une description propre à chaque taille/version.,contrôle automatique
à faire,moyen,Prix,KIDS_PRICE_EQUALS_ADULT,artek-aalto-table-rectangular-81b-60cm,Table enfant Aalto 81B 120 × 75 cm H60,,,"Prix identique à la version adulte artek-aalto-table-rectangular-81b (1246.0 € vs 1246.0 €) ; vérifier le tarif Artek de la hauteur 60 cm.",Shopify Admin (29 septembre 2026),,contrôle automatique
à faire,moyen,Options,KIDS_FINISHES_DIFF,artek-aalto-table-rectangular-81b-60cm,Table enfant Aalto 81B 120 × 75 cm H60,,,Finitions différentes de la version adulte : [Bouleau|Lamifié blanc|Linoléum noir] vs [Bouleau|Bouleau sauvage|Bouleau verni naturel / lamifié blanc|Bouleau verni naturel / linoléum noir].,Shopify Admin (29 septembre 2026),,contrôle automatique
à faire,moyen,Classement,INTERNAL_COLLECTION,artek-aalto-table-rectangular-82a,Table Aalto 82A 150 × 85 cm,,,"Membre de la collection de travail « Claude — Modifs 2026-05-16 » (manuelle, 568 produits) publiée sur les 4 canaux, dont Facebook/Instagram.",Shopify Admin (29 septembre 2026),Retirer le produit de la collection de travail ou dépublier celle-ci.,contrôle automatique
corrigé,moyen,Métachamps,NO_YEAR,artek-aalto-table-rectangular-82a,Table Aalto 82A 150 × 85 cm,,,custom.year vide : année de création absente de la fiche.,Shopify Admin (29 septembre 2026),Renseigner custom.year avec l’année Artek (voir reference-artek.csv).,contrôle automatique
corrigé,moyen,Métachamps,NO_MATERIAL,artek-aalto-table-rectangular-82a,Table Aalto 82A 150 × 85 cm,,,custom.material vide : aucune matière affichée.,Shopify Admin (29 septembre 2026),"Renseigner custom.material (matières Artek, voir reference-artek.csv).",contrôle automatique
corrigé,moyen,Photos,VARIANT_ALT_MISMATCH,artek-aalto-table-rectangular-82a,Table Aalto 82A 150 × 85 cm,Bouleau,,Alt de l’image de variante « Table Aalto 82A 150 × 85 cm — Artek » sans rapport avec la finition « Bouleau ».,Shopify Admin (29 septembre 2026),,contrôle automatique
corrigé,moyen,Métachamps,YEAR_MATERIAL_VALUES,artek-aalto-table-rectangular-82a,Table Aalto 82A 150 × 85 cm,,,custom.year et custom.material vides (constats auto confirmés) : valeurs à saisir.,"https://www.artek.fi/en/products/aalto-table-rectangular : « Alvar Aalto, 1933 » ; matières : https://www.artek.fi/en/products/aalto-table-rectangular « Legs and top edge-band: Solid birch / Top surface versions: Birch veneer, High-pressure laminate, Linoleum »","custom.year = 1933 ; custom.material = « Pieds et chant du plateau en bouleau massif ; âme du plateau en bouleau massif, aggloméré ou nid d'abeille ; surface en placage bouleau, stratifié HPL blanc « IKI » ou linoléum »",examen détaillé
à faire,moyen,Variantes,NO_SHIPPING_WEIGHT,artek-aalto-table-rectangular-82a,Table Aalto 82A 150 × 85 cm,,,Poids d’expédition à 0 kg sur les 3 variantes (meuble volumineux).,dossier : weightKg = 0 pour chaque variante,Saisir le poids emballé fourni par Artek pour chaque variante.,examen détaillé
corrigé,moyen,SEO,SEO_DESC_ENGLISH,artek-aalto-table-rectangular-82a,Table Aalto 82A 150 × 85 cm,,,Méta-description avec un mot anglais (« rectangular ») repris du nom fournisseur.,"SEO : « Table Aalto rectangular 82A — marque finlandaise Artek, design intemporel. Livraison Belgique depuis Mikado Deco. »","Remplacer par la forme française (rectangulaire, carrée, ronde, pliante) et citer Alvar Aalto et l’année.",examen détaillé
à faire,moyen,Classement,INTERNAL_COLLECTION,artek-aalto-table-rectangular-82b,Table Aalto 82B 135 × 85 cm,,,"Membre de la collection de travail « Claude — Modifs 2026-05-16 » (manuelle, 568 produits) publiée sur les 4 canaux, dont Facebook/Instagram.",Shopify Admin (29 septembre 2026),Retirer le produit de la collection de travail ou dépublier celle-ci.,contrôle automatique
corrigé,moyen,Métachamps,NO_YEAR,artek-aalto-table-rectangular-82b,Table Aalto 82B 135 × 85 cm,,,custom.year vide : année de création absente de la fiche.,Shopify Admin (29 septembre 2026),Renseigner custom.year avec l’année Artek (voir reference-artek.csv).,contrôle automatique
corrigé,moyen,Métachamps,NO_MATERIAL,artek-aalto-table-rectangular-82b,Table Aalto 82B 135 × 85 cm,,,custom.material vide : aucune matière affichée.,Shopify Admin (29 septembre 2026),"Renseigner custom.material (matières Artek, voir reference-artek.csv).",contrôle automatique
corrigé,moyen,Métachamps,YEAR_MATERIAL_VALUES,artek-aalto-table-rectangular-82b,Table Aalto 82B 135 × 85 cm,,,custom.year et custom.material vides (constats auto confirmés) : valeurs à saisir.,"https://www.artek.fi/en/products/aalto-table-rectangular : « Alvar Aalto, 1933 » ; matières : https://www.artek.fi/en/products/aalto-table-rectangular « Legs and top edge-band: Solid birch / Top surface versions: Birch veneer, High-pressure laminate, Linoleum »","custom.year = 1933 ; custom.material = « Pieds et chant du plateau en bouleau massif ; âme du plateau en bouleau massif, aggloméré ou nid d'abeille ; surface en placage bouleau, stratifié HPL blanc « IKI » ou linoléum »",examen détaillé
à faire,moyen,Variantes,NO_SHIPPING_WEIGHT,artek-aalto-table-rectangular-82b,Table Aalto 82B 135 × 85 cm,,,Poids d’expédition à 0 kg sur les 3 variantes (meuble volumineux).,dossier : weightKg = 0 pour chaque variante,Saisir le poids emballé fourni par Artek pour chaque variante.,examen détaillé
corrigé,moyen,SEO,SEO_DESC_ENGLISH,artek-aalto-table-rectangular-82b,Table Aalto 82B 135 × 85 cm,,,Méta-description avec un mot anglais (« rectangular ») repris du nom fournisseur.,"SEO : « Table Aalto rectangular 82B — marque finlandaise Artek, design intemporel. Livraison Belgique depuis Mikado Deco. »","Remplacer par la forme française (rectangulaire, carrée, ronde, pliante) et citer Alvar Aalto et l’année.",examen détaillé
à faire,moyen,Classement,INTERNAL_COLLECTION,artek-aalto-table-rectangular-83,Table Aalto 83 182 × 91 cm,,,"Membre de la collection de travail « Claude — Modifs 2026-05-16 » (manuelle, 568 produits) publiée sur les 4 canaux, dont Facebook/Instagram.",Shopify Admin (29 septembre 2026),Retirer le produit de la collection de travail ou dépublier celle-ci.,contrôle automatique
corrigé,moyen,Métachamps,NO_YEAR,artek-aalto-table-rectangular-83,Table Aalto 83 182 × 91 cm,,,custom.year vide : année de création absente de la fiche.,Shopify Admin (29 septembre 2026),Renseigner custom.year avec l’année Artek (voir reference-artek.csv).,contrôle automatique
corrigé,moyen,Métachamps,NO_MATERIAL,artek-aalto-table-rectangular-83,Table Aalto 83 182 × 91 cm,,,custom.material vide : aucune matière affichée.,Shopify Admin (29 septembre 2026),"Renseigner custom.material (matières Artek, voir reference-artek.csv).",contrôle automatique
corrigé,moyen,Options,OPTION_VALUE_EN,artek-aalto-table-rectangular-83,Table Aalto 83 182 × 91 cm,,,Valeurs d’option en anglais/code : Bouleau teinté noyer / chêne veneer teinté noyer.,Shopify Admin (29 septembre 2026),,contrôle automatique
corrigé,moyen,Métachamps,YEAR_MATERIAL_VALUES,artek-aalto-table-rectangular-83,Table Aalto 83 182 × 91 cm,,,custom.year et custom.material vides (constats auto confirmés) : valeurs à saisir.,"https://www.artek.fi/en/products/aalto-table-rectangular : « Alvar Aalto, 1933 » ; matières : https://www.artek.fi/en/products/aalto-table-rectangular « Legs and top edge-band: Solid birch / Top surface versions: Birch veneer, High-pressure laminate, Linoleum »","custom.year = 1933 ; custom.material = « Pieds et chant du plateau en bouleau massif ; âme du plateau en bouleau massif, aggloméré ou nid d'abeille ; surface en placage bouleau, stratifié HPL blanc « IKI » ou linoléum »",examen détaillé
corrigé,moyen,SEO,SEO_DESC_ENGLISH,artek-aalto-table-rectangular-83,Table Aalto 83 182 × 91 cm,,,Méta-description avec un mot anglais (« rectangular ») repris du nom fournisseur.,"SEO : « Table Aalto rectangular 83 — marque finlandaise Artek, design intemporel. Livraison Belgique depuis Mikado Deco. »","Remplacer par la forme française (rectangulaire, carrée, ronde, pliante) et citer Alvar Aalto et l’année.",examen détaillé
corrigé,moyen,Variantes,WALNUT_LABEL,artek-aalto-table-rectangular-83,Table Aalto 83 182 × 91 cm,Bouleau teinté noyer / chêne veneer teinté noyer,,Libellé « Bouleau teinté noyer / chêne veneer teinté noyer » : mot anglais « veneer » (constat auto confirmé). Artek décrit des pieds en bouleau teinté noyer et un plateau en chêne teinté noyer. Le libellé ne correspond pas à celui de la table 91 (« Bouleau teinté noyer ») pour la même finition.,"#6 fichier « Aalto-Table-83_-legs-walnut-stained--top-oak-walnut-stained » ; artek.fi « Aalto-Table-rectangular-83-legs-walnut-stained-top-oak-walnut-stained »","« Teinté noyer (pieds bouleau, plateau placage chêne) », identique sur 83 et 91.",examen détaillé
à faire,moyen,Classement,INTERNAL_COLLECTION,artek-aalto-table-rectangular-86,Table Aalto 86 210 × 100 cm,,,"Membre de la collection de travail « Claude — Modifs 2026-05-16 » (manuelle, 568 produits) publiée sur les 4 canaux, dont Facebook/Instagram.",Shopify Admin (29 septembre 2026),Retirer le produit de la collection de travail ou dépublier celle-ci.,contrôle automatique
corrigé,moyen,Métachamps,NO_YEAR,artek-aalto-table-rectangular-86,Table Aalto 86 210 × 100 cm,,,custom.year vide : année de création absente de la fiche.,Shopify Admin (29 septembre 2026),Renseigner custom.year avec l’année Artek (voir reference-artek.csv).,contrôle automatique
corrigé,moyen,Métachamps,NO_MATERIAL,artek-aalto-table-rectangular-86,Table Aalto 86 210 × 100 cm,,,custom.material vide : aucune matière affichée.,Shopify Admin (29 septembre 2026),"Renseigner custom.material (matières Artek, voir reference-artek.csv).",contrôle automatique
corrigé,moyen,Métachamps,YEAR_MATERIAL_VALUES,artek-aalto-table-rectangular-86,Table Aalto 86 210 × 100 cm,,,custom.year et custom.material vides (constats auto confirmés) : valeurs à saisir.,"https://www.artek.fi/en/products/aalto-table-rectangular : « Alvar Aalto, 1933 » ; matières : https://www.artek.fi/en/products/aalto-table-rectangular « Legs and top edge-band: Solid birch / Top surface versions: Birch veneer, High-pressure laminate, Linoleum »","custom.year = 1933 ; custom.material = « Pieds et chant du plateau en bouleau massif ; âme du plateau en bouleau massif, aggloméré ou nid d'abeille ; surface en placage bouleau, stratifié HPL blanc « IKI » ou linoléum »",examen détaillé
à faire,moyen,Variantes,NO_SHIPPING_WEIGHT,artek-aalto-table-rectangular-86,Table Aalto 86 210 × 100 cm,,,Poids d’expédition à 0 kg sur les 3 variantes (meuble volumineux).,dossier : weightKg = 0 pour chaque variante,Saisir le poids emballé fourni par Artek pour chaque variante.,examen détaillé
corrigé,moyen,SEO,SEO_DESC_ENGLISH,artek-aalto-table-rectangular-86,Table Aalto 86 210 × 100 cm,,,Méta-description avec un mot anglais (« rectangular ») repris du nom fournisseur.,"SEO : « Table Aalto rectangular 86 — marque finlandaise Artek, design intemporel. Livraison Belgique depuis Mikado Deco. »","Remplacer par la forme française (rectangulaire, carrée, ronde, pliante) et citer Alvar Aalto et l’année.",examen détaillé
à faire,moyen,Classement,INTERNAL_COLLECTION,artek-aalto-table-rectangular-86a,Table Aalto 86A 240 × 100 cm,,,"Membre de la collection de travail « Claude — Modifs 2026-05-16 » (manuelle, 568 produits) publiée sur les 4 canaux, dont Facebook/Instagram.",Shopify Admin (29 septembre 2026),Retirer le produit de la collection de travail ou dépublier celle-ci.,contrôle automatique
corrigé,moyen,Métachamps,NO_YEAR,artek-aalto-table-rectangular-86a,Table Aalto 86A 240 × 100 cm,,,custom.year vide : année de création absente de la fiche.,Shopify Admin (29 septembre 2026),Renseigner custom.year avec l’année Artek (voir reference-artek.csv).,contrôle automatique
corrigé,moyen,Métachamps,NO_MATERIAL,artek-aalto-table-rectangular-86a,Table Aalto 86A 240 × 100 cm,,,custom.material vide : aucune matière affichée.,Shopify Admin (29 septembre 2026),"Renseigner custom.material (matières Artek, voir reference-artek.csv).",contrôle automatique
corrigé,moyen,Métachamps,YEAR_MATERIAL_VALUES,artek-aalto-table-rectangular-86a,Table Aalto 86A 240 × 100 cm,,,custom.year et custom.material vides (constats auto confirmés) : valeurs à saisir.,"https://www.artek.fi/en/products/aalto-table-rectangular : « Alvar Aalto, 1933 » ; matières : https://www.artek.fi/en/products/aalto-table-rectangular « Legs and top edge-band: Solid birch / Top surface versions: Birch veneer, High-pressure laminate, Linoleum »","custom.year = 1933 ; custom.material = « Pieds et chant du plateau en bouleau massif ; âme du plateau en bouleau massif, aggloméré ou nid d'abeille ; surface en placage bouleau, stratifié HPL blanc « IKI » ou linoléum »",examen détaillé
à faire,moyen,Variantes,NO_SHIPPING_WEIGHT,artek-aalto-table-rectangular-86a,Table Aalto 86A 240 × 100 cm,,,Poids d’expédition à 0 kg sur les 3 variantes (meuble volumineux).,dossier : weightKg = 0 pour chaque variante,Saisir le poids emballé fourni par Artek pour chaque variante.,examen détaillé
corrigé,moyen,SEO,SEO_DESC_ENGLISH,artek-aalto-table-rectangular-86a,Table Aalto 86A 240 × 100 cm,,,Méta-description avec un mot anglais (« rectangular ») repris du nom fournisseur.,"SEO : « Table Aalto rectangular 86A — marque finlandaise Artek, design intemporel. Livraison Belgique depuis Mikado Deco. »","Remplacer par la forme française (rectangulaire, carrée, ronde, pliante) et citer Alvar Aalto et l’année.",examen détaillé
à faire,moyen,Classement,INTERNAL_COLLECTION,artek-aalto-table-round-90a,Table Aalto 90A Ø 100 cm,,,"Membre de la collection de travail « Claude — Modifs 2026-05-16 » (manuelle, 568 produits) publiée sur les 4 canaux, dont Facebook/Instagram.",Shopify Admin (29 septembre 2026),Retirer le produit de la collection de travail ou dépublier celle-ci.,contrôle automatique
corrigé,moyen,Métachamps,NO_YEAR,artek-aalto-table-round-90a,Table Aalto 90A Ø 100 cm,,,custom.year vide : année de création absente de la fiche.,Shopify Admin (29 septembre 2026),Renseigner custom.year avec l’année Artek (voir reference-artek.csv).,contrôle automatique
corrigé,moyen,Métachamps,NO_MATERIAL,artek-aalto-table-round-90a,Table Aalto 90A Ø 100 cm,,,custom.material vide : aucune matière affichée.,Shopify Admin (29 septembre 2026),"Renseigner custom.material (matières Artek, voir reference-artek.csv).",contrôle automatique
corrigé,moyen,Métachamps,YEAR_MATERIAL_VALUES,artek-aalto-table-round-90a,Table Aalto 90A Ø 100 cm,,,custom.year et custom.material vides (constats auto confirmés) : valeurs à saisir.,"https://www.artek.fi/en/products/aalto-table-round : « Alvar Aalto, 1933 » ; la notice https://www.artek.fi/downloads/Aalto-Table-round-90A-User-Instruction-1845280.pdf indique « Design Alvar Aalto 1935 » (à confirmer auprès d’Artek, la page produit fait foi) ; matières : https://www.artek.fi/en/products/aalto-table-round « Legs and top edge-band: Solid birch / Top surface versions: Birch veneer, High-pressure laminate, Linoleum »","custom.year = 1933 ; custom.material = « Pieds et chant du plateau en bouleau massif ; âme du plateau en bouleau massif, aggloméré ou nid d'abeille ; surface en placage bouleau, stratifié HPL blanc « IKI » ou linoléum »",examen détaillé
à faire,moyen,Variantes,NO_SHIPPING_WEIGHT,artek-aalto-table-round-90a,Table Aalto 90A Ø 100 cm,,,Poids d’expédition à 0 kg sur les 4 variantes (meuble volumineux).,dossier : weightKg = 0 pour chaque variante,Saisir le poids emballé fourni par Artek pour chaque variante.,examen détaillé
corrigé,moyen,SEO,SEO_DESC_ENGLISH,artek-aalto-table-round-90a,Table Aalto 90A Ø 100 cm,,,Méta-description avec un mot anglais (« round ») repris du nom fournisseur.,"SEO : « Table Aalto round 90A signée Alvar Aalto pour Artek, en bouleau finlandais. Modèle iconique pour quatre convives, livré partout en Belgique. »","Remplacer par la forme française (rectangulaire, carrée, ronde, pliante) et citer Alvar Aalto et l’année.",examen détaillé
corrigé,moyen,Photos,ADULT_PACKSHOTS_AS_AMBIANCE,artek-aalto-table-round-90a,Table Aalto 90A Ø 100 cm,,"#6, #7",Les packshots adultes lamifié blanc et linoléum noir ne sont liés à aucune variante et s’affichent comme « ambiances ».,"#6, #7 rôle GALERIE",Les lier aux variantes (voir constat précédent).,examen détaillé
corrigé,moyen,Photos,CHILD_TABLE_PACKSHOT,artek-aalto-table-round-90a,Table Aalto 90A Ø 100 cm,,#8,Packshot de la table enfant 90A bouleau en galerie.,#8 « Aalto-Children_s-Table-round-90A-legs-and-edge-band-birch-top-birch_web.jpg »,Retirer #8.,examen détaillé
à faire,moyen,Classement,INTERNAL_COLLECTION,artek-aalto-table-round-90a-60cm,Table enfant Aalto 90A Ø 100 cm H60,,,"Membre de la collection de travail « Claude — Modifs 2026-05-16 » (manuelle, 568 produits) publiée sur les 4 canaux, dont Facebook/Instagram.",Shopify Admin (29 septembre 2026),Retirer le produit de la collection de travail ou dépublier celle-ci.,contrôle automatique
à faire,moyen,Classement,KIDS_TABLE_TYPE,artek-aalto-table-round-90a-60cm,Table enfant Aalto 90A Ø 100 cm H60,,,Table enfant typée « Table » : elle entre dans la famille Tables comme une table de repas (catégorie Shopify : Dining Tables).,Shopify Admin (29 septembre 2026),"Type « Table enfant » ou tag dédié, et catégorie Shopify Kids Tables.",contrôle automatique
corrigé,moyen,Métachamps,NO_YEAR,artek-aalto-table-round-90a-60cm,Table enfant Aalto 90A Ø 100 cm H60,,,custom.year vide : année de création absente de la fiche.,Shopify Admin (29 septembre 2026),Renseigner custom.year avec l’année Artek (voir reference-artek.csv).,contrôle automatique
à faire,moyen,Métachamps,NO_MATERIAL,artek-aalto-table-round-90a-60cm,Table enfant Aalto 90A Ø 100 cm H60,,,custom.material vide : aucune matière affichée.,Shopify Admin (29 septembre 2026),"Renseigner custom.material (matières Artek, voir reference-artek.csv).",contrôle automatique
corrigé,moyen,Métachamps,NO_ORIGIN,artek-aalto-table-round-90a-60cm,Table enfant Aalto 90A Ø 100 cm H60,,,custom.origin vide : pays de fabrication absent de la fiche.,Shopify Admin (29 septembre 2026),Renseigner custom.origin et custom.country_of_origin avec le « Made in » Artek.,contrôle automatique
à faire,moyen,Description,DESC_DUP,artek-aalto-table-round-90a-60cm,Table enfant Aalto 90A Ø 100 cm H60,,,"Description identique à artek-aalto-table-rectangular-80a-60cm, artek-aalto-table-rectangular-80b-60cm, artek-aalto-table-rectangular-81a-60cm, artek-aalto-table-rectangular-81b-60cm, artek-aalto-table-square-81c-60cm.",Shopify Admin (29 septembre 2026),Rédiger une description propre à chaque taille/version.,contrôle automatique
à faire,moyen,Photos,NO_AMBIANCE,artek-aalto-table-round-90a-60cm,Table enfant Aalto 90A Ø 100 cm H60,,,Aucune photo de galerie hors variantes : la fiche n’a pas de bande de miniatures/ambiances.,Shopify Admin (29 septembre 2026),Ajouter au moins une photo d’ambiance Artek non liée à une variante.,contrôle automatique
à faire,moyen,Prix,KIDS_PRICE_EQUALS_ADULT,artek-aalto-table-round-90a-60cm,Table enfant Aalto 90A Ø 100 cm H60,,,"Prix identique à la version adulte artek-aalto-table-round-90a (1348.0 € vs 1348.0 €) ; vérifier le tarif Artek de la hauteur 60 cm.",Shopify Admin (29 septembre 2026),,contrôle automatique
à faire,moyen,Options,KIDS_FINISHES_DIFF,artek-aalto-table-round-90a-60cm,Table enfant Aalto 90A Ø 100 cm H60,,,Finitions différentes de la version adulte : [Bouleau|Lamifié blanc|Linoléum noir] vs [Bouleau|Bouleau sauvage|Bouleau verni naturel / lamifié blanc|Bouleau verni naturel / linoléum noir].,Shopify Admin (29 septembre 2026),,contrôle automatique
à faire,moyen,Classement,INTERNAL_COLLECTION,artek-aalto-table-round-90b,Table Aalto 90B Ø 75 cm,,,"Membre de la collection de travail « Claude — Modifs 2026-05-16 » (manuelle, 568 produits) publiée sur les 4 canaux, dont Facebook/Instagram.",Shopify Admin (29 septembre 2026),Retirer le produit de la collection de travail ou dépublier celle-ci.,contrôle automatique
corrigé,moyen,Métachamps,NO_YEAR,artek-aalto-table-round-90b,Table Aalto 90B Ø 75 cm,,,custom.year vide : année de création absente de la fiche.,Shopify Admin (29 septembre 2026),Renseigner custom.year avec l’année Artek (voir reference-artek.csv).,contrôle automatique
corrigé,moyen,Métachamps,NO_MATERIAL,artek-aalto-table-round-90b,Table Aalto 90B Ø 75 cm,,,custom.material vide : aucune matière affichée.,Shopify Admin (29 septembre 2026),"Renseigner custom.material (matières Artek, voir reference-artek.csv).",contrôle automatique
corrigé,moyen,Métachamps,YEAR_MATERIAL_VALUES,artek-aalto-table-round-90b,Table Aalto 90B Ø 75 cm,,,custom.year et custom.material vides (constats auto confirmés) : valeurs à saisir.,"https://www.artek.fi/en/products/aalto-table-round : « Alvar Aalto, 1933 » ; la notice https://www.artek.fi/downloads/Aalto-Table-round-90B-90C-90D-Assembly-instructions-1848172.pdf indique « Design Alvar Aalto 1935 » (à confirmer auprès d’Artek, la page produit fait foi) ; matières : https://www.artek.fi/en/products/aalto-table-round « Legs and top edge-band: Solid birch / Top surface versions: Birch veneer, High-pressure laminate, Linoleum »","custom.year = 1933 ; custom.material = « Pieds et chant du plateau en bouleau massif ; âme du plateau en bouleau massif, aggloméré ou nid d'abeille ; surface en placage bouleau, stratifié HPL blanc « IKI » ou linoléum »",examen détaillé
à faire,moyen,Variantes,NO_SHIPPING_WEIGHT,artek-aalto-table-round-90b,Table Aalto 90B Ø 75 cm,,,Poids d’expédition à 0 kg sur les 4 variantes (meuble volumineux).,dossier : weightKg = 0 pour chaque variante,Saisir le poids emballé fourni par Artek pour chaque variante.,examen détaillé
corrigé,moyen,SEO,SEO_DESC_ENGLISH,artek-aalto-table-round-90b,Table Aalto 90B Ø 75 cm,,,Méta-description avec un mot anglais (« round ») repris du nom fournisseur.,"SEO : « Table Aalto round 90B signée Alvar Aalto pour Artek, en bouleau finlandais. Modèle à trois pieds pour petits espaces, en vente à Uccle (Bruxelles). »","Remplacer par la forme française (rectangulaire, carrée, ronde, pliante) et citer Alvar Aalto et l’année.",examen détaillé
à faire,moyen,Classement,INTERNAL_COLLECTION,artek-aalto-table-round-91,Table Aalto 91 Ø 125 cm,,,"Membre de la collection de travail « Claude — Modifs 2026-05-16 » (manuelle, 568 produits) publiée sur les 4 canaux, dont Facebook/Instagram.",Shopify Admin (29 septembre 2026),Retirer le produit de la collection de travail ou dépublier celle-ci.,contrôle automatique
corrigé,moyen,Métachamps,NO_YEAR,artek-aalto-table-round-91,Table Aalto 91 Ø 125 cm,,,custom.year vide : année de création absente de la fiche.,Shopify Admin (29 septembre 2026),Renseigner custom.year avec l’année Artek (voir reference-artek.csv).,contrôle automatique
corrigé,moyen,Métachamps,NO_MATERIAL,artek-aalto-table-round-91,Table Aalto 91 Ø 125 cm,,,custom.material vide : aucune matière affichée.,Shopify Admin (29 septembre 2026),"Renseigner custom.material (matières Artek, voir reference-artek.csv).",contrôle automatique
corrigé,moyen,Métachamps,YEAR_MATERIAL_VALUES,artek-aalto-table-round-91,Table Aalto 91 Ø 125 cm,,,custom.year et custom.material vides (constats auto confirmés) : valeurs à saisir.,"https://www.artek.fi/en/products/aalto-table-round : « Alvar Aalto, 1933 » ; la notice https://www.artek.fi/downloads/Aalto-Table-round-91-User-Instruction-1843148.pdf indique « Design Alvar Aalto 1935 » (à confirmer auprès d’Artek, la page produit fait foi) ; matières : https://www.artek.fi/en/products/aalto-table-round « Legs and top edge-band: Solid birch / Top surface versions: Birch veneer, High-pressure laminate, Linoleum »","custom.year = 1933 ; custom.material = « Pieds et chant du plateau en bouleau massif ; âme du plateau en bouleau massif, aggloméré ou nid d'abeille ; surface en placage bouleau, stratifié HPL blanc « IKI » ou linoléum »",examen détaillé
à faire,moyen,Variantes,NO_SHIPPING_WEIGHT,artek-aalto-table-round-91,Table Aalto 91 Ø 125 cm,,,Poids d’expédition à 0 kg sur les 4 variantes (meuble volumineux).,dossier : weightKg = 0 pour chaque variante,Saisir le poids emballé fourni par Artek pour chaque variante.,examen détaillé
corrigé,moyen,SEO,SEO_DESC_ENGLISH,artek-aalto-table-round-91,Table Aalto 91 Ø 125 cm,,,Méta-description avec un mot anglais (« round ») repris du nom fournisseur.,"SEO : « Table Aalto round 91 signée Alvar Aalto pour Artek, en bouleau finlandais. Pieds en retrait pour accueillir plusieurs convives, livrée en Belgique. »","Remplacer par la forme française (rectangulaire, carrée, ronde, pliante) et citer Alvar Aalto et l’année.",examen détaillé
corrigé,moyen,Variantes,WALNUT_LABEL,artek-aalto-table-round-91,Table Aalto 91 Ø 125 cm,Bouleau teinté noyer,,"La variante « Bouleau teinté noyer » ne dit pas que le plateau est en placage chêne teinté noyer (seuls les pieds sont en bouleau teinté) ; la 83 nomme autrement cette même finition.","#12 ; artek.fi image « Aalto-Table-91-legs-walnut-stained-top-oak-walnut-stained-close-up »","« Teinté noyer (pieds bouleau, plateau placage chêne) ».",examen détaillé
à faire,moyen,Classement,INTERNAL_COLLECTION,artek-aalto-table-square-80c,Table Aalto 80C 60 × 60 cm,,,"Membre de la collection de travail « Claude — Modifs 2026-05-16 » (manuelle, 568 produits) publiée sur les 4 canaux, dont Facebook/Instagram.",Shopify Admin (29 septembre 2026),Retirer le produit de la collection de travail ou dépublier celle-ci.,contrôle automatique
corrigé,moyen,Métachamps,NO_YEAR,artek-aalto-table-square-80c,Table Aalto 80C 60 × 60 cm,,,custom.year vide : année de création absente de la fiche.,Shopify Admin (29 septembre 2026),Renseigner custom.year avec l’année Artek (voir reference-artek.csv).,contrôle automatique
corrigé,moyen,Métachamps,NO_MATERIAL,artek-aalto-table-square-80c,Table Aalto 80C 60 × 60 cm,,,custom.material vide : aucune matière affichée.,Shopify Admin (29 septembre 2026),"Renseigner custom.material (matières Artek, voir reference-artek.csv).",contrôle automatique
corrigé,moyen,Métachamps,YEAR_MATERIAL_VALUES,artek-aalto-table-square-80c,Table Aalto 80C 60 × 60 cm,,,custom.year et custom.material vides (constats auto confirmés) : valeurs à saisir.,"https://www.artek.fi/en/products/aalto-table-square : « Alvar Aalto, 1933 » ; matières : https://www.artek.fi/en/products/aalto-table-square « Legs and top edge-band: Solid birch / Top surface versions: Birch veneer, High-pressure laminate, Linoleum »","custom.year = 1933 ; custom.material = « Pieds et chant du plateau en bouleau massif ; âme du plateau en bouleau massif, aggloméré ou nid d'abeille ; surface en placage bouleau, stratifié HPL blanc « IKI » ou linoléum »",examen détaillé
à faire,moyen,Variantes,NO_SHIPPING_WEIGHT,artek-aalto-table-square-80c,Table Aalto 80C 60 × 60 cm,,,Poids d’expédition à 0 kg sur les 3 variantes (meuble volumineux).,dossier : weightKg = 0 pour chaque variante,Saisir le poids emballé fourni par Artek pour chaque variante.,examen détaillé
corrigé,moyen,SEO,SEO_DESC_ENGLISH,artek-aalto-table-square-80c,Table Aalto 80C 60 × 60 cm,,,Méta-description avec un mot anglais (« square ») repris du nom fournisseur.,"SEO : « Table Aalto square 80C signée Alvar Aalto pour Artek, en bouleau finlandais. Modèle élancé idéal en petit espace, disponible à Uccle (Bruxelles). »","Remplacer par la forme française (rectangulaire, carrée, ronde, pliante) et citer Alvar Aalto et l’année.",examen détaillé
corrigé,moyen,Photos,CHILD_TABLE_PACKSHOTS,artek-aalto-table-square-80c,Table Aalto 80C 60 × 60 cm,,"#7, #8, #9",Trois packshots de la table ENFANT 80C (H60) en galerie de la table H74.,"#7, #8, #9 « Aalto-Children_s-Table-square-80C_-… »",Retirer #7-#9 (fiche enfant square-80c-60cm).,examen détaillé
corrigé,moyen,Photos,OTHER_CODE_CHILD_SCENE,artek-aalto-table-square-80c,Table Aalto 80C 60 × 60 cm,,#3,"Photo « Children’s Chair N65 and Aalto Table 81B in situ » : chaise enfant N65 et table enfant 81B (H60) dans une chambre d’enfant ; pas une table carrée 80C.",#3 « Childrens-Chair-N65-and-Aalto-Table-81B-in-situ-close-up… »,Retirer #3.,examen détaillé
à faire,moyen,Classement,INTERNAL_COLLECTION,artek-aalto-table-square-80c-60cm,Table enfant Aalto 80C 60 × 60 cm H60,,,"Membre de la collection de travail « Claude — Modifs 2026-05-16 » (manuelle, 568 produits) publiée sur les 4 canaux, dont Facebook/Instagram.",Shopify Admin (29 septembre 2026),Retirer le produit de la collection de travail ou dépublier celle-ci.,contrôle automatique
à faire,moyen,Classement,KIDS_TABLE_TYPE,artek-aalto-table-square-80c-60cm,Table enfant Aalto 80C 60 × 60 cm H60,,,Table enfant typée « Table » : elle entre dans la famille Tables comme une table de repas (catégorie Shopify : Dining Tables).,Shopify Admin (29 septembre 2026),"Type « Table enfant » ou tag dédié, et catégorie Shopify Kids Tables.",contrôle automatique
corrigé,moyen,Métachamps,NO_YEAR,artek-aalto-table-square-80c-60cm,Table enfant Aalto 80C 60 × 60 cm H60,,,custom.year vide : année de création absente de la fiche.,Shopify Admin (29 septembre 2026),Renseigner custom.year avec l’année Artek (voir reference-artek.csv).,contrôle automatique
à faire,moyen,Métachamps,NO_MATERIAL,artek-aalto-table-square-80c-60cm,Table enfant Aalto 80C 60 × 60 cm H60,,,custom.material vide : aucune matière affichée.,Shopify Admin (29 septembre 2026),"Renseigner custom.material (matières Artek, voir reference-artek.csv).",contrôle automatique
corrigé,moyen,Options,OPTION_VALUE_EN,artek-aalto-table-square-80c-60cm,Table enfant Aalto 80C 60 × 60 cm H60,,,Valeurs d’option en anglais/code : Iki blanc hp.,Shopify Admin (29 septembre 2026),,contrôle automatique
à faire,moyen,Prix,KIDS_PRICE_EQUALS_ADULT,artek-aalto-table-square-80c-60cm,Table enfant Aalto 80C 60 × 60 cm H60,,,"Prix identique à la version adulte artek-aalto-table-square-80c (892.0 € vs 892.0 €) ; vérifier le tarif Artek de la hauteur 60 cm.",Shopify Admin (29 septembre 2026),,contrôle automatique
corrigé,moyen,Options,KIDS_FINISHES_DIFF,artek-aalto-table-square-80c-60cm,Table enfant Aalto 80C 60 × 60 cm H60,,,Finitions différentes de la version adulte : [Bouleau|Iki blanc hp|Linoléum noir] vs [Bouleau|Lamifié blanc|Linoléum noir].,Shopify Admin (29 septembre 2026),,contrôle automatique
corrigé,moyen,Métachamps,ORIGIN_OVERSIMPLIFIED,artek-aalto-table-square-80c-60cm,Table enfant Aalto 80C 60 × 60 cm H60,,,"custom.origin « Fabriqué en Finlande » et le tag « made-in-finlande » s'appliquent à toutes les finitions, alors qu'Artek indique que les tables à plateau bouleau sont fabriquées en Finlande et en Allemagne.",artek.fi : « Tables with birch veneer top: Made in Finland and Germany »,custom.origin = « Fabriqué en Finlande (plateau bouleau : Finlande ou Allemagne) ».,examen détaillé
partiellement corrigé,moyen,Photos,GALLERY_OTHER_MODEL,artek-aalto-table-square-80c-60cm,Table enfant Aalto 80C 60 × 60 cm H60,,#2,La seule ambiance (#2) est un gros plan d'une table enfant 81B avec des chaises N65 : on ne voit pas le modèle vendu (80C 60 × 60 cm H60).,"Photo #2, fichier …Children_s-Chair-N65-and-Aalto-Table-81B-in-situ-close-up…","Remplacer par une ambiance du modèle réel si elle existe, sinon garder mais avec l'alt « Table enfant Aalto 81B et chaises N65 (illustration de la gamme) ».",examen détaillé
à faire,moyen,Classement,INTERNAL_COLLECTION,artek-aalto-table-square-81c,Table Aalto 81C 75 × 75 cm,,,"Membre de la collection de travail « Claude — Modifs 2026-05-16 » (manuelle, 568 produits) publiée sur les 4 canaux, dont Facebook/Instagram.",Shopify Admin (29 septembre 2026),Retirer le produit de la collection de travail ou dépublier celle-ci.,contrôle automatique
corrigé,moyen,Métachamps,NO_YEAR,artek-aalto-table-square-81c,Table Aalto 81C 75 × 75 cm,,,custom.year vide : année de création absente de la fiche.,Shopify Admin (29 septembre 2026),Renseigner custom.year avec l’année Artek (voir reference-artek.csv).,contrôle automatique
corrigé,moyen,Métachamps,NO_MATERIAL,artek-aalto-table-square-81c,Table Aalto 81C 75 × 75 cm,,,custom.material vide : aucune matière affichée.,Shopify Admin (29 septembre 2026),"Renseigner custom.material (matières Artek, voir reference-artek.csv).",contrôle automatique
corrigé,moyen,Métachamps,YEAR_MATERIAL_VALUES,artek-aalto-table-square-81c,Table Aalto 81C 75 × 75 cm,,,custom.year et custom.material vides (constats auto confirmés) : valeurs à saisir.,"https://www.artek.fi/en/products/aalto-table-square : « Alvar Aalto, 1933 » ; matières : https://www.artek.fi/en/products/aalto-table-square « Legs and top edge-band: Solid birch / Top surface versions: Birch veneer, High-pressure laminate, Linoleum »","custom.year = 1933 ; custom.material = « Pieds et chant du plateau en bouleau massif ; âme du plateau en bouleau massif, aggloméré ou nid d'abeille ; surface en placage bouleau, stratifié HPL blanc « IKI » ou linoléum »",examen détaillé
à faire,moyen,Variantes,NO_SHIPPING_WEIGHT,artek-aalto-table-square-81c,Table Aalto 81C 75 × 75 cm,,,Poids d’expédition à 0 kg sur les 3 variantes (meuble volumineux).,dossier : weightKg = 0 pour chaque variante,Saisir le poids emballé fourni par Artek pour chaque variante.,examen détaillé
corrigé,moyen,SEO,SEO_DESC_ENGLISH,artek-aalto-table-square-81c,Table Aalto 81C 75 × 75 cm,,,Méta-description avec un mot anglais (« square ») repris du nom fournisseur.,"SEO : « Table Aalto square 81C signée Alvar Aalto pour Artek, en bouleau finlandais. Format compact pour petits espaces, en vente à la boutique d'Uccle. »","Remplacer par la forme française (rectangulaire, carrée, ronde, pliante) et citer Alvar Aalto et l’année.",examen détaillé
corrigé,moyen,Photos,CHILD_TABLE_PACKSHOTS,artek-aalto-table-square-81c,Table Aalto 81C 75 × 75 cm,,"#6, #7, #8",Trois packshots de la table ENFANT 81C (H60) en galerie.,"#6, #7, #8 « Aalto-Children_s-Table-square-81C_-… »",Retirer #6-#8 (fiche enfant square-81c-60cm).,examen détaillé
corrigé,moyen,Photos,OTHER_CODE_CHILD_SCENE,artek-aalto-table-square-81c,Table Aalto 81C 75 × 75 cm,,#2,"Photo « Children’s Chair N65 and Aalto Table 81B in situ » : chaise enfant N65 et table enfant 81B (H60) dans une chambre d’enfant ; table rectangulaire, pas la 81C.",#2 « Childrens-Chair-N65-and-Aalto-Table-81B-in-situ-close-up… »,Retirer #2.,examen détaillé
à faire,moyen,Classement,INTERNAL_COLLECTION,artek-aalto-table-square-81c-60cm,Table enfant Aalto 81C 75 × 75 cm H60,,,"Membre de la collection de travail « Claude — Modifs 2026-05-16 » (manuelle, 568 produits) publiée sur les 4 canaux, dont Facebook/Instagram.",Shopify Admin (29 septembre 2026),Retirer le produit de la collection de travail ou dépublier celle-ci.,contrôle automatique
à faire,moyen,Classement,KIDS_TABLE_TYPE,artek-aalto-table-square-81c-60cm,Table enfant Aalto 81C 75 × 75 cm H60,,,Table enfant typée « Table » : elle entre dans la famille Tables comme une table de repas (catégorie Shopify : Dining Tables).,Shopify Admin (29 septembre 2026),"Type « Table enfant » ou tag dédié, et catégorie Shopify Kids Tables.",contrôle automatique
corrigé,moyen,Métachamps,NO_YEAR,artek-aalto-table-square-81c-60cm,Table enfant Aalto 81C 75 × 75 cm H60,,,custom.year vide : année de création absente de la fiche.,Shopify Admin (29 septembre 2026),Renseigner custom.year avec l’année Artek (voir reference-artek.csv).,contrôle automatique
à faire,moyen,Métachamps,NO_MATERIAL,artek-aalto-table-square-81c-60cm,Table enfant Aalto 81C 75 × 75 cm H60,,,custom.material vide : aucune matière affichée.,Shopify Admin (29 septembre 2026),"Renseigner custom.material (matières Artek, voir reference-artek.csv).",contrôle automatique
corrigé,moyen,Métachamps,NO_ORIGIN,artek-aalto-table-square-81c-60cm,Table enfant Aalto 81C 75 × 75 cm H60,,,custom.origin vide : pays de fabrication absent de la fiche.,Shopify Admin (29 septembre 2026),Renseigner custom.origin et custom.country_of_origin avec le « Made in » Artek.,contrôle automatique
à faire,moyen,Description,DESC_DUP,artek-aalto-table-square-81c-60cm,Table enfant Aalto 81C 75 × 75 cm H60,,,"Description identique à artek-aalto-table-rectangular-80a-60cm, artek-aalto-table-rectangular-80b-60cm, artek-aalto-table-rectangular-81a-60cm, artek-aalto-table-rectangular-81b-60cm, artek-aalto-table-round-90a-60cm.",Shopify Admin (29 septembre 2026),Rédiger une description propre à chaque taille/version.,contrôle automatique
à faire,moyen,Prix,KIDS_PRICE_EQUALS_ADULT,artek-aalto-table-square-81c-60cm,Table enfant Aalto 81C 75 × 75 cm H60,,,"Prix identique à la version adulte artek-aalto-table-square-81c (964.0 € vs 964.0 €) ; vérifier le tarif Artek de la hauteur 60 cm.",Shopify Admin (29 septembre 2026),,contrôle automatique
partiellement corrigé,moyen,Photos,GALLERY_OTHER_MODEL,artek-aalto-table-square-81c-60cm,Table enfant Aalto 81C 75 × 75 cm H60,,#2,La seule ambiance (#2) est un gros plan d'une table enfant 81B avec des chaises N65 : on ne voit pas le modèle vendu (81C 75 × 75 cm H60).,"Photo #2, fichier …Children_s-Chair-N65-and-Aalto-Table-81B-in-situ-close-up…","Remplacer par une ambiance du modèle réel si elle existe, sinon garder mais avec l'alt « Table enfant Aalto 81B et chaises N65 (illustration de la gamme) ».",examen détaillé
à faire,moyen,Classement,INTERNAL_COLLECTION,artek-aalto-table-square-84,Table Aalto 84 120 × 120 cm,,,"Membre de la collection de travail « Claude — Modifs 2026-05-16 » (manuelle, 568 produits) publiée sur les 4 canaux, dont Facebook/Instagram.",Shopify Admin (29 septembre 2026),Retirer le produit de la collection de travail ou dépublier celle-ci.,contrôle automatique
corrigé,moyen,Métachamps,NO_YEAR,artek-aalto-table-square-84,Table Aalto 84 120 × 120 cm,,,custom.year vide : année de création absente de la fiche.,Shopify Admin (29 septembre 2026),Renseigner custom.year avec l’année Artek (voir reference-artek.csv).,contrôle automatique
corrigé,moyen,Métachamps,NO_MATERIAL,artek-aalto-table-square-84,Table Aalto 84 120 × 120 cm,,,custom.material vide : aucune matière affichée.,Shopify Admin (29 septembre 2026),"Renseigner custom.material (matières Artek, voir reference-artek.csv).",contrôle automatique
corrigé,moyen,Métachamps,YEAR_MATERIAL_VALUES,artek-aalto-table-square-84,Table Aalto 84 120 × 120 cm,,,custom.year et custom.material vides (constats auto confirmés) : valeurs à saisir.,"https://www.artek.fi/en/products/aalto-table-square : « Alvar Aalto, 1933 » ; matières : https://www.artek.fi/en/products/aalto-table-square « Legs and top edge-band: Solid birch / Top surface versions: Birch veneer, High-pressure laminate, Linoleum »","custom.year = 1933 ; custom.material = « Pieds et chant du plateau en bouleau massif ; âme du plateau en bouleau massif, aggloméré ou nid d'abeille ; surface en placage bouleau, stratifié HPL blanc « IKI » ou linoléum »",examen détaillé
à faire,moyen,Variantes,NO_SHIPPING_WEIGHT,artek-aalto-table-square-84,Table Aalto 84 120 × 120 cm,,,Poids d’expédition à 0 kg sur les 3 variantes (meuble volumineux).,dossier : weightKg = 0 pour chaque variante,Saisir le poids emballé fourni par Artek pour chaque variante.,examen détaillé
corrigé,moyen,SEO,SEO_DESC_ENGLISH,artek-aalto-table-square-84,Table Aalto 84 120 × 120 cm,,,Méta-description avec un mot anglais (« square ») repris du nom fournisseur.,"SEO : « Table Aalto square 84 signée Alvar Aalto pour Artek, en bouleau finlandais. Grand format pour quatre à huit convives, livrée partout en Belgique. »","Remplacer par la forme française (rectangulaire, carrée, ronde, pliante) et citer Alvar Aalto et l’année.",examen détaillé
à faire,moyen,Métachamps,NO_MATERIAL,artek-ama500,Suspension AMA500,,,custom.material vide : aucune matière affichée.,Shopify Admin (29 septembre 2026),"Renseigner custom.material (matières Artek, voir reference-artek.csv).",contrôle automatique
corrigé,moyen,Description,RING_MATERIAL,artek-ama500,Suspension AMA500,,,« L'anneau de laiton perforé » : Artek indique un anneau en acier laitonné.,"Description ; https://www.artek.fi/en/products/pendant-light-ama500 : « ring brass-plated ».",« L'anneau perforé en acier laitonné ».,examen détaillé
à faire,moyen,Métachamps,ELEC_DATA_MISSING,artek-ama500,Suspension AMA500,,,"Aucune donnée électrique renseignée (custom.lighting_type, light_source_type, power_w, voltage_v, cable_details, ip_rating, safety_class vides) alors que 5 fiches Artek voisines les affichent.","Dossier : aucun métachamp custom.lighting_type… ; site.api sans lightingType/power ; https://www.artek.fi/en/products/pendant-light-ama500 (Materials and Dimensions).","Renseigner : lighting_type = Suspension ; light_source_type = Douille E27 ; power_w = 12 W max ; voltage_v = 220-240 V · 50/60 Hz ; cable_details = Fiche de plafond · Câble plastique blanc · 250 cm ; ip_rating = IP20 ; safety_class = Classe II.",examen détaillé
corrigé,moyen,Titre,TITLE_EN,artek-architect-s-tools,Accessoire Architect's Tools,,,Titre avec des mots anglais : « Accessoire Architect's Tools ».,Shopify Admin (29 septembre 2026),,contrôle automatique
corrigé,moyen,Titre,TITLE_GENERIC,artek-architect-s-tools,Accessoire Architect's Tools,,,Titre construit « type + nom anglais » : « Accessoire Architect's Tools ».,Shopify Admin (29 septembre 2026),,contrôle automatique
corrigé,moyen,Métachamps,NO_YEAR,artek-architect-s-tools,Accessoire Architect's Tools,,,custom.year vide : année de création absente de la fiche.,Shopify Admin (29 septembre 2026),Renseigner custom.year avec l’année Artek (voir reference-artek.csv).,contrôle automatique
corrigé,moyen,Métachamps,NO_MATERIAL,artek-architect-s-tools,Accessoire Architect's Tools,,,custom.material vide : aucune matière affichée.,Shopify Admin (29 septembre 2026),"Renseigner custom.material (matières Artek, voir reference-artek.csv).",contrôle automatique
corrigé,moyen,Métachamps,NO_ORIGIN,artek-architect-s-tools,Accessoire Architect's Tools,,,custom.origin vide : pays de fabrication absent de la fiche.,Shopify Admin (29 septembre 2026),Renseigner custom.origin et custom.country_of_origin avec le « Made in » Artek.,contrôle automatique
à faire,moyen,Description,DESC_SHORT,artek-architect-s-tools,Accessoire Architect's Tools,,,Description très courte (137 caractères).,Shopify Admin (29 septembre 2026),,contrôle automatique
corrigé,moyen,Options,OPTION_VALUE_EN,artek-architect-s-tools,Accessoire Architect's Tools,,,Valeurs d’option en anglais/code : Ruler / hêtre / 20 cm | Ruler / hêtre / 30 cm | Tape measure / blanc / 3 m | Folding ruler / hêtre / laqué noir / 2 m | Level / aluminium / 40 cm.,Shopify Admin (29 septembre 2026),,contrôle automatique
à faire,moyen,Photos,NO_AMBIANCE,artek-architect-s-tools,Accessoire Architect's Tools,,,Aucune photo de galerie hors variantes : la fiche n’a pas de bande de miniatures/ambiances.,Shopify Admin (29 septembre 2026),Ajouter au moins une photo d’ambiance Artek non liée à une variante.,contrôle automatique
corrigé,moyen,Variantes,SCALE_LABEL_WRONG,artek-architect-s-tools,Accessoire Architect's Tools,Architect's scale / aluminium / 20 cm / 1:2 / 5 - 1:5 - 1:20 - 1:50 - 1:100,,"Le libellé de l'échelle d'architecte a transformé « 1:2,5 » en « 1:2 / 5 » : le client lit une échelle 1:2 suivie d'un « 5 » isolé. Le tag dérivé reprend l'erreur.","variante « Architect's scale / aluminium / 20 cm / 1:2 / 5 - 1:5 - 1:20 - 1:50 - 1:100 » ; artek.fi/en/products/architects-scale : « 1:2,5 - 1:5 - 1:20 - 1:50 - 1:100 »","« Échelle d'architecte — aluminium, 20 cm (1:2,5 · 1:5 · 1:20 · 1:50 · 1:100) ».",examen détaillé
partiellement corrigé,moyen,Variantes,OPTION_IS_PRODUCT,artek-architect-s-tools,Accessoire Architect's Tools,,,"Précision sur le constat automatique : Artek vend cinq produits séparés (Ruler, Architect's Scale, Tape Measure, Folding Ruler, Level). Les alts sont déjà en français, alors que les libellés de variantes restent en anglais (« Ruler », « Tape measure », « Level »).","artek.fi : 5 pages produit distinctes ; alts « Règle Artek en hêtre — 20 cm », « Niveau Artek en aluminium — 40 cm »","Renommer l'option en « Article » et reprendre les alts : « Règle en hêtre 20 cm », « Règle en hêtre 30 cm », « Échelle d'architecte 20 cm », « Mètre ruban blanc 3 m », « Mètre pliant hêtre laqué noir 2 m », « Niveau aluminium 40 cm ». Idéalement, une fiche par outil.",examen détaillé
à faire,moyen,Photos,CROP_RISK,artek-architect-s-tools,Accessoire Architect's Tools,,#2-#6,"Les photos #2 à #6 sont en 3:2 (4096×2731) et montrent des objets longs et horizontaux. Sur une carte carrée recadrée au centre, les extrémités du mètre pliant (#5) et du niveau (#6), qui occupent environ 80 à 90 % de la largeur, seront coupées (à vérifier en preview).",planche : #5 et #6 occupent presque toute la largeur de la vignette 3:2,Fournir des versions carrées avec marge (fond blanc) pour les photos de variantes.,examen détaillé
corrigé,moyen,Titre,TITLE_EN,artek-architect-s-tools,Accessoire Architect's Tools,,,Le titre « Accessoire Architect's Tools » est anglais. Le type « Accessoire » ne correspond à aucune famille du menu.,titre Admin,"« Outils d'architecte Artek — règle, mètre, niveau ».",examen détaillé
corrigé,moyen,Métachamps,NO_MATERIAL,artek-armchair-400,Fauteuil 400 Tank,,,custom.material vide : aucune matière affichée.,Shopify Admin (29 septembre 2026),"Renseigner custom.material (matières Artek, voir reference-artek.csv).",contrôle automatique
corrigé,moyen,Métachamps,NO_USAGE,artek-armchair-400,Fauteuil 400 Tank,,,custom.usage vide : le produit tombe dans « usage non renseigné » des filtres.,Shopify Admin (29 septembre 2026),Renseigner custom.usage = Intérieur (guide Artek : usage intérieur sauf mention contraire).,contrôle automatique
à faire,moyen,Prix,NO_COST,artek-armchair-400,Fauteuil 400 Tank,Bouleau — tissu Zebra,,Coût d’achat absent : Bouleau — tissu Zebra (ART-A400-28200102-ZEB).,Shopify Admin (29 septembre 2026),Renseigner le coût d’achat.,contrôle automatique
corrigé,moyen,Photos,VARIANT_ALT_MISMATCH,artek-armchair-400,Fauteuil 400 Tank,Bouleau — tissu Zebra,,Alt de l’image de variante « Fauteuil 400 Tank — Artek » sans rapport avec la finition « Bouleau — tissu Zebra ».,Shopify Admin (29 septembre 2026),,contrôle automatique
corrigé,moyen,Métachamps,NO_MATERIAL,artek-armchair-400,Fauteuil 400 Tank,,,Matière absente (constat automatique).,"artek.fi « Frame: Form-bent solid birch lamella ; … zig-zag-springs and PU foam and polyester padding »","custom.material = « Structure : lamelles de bouleau massif cintrées. Assise et dossier : ressorts zig-zag, mousse polyuréthane et ouate polyester, revêtement tissu. »",examen détaillé
corrigé,moyen,Métachamps,NO_MATERIAL,artek-armchair-401,Fauteuil 401,,,custom.material vide : aucune matière affichée.,Shopify Admin (29 septembre 2026),"Renseigner custom.material (matières Artek, voir reference-artek.csv).",contrôle automatique
corrigé,moyen,Métachamps,NO_USAGE,artek-armchair-401,Fauteuil 401,,,custom.usage vide : le produit tombe dans « usage non renseigné » des filtres.,Shopify Admin (29 septembre 2026),Renseigner custom.usage = Intérieur (guide Artek : usage intérieur sauf mention contraire).,contrôle automatique
corrigé,moyen,Photos,VARIANT_ALT_MISMATCH,artek-armchair-401,Fauteuil 401,Bouleau — tissu Polo,,Alt de l’image de variante « Fauteuil 401 — Artek » sans rapport avec la finition « Bouleau — tissu Polo ».,Shopify Admin (29 septembre 2026),,contrôle automatique
partiellement corrigé,moyen,Photos,GALLERY_OTHER_MODEL,artek-armchair-401,Fauteuil 401,,,"La photo de galerie #3 montre au premier plan un Fauteuil 402 en Zebra ; le 401 n’apparaît que petit, en arrière-plan. Dans la bande d’ambiances, le client voit un autre modèle.",#3 Artek_402_birch_honey_Zebra_401_birch_natural_Vidar_0511_web.jpg (même image que la #3 du 402),"Retirer #3 de la fiche 401, ou la placer après #2 avec l’alt « Fauteuil 401 (au fond) et Fauteuil 402 en Zebra ».",examen détaillé
corrigé,moyen,Métachamps,NO_MATERIAL,artek-armchair-401,Fauteuil 401,,,Matière absente (constat automatique).,"artek.fi : « Solid birch and birch plywood, Fabric upholstery with steel springs, seaweed, chip wool, PU foam and polyester padding »","custom.material = « Structure : lamelles de bouleau massif cintrées. Assise et dossier : ressorts acier, algues, fibre de bois, mousse polyuréthane et ouate polyester, revêtement tissu. »",examen détaillé
corrigé,moyen,Métachamps,NO_MATERIAL,artek-armchair-402,Fauteuil 402,,,custom.material vide : aucune matière affichée.,Shopify Admin (29 septembre 2026),"Renseigner custom.material (matières Artek, voir reference-artek.csv).",contrôle automatique
corrigé,moyen,Métachamps,NO_USAGE,artek-armchair-402,Fauteuil 402,,,custom.usage vide : le produit tombe dans « usage non renseigné » des filtres.,Shopify Admin (29 septembre 2026),Renseigner custom.usage = Intérieur (guide Artek : usage intérieur sauf mention contraire).,contrôle automatique
à faire,moyen,Prix,NO_COST,artek-armchair-402,Fauteuil 402,Teinté miel — tissu Zebra,,Coût d’achat absent : Teinté miel — tissu Zebra (ART-A402-28200302-ZEB).,Shopify Admin (29 septembre 2026),Renseigner le coût d’achat.,contrôle automatique
corrigé,moyen,Photos,VARIANT_ALT_MISMATCH,artek-armchair-402,Fauteuil 402,Bouleau — tissu Polo,,Alt de l’image de variante « Fauteuil 402 — Artek » sans rapport avec la finition « Bouleau — tissu Polo ».,Shopify Admin (29 septembre 2026),,contrôle automatique
corrigé,moyen,Métachamps,NO_MATERIAL,artek-armchair-402,Fauteuil 402,,,Matière absente (constat automatique).,artek.fi (même composition que le 401),"custom.material = « Structure : lamelles de bouleau massif cintrées. Assise et dossier : ressorts acier, algues, fibre de bois, mousse polyuréthane et ouate polyester, revêtement tissu. »",examen détaillé
corrigé,moyen,Métachamps,NO_MATERIAL,artek-armchair-406,Fauteuil 406,,,custom.material vide : aucune matière affichée.,Shopify Admin (29 septembre 2026),"Renseigner custom.material (matières Artek, voir reference-artek.csv).",contrôle automatique
corrigé,moyen,Métachamps,NO_USAGE,artek-armchair-406,Fauteuil 406,,,custom.usage vide : le produit tombe dans « usage non renseigné » des filtres.,Shopify Admin (29 septembre 2026),Renseigner custom.usage = Intérieur (guide Artek : usage intérieur sauf mention contraire).,contrôle automatique
à faire,moyen,Photos,NO_AMBIANCE,artek-armchair-406,Fauteuil 406,,,Aucune photo de galerie hors variantes : la fiche n’a pas de bande de miniatures/ambiances.,Shopify Admin (29 septembre 2026),Ajouter au moins une photo d’ambiance Artek non liée à une variante.,contrôle automatique
corrigé,moyen,Métachamps,NO_MATERIAL,artek-armchair-406,Fauteuil 406,,,Matière absente (constat automatique).,"Factsheet : « Frame birch natural lacquered. Seat: webbing » ; artek.fi « Linen webbing »","custom.material = « Structure : lamelles de bouleau massif cintrées, vernis incolore. Assise : sangles de lin. »",examen détaillé
corrigé,moyen,Métachamps,NO_USAGE,artek-armchair-41-paimio,Fauteuil 41 Paimio,,,custom.usage vide : le produit tombe dans « usage non renseigné » des filtres.,Shopify Admin (29 septembre 2026),Renseigner custom.usage = Intérieur (guide Artek : usage intérieur sauf mention contraire).,contrôle automatique
corrigé,moyen,Description,DESC_MATERIAL_WRONG,artek-armchair-41-paimio,Fauteuil 41 Paimio,,,"La description parle de « contreplaqué de bouleau massif cintré » : c’est contradictoire. Chez Artek, la structure est en lamelles de bouleau massif cintrées et la coque en contreplaqué de bouleau moulé.","Description : « réalisé en contreplaqué de bouleau massif cintré » ; artek.fi : « Frame: Form-bent solid birch lamella / Seat shell: Form-pressed birch plywood »",Remplacer par « Sa structure en lamelles de bouleau massif cintrées porte une coque en contreplaqué de bouleau moulé ».,examen détaillé
corrigé,moyen,Métachamps,NO_MATERIAL,artek-armchair-42,Fauteuil 42,,,custom.material vide : aucune matière affichée.,Shopify Admin (29 septembre 2026),"Renseigner custom.material (matières Artek, voir reference-artek.csv).",contrôle automatique
corrigé,moyen,Métachamps,NO_USAGE,artek-armchair-42,Fauteuil 42,,,custom.usage vide : le produit tombe dans « usage non renseigné » des filtres.,Shopify Admin (29 septembre 2026),Renseigner custom.usage = Intérieur (guide Artek : usage intérieur sauf mention contraire).,contrôle automatique
corrigé,moyen,Métachamps,NO_MATERIAL,artek-armchair-42,Fauteuil 42,,,Matière absente (constat automatique) : valeur Artek.,"artek.fi : « Frame: Form-bent solid birch lamella ; Seat shell: Form-pressed birch plywood » ; Factsheet : « Armrests birch natural lacquered. Seat shell bent birch plywood, lacquered in white or black »","custom.material = « Structure : lamelles de bouleau massif cintrées, vernis incolore. Coque : contreplaqué de bouleau moulé, laqué blanc ou noir. »",examen détaillé
corrigé,moyen,Métachamps,NO_USAGE,artek-armchair-45,Fauteuil 45,,,custom.usage vide : le produit tombe dans « usage non renseigné » des filtres.,Shopify Admin (29 septembre 2026),Renseigner custom.usage = Intérieur (guide Artek : usage intérieur sauf mention contraire).,contrôle automatique
corrigé,moyen,Description,DESC_LEATHER_ONLY,artek-armchair-45,Fauteuil 45,,,"La description ne présente que la version en cuir capitonné, alors que 4 des 8 variantes (dont les deux moins chères et la photo principale) sont en sangles de lin, avec accoudoirs nus, gainés de cuir ou en rotin.","Description : « Son assise à cadre en bouleau est garnie d’un cuir à surpiqûres quadrillées » ; options : 4 × « sangle … » ; artek.fi : « quilted leather … or natural linen webbings »","Écrire « Assise et dossier en cuir capitonné ou en sangles de lin ; accoudoirs nus, en rotin, gainés ou passepoilés de cuir selon la version ».",examen détaillé
à faire,moyen,Métachamps,NO_MATERIAL,artek-aslak-chair,Chaise Aslak,,,custom.material vide : aucune matière affichée.,Shopify Admin (29 septembre 2026),"Renseigner custom.material (matières Artek, voir reference-artek.csv).",contrôle automatique
à faire,moyen,Métachamps,MATERIAL_ARTEK,artek-aslak-chair,Chaise Aslak,,,custom.material vide.,artek.fi : « Seat and back: Formed beech plywood – Frame and legs: Solid beech »,"custom.material = « Hêtre massif et contreplaqué de hêtre moulé, laqué »",examen détaillé
à faire,moyen,Métachamps,NO_MATERIAL,artek-atelier-chair,Chaise Atelier,,,custom.material vide : aucune matière affichée.,Shopify Admin (29 septembre 2026),"Renseigner custom.material (matières Artek, voir reference-artek.csv).",contrôle automatique
à faire,moyen,Métachamps,MATERIAL_ARTEK,artek-atelier-chair,Chaise Atelier,,,custom.material vide.,"artek.fi : « Frame and back: Solid beech, Solid ash, Solid oak – Seat core: Beech plywood »","custom.material = « Hêtre, frêne ou chêne massif ; assise en contreplaqué de hêtre plaqué »",examen détaillé
corrigé,moyen,Métachamps,NO_YEAR,artek-bench-153a,Banc 153A,,,custom.year vide : année de création absente de la fiche.,Shopify Admin (29 septembre 2026),Renseigner custom.year avec l’année Artek (voir reference-artek.csv).,contrôle automatique
corrigé,moyen,Métachamps,NO_MATERIAL,artek-bench-153a,Banc 153A,,,custom.material vide : aucune matière affichée.,Shopify Admin (29 septembre 2026),"Renseigner custom.material (matières Artek, voir reference-artek.csv).",contrôle automatique
corrigé,moyen,Métachamps,YEAR_ONLY_IN_SEO,artek-bench-153a,Banc 153A,,,Année 1945 présente dans le SEO mais pas dans custom.year.,Shopify Admin (29 septembre 2026),Reporter l’année dans custom.year après vérification.,contrôle automatique
corrigé,moyen,Variantes,FINISH_DUPLICATE_LABEL,artek-bench-153a,Banc 153A,Verni naturel / Massif,,"La même finition est écrite « Bouleau verni naturel » (à lattes) et « Verni naturel » (plein). Le sélecteur affiche donc 5 finitions × 2 plateaux, soit 10 combinaisons dont 3 grisées. Les seules versions Artek sont 3 finitions × 2 plateaux, plus le bouleau sauvage à lattes, soit 7.","Options : Finition = Bouleau verni naturel | Bouleau sauvage verni naturel | Laqué blanc | Laqué noir | Verni naturel ; artek.fi : 7 variantes, bouleau sauvage cité une seule fois (photo Artek « slatted-top-wild-birch »)","Renommer « Verni naturel / Massif » en « Bouleau verni naturel / Plein » ; la grille devient 4 × 2 avec une seule combinaison absente (bouleau sauvage plein), qui n'existe pas chez Artek.",examen détaillé
corrigé,moyen,Variantes,PLATEAU_MASSIF_WRONG,artek-bench-153a,Banc 153A,"Verni naturel / Massif ; Laqué blanc / Massif ; Laqué noir / Massif",,"« Massif » traduit « solid top » à tort : chez Artek, le plateau plein est en placage de bouleau sur âme contreplaqué et nid d'abeille, alors que c'est le plateau à lattes qui est en bouleau massif.","artek.fi/bench-153a : « Seat: Solid birch, birch plywood, honeycomb / Solid birch slatted frame ; Seat surface: Birch veneer / Solid birch »","Valeur d'option « Plein » (ou « Plateau plein »), et non « Massif » ; retirer ou nuancer le tag bois-massif.",examen détaillé
corrigé,moyen,Description,DESC_SLATTED_ONLY,artek-bench-153a,Banc 153A,,,"La description présente le 153A comme un banc à plateau à lattes, alors que 3 variantes ont un plateau plein.","Description : « possède un plateau à lattes en bois massif » ; variantes …/ Massif",« Proposé avec plateau à lattes en bouleau massif ou plateau plein plaqué bouleau. »,examen détaillé
partiellement corrigé,moyen,Photos,GALLERY_MODEL_OR_FINISH_DOUBT,artek-bench-153a,Banc 153A,,"#2, #3, #4, #5","#2 montre un banc à lattes à teinte miel prononcée, sans doute une ancienne teinte non proposée (à confirmer). #3 et #5 (« bench-153-solid-top ») montrent un banc plein court dont les proportions évoquent plutôt le 153B (à confirmer). #4 (776 px) montre le banc très petit, à l'arrière-plan.","#2 artek-bench-153a-slatted-top-pendant-light-a331…, #3 artek-bench-153a-solid-top-birch-turntable…, #5 artek-bench-153-solid-top-birch.jpg, #4 Forest-Collection_web…","Vérifier #3 et #5 auprès d'Artek et les déplacer sur 153B si besoin ; retirer #4 ; garder #2 seulement si la teinte est confirmée.",examen détaillé
corrigé,moyen,Métachamps,NO_YEAR,artek-bench-153b,Banc 153B,,,custom.year vide : année de création absente de la fiche.,Shopify Admin (29 septembre 2026),Renseigner custom.year avec l’année Artek (voir reference-artek.csv).,contrôle automatique
corrigé,moyen,Métachamps,NO_MATERIAL,artek-bench-153b,Banc 153B,,,custom.material vide : aucune matière affichée.,Shopify Admin (29 septembre 2026),"Renseigner custom.material (matières Artek, voir reference-artek.csv).",contrôle automatique
corrigé,moyen,Métachamps,YEAR_ONLY_IN_SEO,artek-bench-153b,Banc 153B,,,Année 1945 présente dans le SEO mais pas dans custom.year.,Shopify Admin (29 septembre 2026),Reporter l’année dans custom.year après vérification.,contrôle automatique
à faire,moyen,Photos,LOW_RES,artek-bench-153b,Banc 153B,,,Image basse définition 874×874 (variante) : packshot-766fc2018676a7aef2323198f66f97b4.png.,Shopify Admin (29 septembre 2026),Remplacer par l’original haute définition (≥ 1 500 px).,contrôle automatique
corrigé,moyen,Tags,TAGS_LIMITED_EDITION_FALSE,artek-bench-153b,Banc 153B,,,Les tags edition-limitee et objet-de-collection sont faux pour les variantes vendues.,"Tags : edition-limitee, objet-de-collection","Retirer ; appliquer au 153B les mêmes corrections qu'au 153A (bouleau-sauvage, pas de verni-naturel en double).",examen détaillé
corrigé,moyen,Variantes,FINISH_DUPLICATE_LABEL,artek-bench-153b,Banc 153B,Verni naturel / Massif,,"Le vernis naturel est écrit de deux façons (« Bouleau verni naturel » à lattes, « Verni naturel » plein) : 10 combinaisons affichées pour 7 versions réelles ; « Massif » traduit mal « solid top » (plateau plein).","Options du dossier ; artek.fi/bench-153b : 7 variantes standard ; « Seat surface: Birch veneer / Solid birch »","« Bouleau verni naturel / Plein » ; valeur de plateau « Plein » au lieu de « Massif ».",examen détaillé
corrigé,moyen,Métachamps,NO_MATERIAL,artek-bench-167,Banc 167,,,custom.material vide : aucune matière affichée.,Shopify Admin (29 septembre 2026),"Renseigner custom.material (matières Artek, voir reference-artek.csv).",contrôle automatique
corrigé,moyen,Métachamps,NO_USAGE,artek-bench-167,Banc 167,,,custom.usage vide : le produit tombe dans « usage non renseigné » des filtres.,Shopify Admin (29 septembre 2026),Renseigner custom.usage = Intérieur (guide Artek : usage intérieur sauf mention contraire).,contrôle automatique
corrigé,moyen,Photos,GALLERY_UNSOLD_LEATHER,artek-bench-167,Banc 167,,"#2, #3","Les ambiances #2 et #3 montrent un banc 167 en cuir noir sur pieds noirs, une couleur de cuir non proposée : seul le cuir Prestige cognac est vendu.","#2 Bench-167_leather-upholstery_black.web.jpg, #3 Bench-167_leather-upholstery_web.jpg (assise noire visible)","Remplacer par des ambiances cuir cognac, ou indiquer dans l'alt « exemple en cuir noir, sur demande ».",examen détaillé
corrigé,moyen,Description,DESC_FABRIC_NOT_ORDERABLE,artek-bench-167,Banc 167,,,"La description annonce « disponible en revêtement tissu ou cuir », mais aucune variante tissu n'existe.","Description ; options : 3 × « cuir Prestige cognac »","« Proposé en ligne en cuir Prestige cognac ; autres cuirs et tissus Artek sur demande. »",examen détaillé
corrigé,moyen,Métachamps,NO_YEAR,artek-bench-168b,Banc 168B,,,custom.year vide : année de création absente de la fiche.,Shopify Admin (29 septembre 2026),Renseigner custom.year avec l’année Artek (voir reference-artek.csv).,contrôle automatique
corrigé,moyen,Métachamps,NO_MATERIAL,artek-bench-168b,Banc 168B,,,custom.material vide : aucune matière affichée.,Shopify Admin (29 septembre 2026),"Renseigner custom.material (matières Artek, voir reference-artek.csv).",contrôle automatique
corrigé,moyen,Métachamps,YEAR_ONLY_IN_SEO,artek-bench-168b,Banc 168B,,,Année 1945 présente dans le SEO mais pas dans custom.year.,Shopify Admin (29 septembre 2026),Reporter l’année dans custom.year après vérification.,contrôle automatique
partiellement corrigé,moyen,Variantes,PLATEAU_OPTION_SINGLE_WRONG,artek-bench-168b,Banc 168B,,,"Option « Plateau » à valeur unique « Massif » : elle ne sert à rien et elle est inexacte, puisque le plateau plein du 168B est en placage de bouleau sur âme nid d'abeille.","Options : Plateau = Massif ; artek.fi/bench-168b : « Seat core: Solid birch, Birch plywood, Honeycomb ; Seat surface: Birch veneer »","Supprimer l'option Plateau (ou « Plein » si des versions rembourrées sont ajoutées) ; libellés « Bouleau verni naturel », « Laqué blanc », « Laqué noir ».",examen détaillé
à faire,moyen,Métachamps,NO_YEAR,artek-cabinet-250,Buffet 250,,,custom.year vide : année de création absente de la fiche.,Shopify Admin (29 septembre 2026),Renseigner custom.year avec l’année Artek (voir reference-artek.csv).,contrôle automatique
à faire,moyen,Métachamps,NO_MATERIAL,artek-cabinet-250,Buffet 250,,,custom.material vide : aucune matière affichée.,Shopify Admin (29 septembre 2026),"Renseigner custom.material (matières Artek, voir reference-artek.csv).",contrôle automatique
à faire,moyen,Métachamps,YEAR_VALUE,artek-cabinet-250,Buffet 250,,,Année absente alors qu'Artek donne 1936-1937.,"https://www.artek.fi/en/products/cabinet-250 : « Alvar Aalto, 1936 - 1937 »","custom.year = 1936 (ou « 1936-1937 ») ; tag annees-1930.",examen détaillé
corrigé,moyen,Métachamps,ORIGIN_INCOMPLETE,artek-cabinet-250,Buffet 250,,,Origine « Fabriqué en Finlande » incomplète.,https://www.artek.fi/en/products/cabinet-250 : « Made in Finland and Germany »,custom.origin = « Fabriqué en Finlande et en Allemagne ».,examen détaillé
à faire,moyen,Métachamps,MATERIAL_VALUE,artek-cabinet-250,Buffet 250,,,Matière absente.,"https://www.artek.fi/en/products/cabinet-250 : « Legs Solid birch, honey stain / Corpus Birch veneer, honey stain »",custom.material = « Bouleau massif et placage de bouleau teintés miel ».,examen détaillé
corrigé,moyen,Métachamps,NO_MATERIAL,artek-ceiling-light-a622,Plafonnier A622,,,custom.material vide : aucune matière affichée.,Shopify Admin (29 septembre 2026),"Renseigner custom.material (matières Artek, voir reference-artek.csv).",contrôle automatique
corrigé,moyen,Options,OPTION_NAME_WRONG,artek-ceiling-light-a622,Plafonnier A622,,,Option « Finition » contenant des dimensions/références : A622a | A622b.,Shopify Admin (29 septembre 2026),,contrôle automatique
corrigé,moyen,Variantes,OPTION_CODES,artek-ceiling-light-a622,Plafonnier A622,A622a,,"Précision sur OPTION_NAME_WRONG : l'option « Finition » propose « A622a / A622b », des codes que le client ne peut pas interpréter ; il s'agit de deux tailles (même finition laquée blanche). Casse différente d'Artek (A622A/A622B).","Options ; https://www.artek.fi/en/products/ceiling-light-a622 : « available in 57 and 46,5 cm ».","Option « Taille » : « A622A — Ø 57 cm » / « A622B — Ø 46,5 cm ».",examen détaillé
à faire,moyen,Prix,SAME_PRICE_TWO_SIZES,artek-ceiling-light-a622,Plafonnier A622,,,"Les deux tailles (Ø 57 et Ø 46,5 cm) sont au même prix (1 546 €) et au même coût (702,35 €) : prix de la petite taille à vérifier.","Variantes A622a / A622b : price 1546, cost 702.35.",Contrôler le tarif Artek de l'A622B et ajuster prix et coût.,examen détaillé
à faire,moyen,Métachamps,ELEC_DATA_MISSING,artek-ceiling-light-a622,Plafonnier A622,,,"Aucune donnée électrique renseignée (custom.lighting_type, light_source_type, power_w, voltage_v, cable_details, ip_rating, safety_class vides) alors que 5 fiches Artek voisines les affichent.","Dossier : aucun métachamp custom.lighting_type… ; site.api sans lightingType/power ; https://www.artek.fi/en/products/ceiling-light-a622 (Materials and Dimensions).","Renseigner : lighting_type = Plafonnier ; light_source_type = 3 douilles E27 ; power_w = 3 × 60 W max ; voltage_v = 220-240 V · 50 Hz ; cable_details = Raccordement direct au plafond, sans fiche (commande par interrupteur mural) ; ip_rating = IP20 ; safety_class = Classe I.",examen détaillé
corrigé,moyen,Métachamps,NO_YEAR,artek-chair-611,Chaise 611,,,custom.year vide : année de création absente de la fiche.,Shopify Admin (29 septembre 2026),Renseigner custom.year avec l’année Artek (voir reference-artek.csv).,contrôle automatique
à faire,moyen,Métachamps,NO_MATERIAL,artek-chair-611,Chaise 611,,,custom.material vide : aucune matière affichée.,Shopify Admin (29 septembre 2026),"Renseigner custom.material (matières Artek, voir reference-artek.csv).",contrôle automatique
corrigé,moyen,Métachamps,YEAR_ONLY_IN_SEO,artek-chair-611,Chaise 611,,,Année 1929 présente dans le SEO mais pas dans custom.year.,Shopify Admin (29 septembre 2026),Reporter l’année dans custom.year après vérification.,contrôle automatique
corrigé,moyen,Description,DESC_WEBBING,artek-chair-611,Chaise 611,,,"« une assise et un dossier cousus sellier » est inexact : il s'agit de sangles de lin tissées/tressées sur le cadre, pas de couture sellier.","artek.fi : « woven fabric seat and backrest », « Seat and backrest: Linen webbing » ; factsheet 611 : « webbing »",« …avec une assise et un dossier en sangles de lin tressées. »,examen détaillé
corrigé,moyen,Métachamps,YEAR_1929,artek-chair-611,Chaise 611,,,"custom.year vide ; Artek confirme 1929.","artek.fi : « Alvar Aalto, 1929 » ; factsheet « design Alvar Aalto 1929 »",custom.year = 1929,examen détaillé
à faire,moyen,Métachamps,MATERIAL_ARTEK,artek-chair-611,Chaise 611,,,custom.material vide.,artek.fi : « Frame: Solid birch – Seat and backrest: Linen webbing »,"custom.material = « Bouleau massif ; sangles 100 % lin »",examen détaillé
corrigé,moyen,Métachamps,NO_YEAR,artek-chair-65,Chaise 65,,,custom.year vide : année de création absente de la fiche.,Shopify Admin (29 septembre 2026),Renseigner custom.year avec l’année Artek (voir reference-artek.csv).,contrôle automatique
à faire,moyen,Métachamps,NO_MATERIAL,artek-chair-65,Chaise 65,,,custom.material vide : aucune matière affichée.,Shopify Admin (29 septembre 2026),"Renseigner custom.material (matières Artek, voir reference-artek.csv).",contrôle automatique
corrigé,moyen,Métachamps,YEAR_ONLY_IN_SEO,artek-chair-65,Chaise 65,,,Année 1935 présente dans le SEO mais pas dans custom.year.,Shopify Admin (29 septembre 2026),Reporter l’année dans custom.year après vérification.,contrôle automatique
corrigé,moyen,Métachamps,YEAR_1935,artek-chair-65,Chaise 65,,,custom.year vide.,"artek.fi : « Alvar Aalto, 1935 » ; factsheet « design Alvar Aalto 1935 »",custom.year = 1935,examen détaillé
à faire,moyen,Métachamps,MATERIAL_ARTEK,artek-chair-65,Chaise 65,,,custom.material vide.,artek.fi « Materials and Dimensions »,"custom.material = « Bouleau massif, dossier en contreplaqué de bouleau moulé ; assise bouleau, lamifié (HPL) ou linoléum »",examen détaillé
corrigé,moyen,Métachamps,NO_YEAR,artek-chair-66,Chaise 66,,,custom.year vide : année de création absente de la fiche.,Shopify Admin (29 septembre 2026),Renseigner custom.year avec l’année Artek (voir reference-artek.csv).,contrôle automatique
à faire,moyen,Métachamps,NO_MATERIAL,artek-chair-66,Chaise 66,,,custom.material vide : aucune matière affichée.,Shopify Admin (29 septembre 2026),"Renseigner custom.material (matières Artek, voir reference-artek.csv).",contrôle automatique
corrigé,moyen,Métachamps,YEAR_ONLY_IN_SEO,artek-chair-66,Chaise 66,,,Année 1935 présente dans le SEO mais pas dans custom.year.,Shopify Admin (29 septembre 2026),Reporter l’année dans custom.year après vérification.,contrôle automatique
corrigé,moyen,Métachamps,YEAR_1935,artek-chair-66,Chaise 66,,,custom.year vide.,"artek.fi : « Alvar Aalto, 1935 »",custom.year = 1935,examen détaillé
à faire,moyen,Métachamps,MATERIAL_ARTEK,artek-chair-66,Chaise 66,,,custom.material vide.,artek.fi « Materials and Dimensions »,"custom.material = « Bouleau massif, dossier en contreplaqué de bouleau moulé ; assise bouleau, lamifié (HPL) ou linoléum »",examen détaillé
corrigé,moyen,Métachamps,NO_YEAR,artek-chair-68,Chaise 68,,,custom.year vide : année de création absente de la fiche.,Shopify Admin (29 septembre 2026),Renseigner custom.year avec l’année Artek (voir reference-artek.csv).,contrôle automatique
à faire,moyen,Métachamps,NO_MATERIAL,artek-chair-68,Chaise 68,,,custom.material vide : aucune matière affichée.,Shopify Admin (29 septembre 2026),"Renseigner custom.material (matières Artek, voir reference-artek.csv).",contrôle automatique
corrigé,moyen,Métachamps,YEAR_ONLY_IN_SEO,artek-chair-68,Chaise 68,,,Année 1935 présente dans le SEO mais pas dans custom.year.,Shopify Admin (29 septembre 2026),Reporter l’année dans custom.year après vérification.,contrôle automatique
corrigé,moyen,Métachamps,YEAR_1935,artek-chair-68,Chaise 68,,,custom.year vide.,"artek.fi : « Alvar Aalto, 1935 » ; factsheet 68",custom.year = 1935,examen détaillé
à faire,moyen,Métachamps,MATERIAL_ARTEK,artek-chair-68,Chaise 68,,,custom.material vide.,artek.fi : « Backrest: Form-pressed solid birch lamella »,"custom.material = « Bouleau massif, dossier en lamelles de bouleau moulées ; assise bouleau, lamifié (HPL) ou linoléum »",examen détaillé
corrigé,moyen,Métachamps,NO_YEAR,artek-chair-69,Chaise 69,,,custom.year vide : année de création absente de la fiche.,Shopify Admin (29 septembre 2026),Renseigner custom.year avec l’année Artek (voir reference-artek.csv).,contrôle automatique
à faire,moyen,Métachamps,NO_MATERIAL,artek-chair-69,Chaise 69,,,custom.material vide : aucune matière affichée.,Shopify Admin (29 septembre 2026),"Renseigner custom.material (matières Artek, voir reference-artek.csv).",contrôle automatique
corrigé,moyen,Métachamps,YEAR_ONLY_IN_SEO,artek-chair-69,Chaise 69,,,Année 1935 présente dans le SEO mais pas dans custom.year.,Shopify Admin (29 septembre 2026),Reporter l’année dans custom.year après vérification.,contrôle automatique
corrigé,moyen,Photos,VARIANT_ALT_MISMATCH,artek-chair-69,Chaise 69,Bouleau / laqué blanc,,Alt de l’image de variante « Chaise 69 — Artek » sans rapport avec la finition « Bouleau / laqué blanc ».,Shopify Admin (29 septembre 2026),,contrôle automatique
corrigé,moyen,Photos,VARIANT_ALT_MISMATCH,artek-chair-69,Chaise 69,Laqué noir,,Alt de l’image de variante « Chaise 69 — Artek » sans rapport avec la finition « Laqué noir ».,Shopify Admin (29 septembre 2026),,contrôle automatique
corrigé,moyen,Photos,ALT_WRONG_FINISH,artek-chair-69,Chaise 69,Laqué blanc,#9,"La photo #9 (chaise entièrement blanche, pieds laqués) est bien liée à « Laqué blanc » mais son alt dit « Bouleau / laqué blanc » (pieds naturels) ; inversement l'alt de #14 est générique. Non signalé par le contrôle automatique pour #9.","Photo #9 artek-chair-69-white-lacquer.jpg, alt « Chaise 69 — Bouleau / laqué blanc », variante liée « Laqué blanc »","Alt #9 : « Chaise 69 — Laqué blanc » ; alt #14 : « Chaise 69 — Bouleau / laqué blanc » ; alt #15 : « Chaise 69 — Laqué noir ».",examen détaillé
corrigé,moyen,Métachamps,YEAR_1935,artek-chair-69,Chaise 69,,,custom.year vide.,"artek.fi : « Alvar Aalto, 1935 » ; factsheet 69",custom.year = 1935,examen détaillé
à faire,moyen,Métachamps,MATERIAL_ARTEK,artek-chair-69,Chaise 69,,,custom.material vide.,artek.fi « Materials and Dimensions »,"custom.material = « Bouleau massif, dossier en lamelles de bouleau moulées ; assise bouleau, laquée ou lamifiée (HPL) »",examen détaillé
corrigé,moyen,Métachamps,NO_YEAR,artek-childrens-chair-n65,Chaise enfant N65,,,custom.year vide : année de création absente de la fiche.,Shopify Admin (29 septembre 2026),Renseigner custom.year avec l’année Artek (voir reference-artek.csv).,contrôle automatique
à faire,moyen,Métachamps,NO_MATERIAL,artek-childrens-chair-n65,Chaise enfant N65,,,custom.material vide : aucune matière affichée.,Shopify Admin (29 septembre 2026),"Renseigner custom.material (matières Artek, voir reference-artek.csv).",contrôle automatique
corrigé,moyen,Métachamps,YEAR_ONLY_IN_SEO,artek-childrens-chair-n65,Chaise enfant N65,,,Année 1935 présente dans le SEO mais pas dans custom.year.,Shopify Admin (29 septembre 2026),Reporter l’année dans custom.year après vérification.,contrôle automatique
à faire,moyen,Prix,KIDS_PRICE_EQUALS_ADULT,artek-childrens-chair-n65,Chaise enfant N65,,,"La chaise enfant N65 est vendue au prix exact de la Chaise 65 adulte (441 € bouleau, 471 € lamifié / linoléum, mêmes coûts). C'est plausible mais à confirmer.","artek-childrens-chair-n65 : 441 / 471 / 471 € ; artek-chair-65 : 441 / 471 / 471 €",Vérifier le tarif Artek et le coût d'achat de la N65.,examen détaillé
corrigé,moyen,Métachamps,NO_YEAR,artek-childrens-stool-ne60,Tabouret enfant NE60,,,custom.year vide : année de création absente de la fiche.,Shopify Admin (29 septembre 2026),Renseigner custom.year avec l’année Artek (voir reference-artek.csv).,contrôle automatique
à faire,moyen,Métachamps,NO_MATERIAL,artek-childrens-stool-ne60,Tabouret enfant NE60,,,custom.material vide : aucune matière affichée.,Shopify Admin (29 septembre 2026),"Renseigner custom.material (matières Artek, voir reference-artek.csv).",contrôle automatique
corrigé,moyen,Métachamps,YEAR_ONLY_IN_SEO,artek-childrens-stool-ne60,Tabouret enfant NE60,,,Année 1934 présente dans le SEO mais pas dans custom.year.,Shopify Admin (29 septembre 2026),Reporter l’année dans custom.year après vérification.,contrôle automatique
à faire,moyen,Photos,NO_AMBIANCE,artek-childrens-stool-ne60,Tabouret enfant NE60,,,Aucune photo de galerie hors variantes : la fiche n’a pas de bande de miniatures/ambiances.,Shopify Admin (29 septembre 2026),Ajouter au moins une photo d’ambiance Artek non liée à une variante.,contrôle automatique
à faire,moyen,Prix,KIDS_PRICE_EQUALS_ADULT,artek-childrens-stool-ne60,Tabouret enfant NE60,,,"Le tabouret enfant NE60 est vendu exactement au prix du Tabouret E60 adulte dans les trois finitions communes (311 € bouleau, 342 € lamifié / linoléum), coûts identiques aussi. C'est plausible (mêmes composants, pieds plus courts) mais à confirmer sur la liste de prix Artek.","Variantes NE60 : 311 / 342 / 342 € (coût 151,63 / 166,38) ; artek-stool-e60 : 311 / 342 / 342 € (coût 151,63 / 166,38)","Vérifier le tarif Artek NE60 et le coût d'achat ; corriger si différent.",examen détaillé
corrigé,moyen,Métachamps,NO_MATERIAL,artek-clothes-tree-160,Porte-manteau 160,,,custom.material vide : aucune matière affichée.,Shopify Admin (29 septembre 2026),"Renseigner custom.material (matières Artek, voir reference-artek.csv).",contrôle automatique
corrigé,moyen,Métachamps,MATERIAL_VALUE,artek-clothes-tree-160,Porte-manteau 160,,,Matière absente.,artek.fi « Foot: Steel / Tree: Solid birch »,"custom.material = « Bouleau massif, pied en acier laqué noir ».",examen détaillé
à faire,moyen,Photos,GALLERY_WEAK,artek-clothes-tree-160,Porte-manteau 160,,#3,Seule ambiance = vue d'ensemble de la collection (1280 px) où le porte-manteau est coupé au bord droit.,sheet #3 Artek-Collection-Overview_web.jpg,"Ajouter une ambiance où le porte-manteau 160 est entier ; alt précis.",examen détaillé
corrigé,moyen,Statut,DRAFT,artek-day-bed-710-back-cushions,Coussins dossier pour lit de repos 710 (Lot de 2),,,Fiche en brouillon (non vendue). Aucune photo.,Shopify Admin (29 septembre 2026),,contrôle automatique
à faire,moyen,Métachamps,NO_MATERIAL,artek-day-bed-710-back-cushions,Coussins dossier pour lit de repos 710 (Lot de 2),,,custom.material vide : aucune matière affichée.,Shopify Admin (29 septembre 2026),"Renseigner custom.material (matières Artek, voir reference-artek.csv).",contrôle automatique
corrigé,moyen,Métachamps,NO_USAGE,artek-day-bed-710-back-cushions,Coussins dossier pour lit de repos 710 (Lot de 2),,,custom.usage vide : le produit tombe dans « usage non renseigné » des filtres.,Shopify Admin (29 septembre 2026),Renseigner custom.usage = Intérieur (guide Artek : usage intérieur sauf mention contraire).,contrôle automatique
corrigé,moyen,Métachamps,NO_ORIGIN,artek-day-bed-710-back-cushions,Coussins dossier pour lit de repos 710 (Lot de 2),,,custom.origin vide : pays de fabrication absent de la fiche.,Shopify Admin (29 septembre 2026),Renseigner custom.origin et custom.country_of_origin avec le « Made in » Artek.,contrôle automatique
à faire,moyen,Prix,NO_COST,artek-day-bed-710-back-cushions,Coussins dossier pour lit de repos 710 (Lot de 2),Sans housse,,Coût d’achat absent : Sans housse (ART-DB710BC-27000703).,Shopify Admin (29 septembre 2026),Renseigner le coût d’achat.,contrôle automatique
à faire,moyen,Prix,NO_COST,artek-day-bed-710-back-cushions,Coussins dossier pour lit de repos 710 (Lot de 2),Tissu F40,,Coût d’achat absent : Tissu F40 (ART-DB710BC-27000802-F40).,Shopify Admin (29 septembre 2026),Renseigner le coût d’achat.,contrôle automatique
à faire,moyen,Prix,NO_COST,artek-day-bed-710-back-cushions,Coussins dossier pour lit de repos 710 (Lot de 2),Tissu F60,,Coût d’achat absent : Tissu F60 (ART-DB710BC-27000802-F60).,Shopify Admin (29 septembre 2026),Renseigner le coût d’achat.,contrôle automatique
à faire,moyen,Prix,NO_COST,artek-day-bed-710-back-cushions,Coussins dossier pour lit de repos 710 (Lot de 2),Tissu F80,,Coût d’achat absent : Tissu F80 (ART-DB710BC-27000802-F80).,Shopify Admin (29 septembre 2026),Renseigner le coût d’achat.,contrôle automatique
à faire,moyen,Prix,NO_COST,artek-day-bed-710-back-cushions,Coussins dossier pour lit de repos 710 (Lot de 2),Tissu F100,,Coût d’achat absent : Tissu F100 (ART-DB710BC-27000802-F100).,Shopify Admin (29 septembre 2026),Renseigner le coût d’achat.,contrôle automatique
à faire,moyen,Prix,NO_COST,artek-day-bed-710-back-cushions,Coussins dossier pour lit de repos 710 (Lot de 2),Tissu F140,,Coût d’achat absent : Tissu F140 (ART-DB710BC-27000802-F140).,Shopify Admin (29 septembre 2026),Renseigner le coût d’achat.,contrôle automatique
à faire,moyen,Prix,NO_COST,artek-day-bed-710-back-cushions,Coussins dossier pour lit de repos 710 (Lot de 2),Tissu F200,,Coût d’achat absent : Tissu F200 (ART-DB710BC-27000802-F200).,Shopify Admin (29 septembre 2026),Renseigner le coût d’achat.,contrôle automatique
à faire,moyen,Classement,WRONG_FAMILY,artek-day-bed-710-back-cushions,Coussins dossier pour lit de repos 710 (Lot de 2),,,"Le type « Coussin » place ces coussins de dossier dans les collections « Décoration » et « Coussins, plaids & tapis ». Une fois publiés, ils y côtoieraient les coussins décoratifs au lieu d'être rattachés au lit de repos ou aux canapés.","collections : decoration, coussins-plaids-tapis ; règle coussins-plaids-tapis : TYPE = Coussin","Type « Élément de canapé » (collection Canapés) ou type dédié sans famille, avec un lien depuis la fiche du cadre.",examen détaillé
à faire,moyen,Métachamps,DIMENSIONS,artek-day-bed-710-back-cushions,Coussins dossier pour lit de repos 710 (Lot de 2),,,Précision sur NO_DIMENSIONS et NO_ORIGIN.,"scandinavia-design.fr (fiche Artek Day Bed 710) : coussins dossier 100 × 23 × 7/23 cm, 2 pièces ; artek.fi : « Made in Finland and Estonia »","custom.dimensions = « 2 coussins de 100 × 23 cm, ép. 7/23 cm (à confirmer) » ; custom.origin = « Fabriqué en Finlande et en Estonie » ; custom.material = « Mousse PU, housse amovible ».",examen détaillé
à faire,moyen,Métachamps,NO_MATERIAL,artek-day-bed-710-frame,Lit de repos 710,,,custom.material vide : aucune matière affichée.,Shopify Admin (29 septembre 2026),"Renseigner custom.material (matières Artek, voir reference-artek.csv).",contrôle automatique
corrigé,moyen,Métachamps,NO_USAGE,artek-day-bed-710-frame,Lit de repos 710,,,custom.usage vide : le produit tombe dans « usage non renseigné » des filtres.,Shopify Admin (29 septembre 2026),Renseigner custom.usage = Intérieur (guide Artek : usage intérieur sauf mention contraire).,contrôle automatique
corrigé,moyen,Métachamps,NO_ORIGIN,artek-day-bed-710-frame,Lit de repos 710,,,custom.origin vide : pays de fabrication absent de la fiche.,Shopify Admin (29 septembre 2026),Renseigner custom.origin et custom.country_of_origin avec le « Made in » Artek.,contrôle automatique
corrigé,moyen,Description,DESC_SHORT,artek-day-bed-710-frame,Lit de repos 710,,,Description très courte (194 caractères).,Shopify Admin (29 septembre 2026),,contrôle automatique
à faire,moyen,Métachamps,ORIGIN_MATERIAL,artek-day-bed-710-frame,Lit de repos 710,,,Précision sur NO_ORIGIN et NO_MATERIAL.,"artek.fi : « Legs and frame: Solid birch », « birch, clear lacquer », « Made in Finland and Estonia »","custom.material = « Bouleau massif verni naturel » ; custom.origin = « Fabriqué en Finlande et en Estonie ».",examen détaillé
corrigé,moyen,Description,DESC_EN,artek-day-bed-710-frame,Lit de repos 710,,,"La description est courte et garde des anglicismes (« Day Bed 710 », « collection Sofas »). Elle ne présente ni le pied en L, ni la structure à lattes, ni la transformation canapé ↔ lit. L'année 1935 citée est celle de la fondation d'Artek, pas du modèle (1933) : ce n'est pas une erreur, mais l'année du modèle manque dans le texte.","description Admin ; artek.fi : « Day Bed 710 can be transformed from a sofa into a bed in seconds », « Year: 1933 »","Réécrire en français : Alvar Aalto, 1933, famille du pied en L, bouleau massif, cadre à lattes, matelas et coussins en option.",examen détaillé
à faire,moyen,Variantes,WEIGHT_MISSING,artek-day-bed-710-frame,Lit de repos 710,,,Aucun poids d'expédition sur un meuble de plus de 2 m (weightKg = 0) : le calcul du transport est impossible.,dossier : weightKg 0,Renseigner le poids et le volume d'expédition du cadre.,examen détaillé
corrigé,moyen,Statut,DRAFT,artek-day-bed-710-mattress,Matelas pour lit de repos 710,,,Fiche en brouillon (non vendue). Aucune photo.,Shopify Admin (29 septembre 2026),,contrôle automatique
à faire,moyen,Métachamps,NO_MATERIAL,artek-day-bed-710-mattress,Matelas pour lit de repos 710,,,custom.material vide : aucune matière affichée.,Shopify Admin (29 septembre 2026),"Renseigner custom.material (matières Artek, voir reference-artek.csv).",contrôle automatique
corrigé,moyen,Métachamps,NO_USAGE,artek-day-bed-710-mattress,Matelas pour lit de repos 710,,,custom.usage vide : le produit tombe dans « usage non renseigné » des filtres.,Shopify Admin (29 septembre 2026),Renseigner custom.usage = Intérieur (guide Artek : usage intérieur sauf mention contraire).,contrôle automatique
corrigé,moyen,Métachamps,NO_ORIGIN,artek-day-bed-710-mattress,Matelas pour lit de repos 710,,,custom.origin vide : pays de fabrication absent de la fiche.,Shopify Admin (29 septembre 2026),Renseigner custom.origin et custom.country_of_origin avec le « Made in » Artek.,contrôle automatique
à faire,moyen,Prix,NO_COST,artek-day-bed-710-mattress,Matelas pour lit de repos 710,Sans housse,,Coût d’achat absent : Sans housse (ART-DB710M-27000501).,Shopify Admin (29 septembre 2026),Renseigner le coût d’achat.,contrôle automatique
à faire,moyen,Prix,NO_COST,artek-day-bed-710-mattress,Matelas pour lit de repos 710,Tissu F40,,Coût d’achat absent : Tissu F40 (ART-DB710M-27000602-F40).,Shopify Admin (29 septembre 2026),Renseigner le coût d’achat.,contrôle automatique
à faire,moyen,Prix,NO_COST,artek-day-bed-710-mattress,Matelas pour lit de repos 710,Tissu F60,,Coût d’achat absent : Tissu F60 (ART-DB710M-27000602-F60).,Shopify Admin (29 septembre 2026),Renseigner le coût d’achat.,contrôle automatique
à faire,moyen,Prix,NO_COST,artek-day-bed-710-mattress,Matelas pour lit de repos 710,Tissu F80,,Coût d’achat absent : Tissu F80 (ART-DB710M-27000602-F80).,Shopify Admin (29 septembre 2026),Renseigner le coût d’achat.,contrôle automatique
à faire,moyen,Prix,NO_COST,artek-day-bed-710-mattress,Matelas pour lit de repos 710,Tissu F100,,Coût d’achat absent : Tissu F100 (ART-DB710M-27000602-F100).,Shopify Admin (29 septembre 2026),Renseigner le coût d’achat.,contrôle automatique
à faire,moyen,Prix,NO_COST,artek-day-bed-710-mattress,Matelas pour lit de repos 710,Tissu F140,,Coût d’achat absent : Tissu F140 (ART-DB710M-27000602-F140).,Shopify Admin (29 septembre 2026),Renseigner le coût d’achat.,contrôle automatique
à faire,moyen,Prix,NO_COST,artek-day-bed-710-mattress,Matelas pour lit de repos 710,Tissu F200,,Coût d’achat absent : Tissu F200 (ART-DB710M-27000602-F200).,Shopify Admin (29 septembre 2026),Renseigner le coût d’achat.,contrôle automatique
à faire,moyen,Métachamps,DIMENSIONS,artek-day-bed-710-mattress,Matelas pour lit de repos 710,,,"Précision sur NO_DIMENSIONS, NO_MATERIAL et NO_ORIGIN.","scandinavia-design.fr : matelas 200 × 90 × 12 cm, mousse PU ; artek.fi : « Fabric upholstery and PU foam », « Made in Finland and Estonia »","custom.dimensions = « 200 × 90 × 12 cm » ; custom.material = « Mousse PU, housse amovible » ; custom.origin = « Fabriqué en Finlande et en Estonie ».",examen détaillé
à faire,moyen,Métachamps,NO_MATERIAL,artek-domus-chair,Chaise Domus,,,custom.material vide : aucune matière affichée.,Shopify Admin (29 septembre 2026),"Renseigner custom.material (matières Artek, voir reference-artek.csv).",contrôle automatique
corrigé,moyen,Photos,GALLERY_UPHOLSTERED,artek-domus-chair,Chaise Domus,,,"Plusieurs ambiances de cette fiche « bois » montrent surtout des Domus rembourrées (cuir brun assise+dossier, tissu beige, tissu rouge, cuir vert), qui ne s'achètent pas ici.","Photos #3 (Crafted-Through-Time : Domus rembourrée cuir), #4 (Nordic-3 : Domus tissu beige au premier plan), #5 (Minimal-02 : Domus rouge rembourrées), #7 (Layered-01 : Domus vert rembourrée)","Déplacer #3, #4, #5, #7 vers la fiche « assise et dossier rembourrés » (ou les placer après les ambiances bois) et garder en tête #2, #6, #8, #9, #14, #15.",examen détaillé
à faire,moyen,Métachamps,MATERIAL_ARTEK,artek-domus-chair,Chaise Domus,,,custom.material vide.,"artek.fi : « Frame versions: Solid birch, Solid oak – Seat and back core: Form-pressed birch veneer »","custom.material = « Bouleau ou chêne massif ; assise et dossier en placage moulé »",examen détaillé
à faire,moyen,Métachamps,NO_MATERIAL,artek-domus-chair-seat-and-back-upholstered,Chaise Domus assise et dossier rembourrés,,,custom.material vide : aucune matière affichée.,Shopify Admin (29 septembre 2026),"Renseigner custom.material (matières Artek, voir reference-artek.csv).",contrôle automatique
corrigé,moyen,Métachamps,NO_ORIGIN,artek-domus-chair-seat-and-back-upholstered,Chaise Domus assise et dossier rembourrés,,,custom.origin vide : pays de fabrication absent de la fiche.,Shopify Admin (29 septembre 2026),Renseigner custom.origin et custom.country_of_origin avec le « Made in » Artek.,contrôle automatique
corrigé,moyen,Variantes,LABEL_GARBLED,artek-domus-chair-seat-and-back-upholstered,Chaise Domus assise et dossier rembourrés,Bouleau / tissu hola canary tissu / cuir prestige cream passepoil,#1,"Le libellé de la variante par défaut est incohérent : « tissu hola canary tissu / cuir prestige cream passepoil » (« tissu » doublé, passepoil mal placé).","Option 1 ; artek.fi/stories/domus-means-home : « clear lacquer birch frame with Hola canary fabric upholstery and Prestige cream leather piping »",« Bouleau / tissu Hola canary / passepoil cuir Prestige cream »,examen détaillé
corrigé,moyen,Métachamps,ORIGIN_FINLAND,artek-domus-chair-seat-and-back-upholstered,Chaise Domus assise et dossier rembourrés,,,"custom.origin et custom.country_of_origin absents ; Artek indique « made in Finland ».","artek.fi domus-chair : « Made in Finland » ; description Mikado « Fabriquée en Finlande »","custom.origin = « Fabriqué en Finlande », custom.country_of_origin = « Finlande »",examen détaillé
à faire,moyen,Métachamps,NO_MATERIAL,artek-domus-chair-seat-upholstered,Chaise Domus assise rembourrée,,,custom.material vide : aucune matière affichée.,Shopify Admin (29 septembre 2026),"Renseigner custom.material (matières Artek, voir reference-artek.csv).",contrôle automatique
corrigé,moyen,Métachamps,NO_ORIGIN,artek-domus-chair-seat-upholstered,Chaise Domus assise rembourrée,,,custom.origin vide : pays de fabrication absent de la fiche.,Shopify Admin (29 septembre 2026),Renseigner custom.origin et custom.country_of_origin avec le « Made in » Artek.,contrôle automatique
corrigé,moyen,Photos,GALLERY_OTHER_VERSION,artek-domus-chair-seat-upholstered,Chaise Domus assise rembourrée,,,"Les deux ambiances montrent une Domus chêne avec assise ET dossier rembourrés en cuir clair, alors que la fiche vend une assise seule en cuir noir.",Photos #2 (Domus_Chair_clear_oak_leather_upholstered_Kaari_Table…) et #3 (…leather_upholstered_3_web.jpg) : dossier rembourré visible,Remplacer par des ambiances Artek de Domus à assise cuir noir (ou déplacer #2/#3 vers la fiche assise+dossier).,examen détaillé
à faire,moyen,Prix,PRICE_INCONSISTENT,artek-domus-chair-seat-upholstered,Chaise Domus assise rembourrée,,,Le supplément de l'assise cuir varie fortement selon la finition : +282 € sur bouleau (1075 vs 793) mais +169 € sur teinté noir (1110 vs 941) et +145 € sur chêne (1215 vs 1070).,"Prix : Domus bois 793 / 941 / 1070 ; Domus assise rembourrée 1075 / 1110 / 1215",Vérifier les trois prix sur le tarif Artek (le bouleau rembourré semble trop cher ou les deux autres trop bas).,examen détaillé
corrigé,moyen,Métachamps,ORIGIN_FINLAND,artek-domus-chair-seat-upholstered,Chaise Domus assise rembourrée,,,custom.origin et country_of_origin absents.,artek.fi domus-chair : « Made in Finland »,custom.origin = « Fabriqué en Finlande »,examen détaillé
corrigé,moyen,Métachamps,NO_MATERIAL,artek-domus-lounge-chair,Fauteuil Domus,,,custom.material vide : aucune matière affichée.,Shopify Admin (29 septembre 2026),"Renseigner custom.material (matières Artek, voir reference-artek.csv).",contrôle automatique
corrigé,moyen,Métachamps,NO_USAGE,artek-domus-lounge-chair,Fauteuil Domus,,,custom.usage vide : le produit tombe dans « usage non renseigné » des filtres.,Shopify Admin (29 septembre 2026),Renseigner custom.usage = Intérieur (guide Artek : usage intérieur sauf mention contraire).,contrôle automatique
corrigé,moyen,Métachamps,NO_MATERIAL,artek-domus-lounge-chair,Fauteuil Domus,,,Matière absente (constat automatique).,"artek.fi : « Frame versions: Solid birch, Solid oak ; Seat shell core: Form-pressed birch veneer »","custom.material = « Structure et accoudoirs : bouleau massif (ou chêne massif pour la finition chêne). Assise et dossier : contreplaqué de bouleau moulé, plaqué chêne pour la finition chêne. »",examen détaillé
corrigé,moyen,Métachamps,NO_MATERIAL,artek-domus-lounge-chair-upholstered,Fauteuil Domus rembourré,,,custom.material vide : aucune matière affichée.,Shopify Admin (29 septembre 2026),"Renseigner custom.material (matières Artek, voir reference-artek.csv).",contrôle automatique
corrigé,moyen,Métachamps,NO_USAGE,artek-domus-lounge-chair-upholstered,Fauteuil Domus rembourré,,,custom.usage vide : le produit tombe dans « usage non renseigné » des filtres.,Shopify Admin (29 septembre 2026),Renseigner custom.usage = Intérieur (guide Artek : usage intérieur sauf mention contraire).,contrôle automatique
corrigé,moyen,Métachamps,NO_ORIGIN,artek-domus-lounge-chair-upholstered,Fauteuil Domus rembourré,,,custom.origin vide : pays de fabrication absent de la fiche.,Shopify Admin (29 septembre 2026),Renseigner custom.origin et custom.country_of_origin avec le « Made in » Artek.,contrôle automatique
corrigé,moyen,Photos,VARIANT_ALT_MISMATCH,artek-domus-lounge-chair-upholstered,Fauteuil Domus rembourré,Chêne — cuir noir,,Alt de l’image de variante « Fauteuil Domus rembourré — Artek » sans rapport avec la finition « Chêne — cuir noir ».,Shopify Admin (29 septembre 2026),,contrôle automatique
à faire,moyen,Photos,NO_AMBIANCE,artek-domus-lounge-chair-upholstered,Fauteuil Domus rembourré,,,Aucune photo de galerie hors variantes : la fiche n’a pas de bande de miniatures/ambiances.,Shopify Admin (29 septembre 2026),Ajouter au moins une photo d’ambiance Artek non liée à une variante.,contrôle automatique
corrigé,moyen,Métachamps,NO_ORIGIN,artek-domus-lounge-chair-upholstered,Fauteuil Domus rembourré,,,"Origine absente (constat automatique), ni custom.origin ni custom.country_of_origin, et pas de tag made-in.",artek.fi : « Made in Finland »,"custom.origin = « Fabriqué en Finlande » ; custom.country_of_origin = « Finlande » ; tag « made-in-finlande ».",examen détaillé
corrigé,moyen,Métachamps,NO_MATERIAL,artek-domus-lounge-chair-upholstered,Fauteuil Domus rembourré,,,Matière absente (constat automatique).,artek.fi : « Leather upholstery and PU foam padding »,"custom.material = « Structure et accoudoirs : bouleau massif laqué noir ou chêne massif. Coque : contreplaqué de bouleau moulé, revêtement cuir noir sur mousse polyuréthane. »",examen détaillé
corrigé,moyen,Métachamps,NO_USAGE,artek-felt-glides,Patins feutre (Lot de 4),,,custom.usage vide : le produit tombe dans « usage non renseigné » des filtres.,Shopify Admin (29 septembre 2026),Renseigner custom.usage = Intérieur (guide Artek : usage intérieur sauf mention contraire).,contrôle automatique
à faire,moyen,Métachamps,NO_ORIGIN,artek-felt-glides,Patins feutre (Lot de 4),,,custom.origin vide : pays de fabrication absent de la fiche.,Shopify Admin (29 septembre 2026),Renseigner custom.origin et custom.country_of_origin avec le « Made in » Artek.,contrôle automatique
corrigé,moyen,Photos,VARIANT_ALT_MISMATCH,artek-felt-glides,Patins feutre (Lot de 4),LG60 (17 × 30 mm),,Alt de l’image de variante « Patins feutre (Lot de 4) — Artek » sans rapport avec la finition « LG60 (17 × 30 mm) ».,Shopify Admin (29 septembre 2026),,contrôle automatique
corrigé,moyen,Photos,VARIANT_ALT_MISMATCH,artek-felt-glides,Patins feutre (Lot de 4),LG80 (22 × 45 mm),,Alt de l’image de variante « Patins feutre (Lot de 4) — Artek » sans rapport avec la finition « LG80 (22 × 45 mm) ».,Shopify Admin (29 septembre 2026),,contrôle automatique
corrigé,moyen,Photos,VARIANT_ALT_MISMATCH,artek-felt-glides,Patins feutre (Lot de 4),LG83 (28 × 52 mm),,Alt de l’image de variante « Patins feutre (Lot de 4) — Artek » sans rapport avec la finition « LG83 (28 × 52 mm) ».,Shopify Admin (29 septembre 2026),,contrôle automatique
à faire,moyen,Photos,FEATURED_AMBIGUOUS,artek-felt-glides,Patins feutre (Lot de 4),,,La photo principale est partagée par 3 variantes : la fiche s’ouvre sur la première d’entre elles.,Shopify Admin (29 septembre 2026),,contrôle automatique
à faire,moyen,Photos,NO_AMBIANCE,artek-felt-glides,Patins feutre (Lot de 4),,,Aucune photo de galerie hors variantes : la fiche n’a pas de bande de miniatures/ambiances.,Shopify Admin (29 septembre 2026),Ajouter au moins une photo d’ambiance Artek non liée à une variante.,contrôle automatique
à faire,moyen,Photos,LOW_RES,artek-felt-glides,Patins feutre (Lot de 4),,,Image basse définition 814×814 (variante) : packshot-9ad616a474e7fab12b4b2c552e78a4a2.png.,Shopify Admin (29 septembre 2026),Remplacer par l’original haute définition (≥ 1 500 px).,contrôle automatique
corrigé,moyen,Variantes,LABELS_INVENTED,artek-felt-glides,Patins feutre (Lot de 4),,,"Libellés « LG60 / LG80 / LG83 » absents chez Artek (Small / Medium / Large) et trompeurs : « LG80 » laisse croire au seul modèle 80, alors que le format moyen sert au banc 168B et aux tables 80–96.",shop.artek.fi/products/felt-glides : « Small (17 x 30 mm) … Medium (22 x 45 mm) … Large (28 x 52 mm) » + liste de compatibilités,"« Petit 17 × 30 mm », « Moyen 22 × 45 mm », « Grand 28 × 52 mm » ; ajouter la liste de compatibilités Artek dans la description.",examen détaillé
corrigé,moyen,Description,COMPAT_WRONG,artek-felt-glides,Patins feutre (Lot de 4),,,"« Pour les bancs et les petites tables, le format intermédiaire 22 x 45 mm est adapté » : faux pour les bancs 153A/153B (petit format).","shop.artek.fi : « Small (17 x 30 mm): … Benches: 153A, 153B » ; « Medium: Benches: 168B »",Reprendre la liste exacte de compatibilités par taille.,examen détaillé
à faire,moyen,Photos,SHARED_PHOTO_3_SIZES,artek-felt-glides,Patins feutre (Lot de 4),,,"La photo unique (#1, 814 px) montre un patin de chaque taille : le client peut croire que le lot contient les trois formats, alors qu'il contient 4 patins d'une seule taille.",Planche #1 (3 patins de tailles différentes + vis),"Alt : « Les trois tailles de patins Artek (lot de 4 patins d'une même taille) » ; idéalement une photo par taille montrant 4 patins et 8 vis.",examen détaillé
retiré de la vente en ligne (arrêté chez Artek),moyen,Métachamps,NO_YEAR,artek-h55-fabric,Tissu H55 (au mètre),,,custom.year vide : année de création absente de la fiche.,Shopify Admin (29 septembre 2026),Renseigner custom.year avec l’année Artek (voir reference-artek.csv).,contrôle automatique
retiré de la vente en ligne (arrêté chez Artek),moyen,Métachamps,NO_MATERIAL,artek-h55-fabric,Tissu H55 (au mètre),,,custom.material vide : aucune matière affichée.,Shopify Admin (29 septembre 2026),"Renseigner custom.material (matières Artek, voir reference-artek.csv).",contrôle automatique
retiré de la vente en ligne (arrêté chez Artek),moyen,Métachamps,NO_USAGE,artek-h55-fabric,Tissu H55 (au mètre),,,custom.usage vide : le produit tombe dans « usage non renseigné » des filtres.,Shopify Admin (29 septembre 2026),Renseigner custom.usage = Intérieur (guide Artek : usage intérieur sauf mention contraire).,contrôle automatique
retiré de la vente en ligne (arrêté chez Artek),moyen,Métachamps,NO_ORIGIN,artek-h55-fabric,Tissu H55 (au mètre),,,custom.origin vide : pays de fabrication absent de la fiche.,Shopify Admin (29 septembre 2026),Renseigner custom.origin et custom.country_of_origin avec le « Made in » Artek.,contrôle automatique
retiré de la vente en ligne (arrêté chez Artek),moyen,Photos,NO_AMBIANCE,artek-h55-fabric,Tissu H55 (au mètre),,,Aucune photo de galerie hors variantes : la fiche n’a pas de bande de miniatures/ambiances.,Shopify Admin (29 septembre 2026),Ajouter au moins une photo d’ambiance Artek non liée à une variante.,contrôle automatique
retiré de la vente en ligne (arrêté chez Artek),moyen,Photos,LOW_RES,artek-h55-fabric,Tissu H55 (au mètre),,,Image basse définition 543×313 (variante) : artek-artek-h55-fabric-00.png.,Shopify Admin (29 septembre 2026),Remplacer par l’original haute définition (≥ 1 500 px).,contrôle automatique
retiré de la vente en ligne (arrêté chez Artek),moyen,Description,DESC_GENERIC,artek-h55-fabric,Tissu H55 (au mètre),,,"Description générique et calquée sur l'anglais : « pièce de la collection Upholstery d'Artek » ; rien sur le motif (H couchés), l'histoire (exposition H55 Helsingborg 1955), la composition.",Description Admin,"Réécrire : motif de H couchés dessiné par Elissa Aalto pour l'appartement finlandais de l'exposition H55 à Helsingborg (1955) ; qualité, composition, laize, entretien.",examen détaillé
à faire,moyen,Métachamps,NO_YEAR,artek-high-chair-k65,Chaise de bar K65,,,custom.year vide : année de création absente de la fiche.,Shopify Admin (29 septembre 2026),Renseigner custom.year avec l’année Artek (voir reference-artek.csv).,contrôle automatique
à faire,moyen,Métachamps,NO_MATERIAL,artek-high-chair-k65,Chaise de bar K65,,,custom.material vide : aucune matière affichée.,Shopify Admin (29 septembre 2026),"Renseigner custom.material (matières Artek, voir reference-artek.csv).",contrôle automatique
à faire,moyen,Description,SEAT_HEIGHT_MISSING,artek-high-chair-k65,Chaise de bar K65,,,"Le nom « K65 » peut faire croire à une hauteur d'assise de 65 cm (comme le Tabouret de bar 64 H65 voisin) ; Artek indique 59,5 cm d'assise et 70 cm hors tout. Aucune hauteur n'est affichée sur la fiche, alors qu'elle est décisive pour un plan de travail.","cotes lues dans les identifiants « number_* » du schéma SVG « Materials and Dimensions » de la page artek.fi (high-chair-k65) : 70 / 59.5 ; fiche PDF https://www.artek.fi/downloads/Bar-Stool-64-High-Chair-K65-Factsheet-1848397.pdf","custom.dimensions = « H 70 cm, hauteur d'assise 59,5 cm, l. 40 cm » ; custom.seat_height_cm = 59.5 ; ajouter dans la description « pour plans de travail d'environ 85-90 cm ».",examen détaillé
à faire,moyen,Métachamps,NO_MATERIAL,artek-inner-cushion,Coussin de garnissage,,,custom.material vide : aucune matière affichée.,Shopify Admin (29 septembre 2026),"Renseigner custom.material (matières Artek, voir reference-artek.csv).",contrôle automatique
corrigé,moyen,Métachamps,NO_USAGE,artek-inner-cushion,Coussin de garnissage,,,custom.usage vide : le produit tombe dans « usage non renseigné » des filtres.,Shopify Admin (29 septembre 2026),Renseigner custom.usage = Intérieur (guide Artek : usage intérieur sauf mention contraire).,contrôle automatique
à faire,moyen,Métachamps,NO_ORIGIN,artek-inner-cushion,Coussin de garnissage,,,custom.origin vide : pays de fabrication absent de la fiche.,Shopify Admin (29 septembre 2026),Renseigner custom.origin et custom.country_of_origin avec le « Made in » Artek.,contrôle automatique
à faire,moyen,Description,DESC_SHORT,artek-inner-cushion,Coussin de garnissage,,,Description très courte (169 caractères).,Shopify Admin (29 septembre 2026),,contrôle automatique
à faire,moyen,Photos,NO_AMBIANCE,artek-inner-cushion,Coussin de garnissage,,,Aucune photo de galerie hors variantes : la fiche n’a pas de bande de miniatures/ambiances.,Shopify Admin (29 septembre 2026),Ajouter au moins une photo d’ambiance Artek non liée à une variante.,contrôle automatique
corrigé,moyen,Description,DESC_WRONG_SIZE,artek-inner-cushion,Coussin de garnissage,,,"« Ils sont disponibles en deux tailles différentes, dont celui-ci est le plus petit » : la fiche propose les deux tailles en variantes ; Artek en propose trois.","Description Admin ; shop.artek.fi : « The inner cushions are available in three different sizes » (40 × 40, 50 × 50, 40 × 60)","« Coussin de garnissage Artek en polyester 100 % recyclé, à glisser dans les housses Rivi, Siena ou Zebra. Disponible en 40 × 40 cm et 50 × 50 cm. »",examen détaillé
à faire,moyen,Métachamps,MATERIAL_VALUE,artek-inner-cushion,Coussin de garnissage,,,Précision pour NO_MATERIAL : matière Artek connue.,shop.artek.fi/products/inner-cushion-40-x-40-cm : « 100% recycled polyester »,"custom.material « Polyester 100 % recyclé » ; custom.dimensions « 40 × 40 cm ou 50 × 50 cm ».",examen détaillé
corrigé,moyen,Métachamps,NO_YEAR,artek-kaari-bureau-mural,Étagère Kaari Bureau Mural,,,custom.year vide : année de création absente de la fiche.,Shopify Admin (29 septembre 2026),Renseigner custom.year avec l’année Artek (voir reference-artek.csv).,contrôle automatique
à faire,moyen,Métachamps,NO_MATERIAL,artek-kaari-bureau-mural,Étagère Kaari Bureau Mural,,,custom.material vide : aucune matière affichée.,Shopify Admin (29 septembre 2026),"Renseigner custom.material (matières Artek, voir reference-artek.csv).",contrôle automatique
corrigé,moyen,Métachamps,NO_ORIGIN,artek-kaari-bureau-mural,Étagère Kaari Bureau Mural,,,custom.origin vide : pays de fabrication absent de la fiche.,Shopify Admin (29 septembre 2026),Renseigner custom.origin et custom.country_of_origin avec le « Made in » Artek.,contrôle automatique
corrigé,moyen,Métachamps,YEAR_ONLY_IN_SEO,artek-kaari-bureau-mural,Étagère Kaari Bureau Mural,,,Année 2015 présente dans le SEO mais pas dans custom.year.,Shopify Admin (29 septembre 2026),Reporter l’année dans custom.year après vérification.,contrôle automatique
corrigé,moyen,Options,OPTION_NAME_WRONG,artek-kaari-bureau-mural,Étagère Kaari Bureau Mural,,,Option « Finition » contenant des dimensions/références : Bureau 100 x 55 cm | Bureau 200 x 55 cm.,Shopify Admin (29 septembre 2026),,contrôle automatique
corrigé,moyen,Titre,TITLE_NAME,artek-kaari-bureau-mural,Étagère Kaari Bureau Mural,,,"« Étagère Kaari Bureau Mural » : formulation maladroite, codes absents.",artek.fi « Kaari Wall Shelf with Desk » REB010 / REB013,« Étagère murale Kaari avec bureau REB010 / REB013 ».,examen détaillé
corrigé,moyen,Variantes,LABEL_CODES,artek-kaari-bureau-mural,Étagère Kaari Bureau Mural,Bureau 100 x 55 cm,#1,"Libellés donnant seulement la taille du plan de travail ; ni code, ni largeur/hauteur totale (100 × 142 cm).","artek.fi « Shelf REB013, 100x142 cm » ; PDF Kaari « Panel: 100 x 55 cm »",Option « Dimensions » : « REB013 — L 100 × H 142 cm (bureau 100 × 55) ».,examen détaillé
corrigé,moyen,Variantes,LABEL_CODES,artek-kaari-bureau-mural,Étagère Kaari Bureau Mural,Bureau 200 x 55 cm,#7,"Idem pour REB010 ; le fichier de #7 dit « black-oak » mais la photo montre bien des montants chêne naturel (conforme à la seule finition Artek).","#7 1846760_Kaari-Wall-Shelf-with-desk-REB010-black-oak ; artek.fi « Shelf REB010, 200x142 cm, oak protective clear varnish »",« REB010 — L 200 × H 142 cm (bureau 200 × 55) ».,examen détaillé
corrigé,moyen,Métachamps,ORIGIN_MISSING,artek-kaari-bureau-mural,Étagère Kaari Bureau Mural,,,Origine absente (Allemagne et Pologne).,https://www.artek.fi/en/products/kaari-wall-shelf-with-desk : « Made in Germany and Poland »,"custom.origin = « Fabriqué en Allemagne et en Pologne » ; tag made-in-allemagne.",examen détaillé
à faire,moyen,Métachamps,NO_MATERIAL,artek-kaari-desk-reb005,Bureau Kaari REB005 150 × 65 cm,,,custom.material vide : aucune matière affichée.,Shopify Admin (29 septembre 2026),"Renseigner custom.material (matières Artek, voir reference-artek.csv).",contrôle automatique
corrigé,moyen,Métachamps,NO_USAGE,artek-kaari-desk-reb005,Bureau Kaari REB005 150 × 65 cm,,,custom.usage vide : le produit tombe dans « usage non renseigné » des filtres.,Shopify Admin (29 septembre 2026),Renseigner custom.usage = Intérieur (guide Artek : usage intérieur sauf mention contraire).,contrôle automatique
corrigé,moyen,Métachamps,NO_ORIGIN,artek-kaari-desk-reb005,Bureau Kaari REB005 150 × 65 cm,,,custom.origin vide : pays de fabrication absent de la fiche.,Shopify Admin (29 septembre 2026),Renseigner custom.origin et custom.country_of_origin avec le « Made in » Artek.,contrôle automatique
à faire,moyen,Tags,TABLE_TAG,artek-kaari-desk-reb005,Bureau Kaari REB005 150 × 65 cm,,,Tag « table » sur un produit de type Bureau.,Shopify Admin (29 septembre 2026),,contrôle automatique
corrigé,moyen,Métachamps,ORIGIN_INCOMPLETE,artek-kaari-desk-reb005,Bureau Kaari REB005 150 × 65 cm,,,Origine « (vide) » incomplète : Artek indique une fabrication en Allemagne et en Pologne.,https://www.artek.fi/en/products/kaari-desk : « Made in Germany and Poland »,"custom.origin = « Fabriqué en Allemagne et en Pologne » ; country_of_origin en conséquence ; ajuster le tag made-in-allemagne (+ made-in-pologne).",examen détaillé
à faire,moyen,Métachamps,NO_MATERIAL,artek-kaari-reb006,Console murale Kaari REB006,,,custom.material vide : aucune matière affichée.,Shopify Admin (29 septembre 2026),"Renseigner custom.material (matières Artek, voir reference-artek.csv).",contrôle automatique
corrigé,moyen,Métachamps,NO_USAGE,artek-kaari-reb006,Console murale Kaari REB006,,,custom.usage vide : le produit tombe dans « usage non renseigné » des filtres.,Shopify Admin (29 septembre 2026),Renseigner custom.usage = Intérieur (guide Artek : usage intérieur sauf mention contraire).,contrôle automatique
corrigé,moyen,Métachamps,NO_ORIGIN,artek-kaari-reb006,Console murale Kaari REB006,,,custom.origin vide : pays de fabrication absent de la fiche.,Shopify Admin (29 septembre 2026),Renseigner custom.origin et custom.country_of_origin avec le « Made in » Artek.,contrôle automatique
corrigé,moyen,Variantes,LABEL_CONSISTENCY,artek-kaari-reb006,Console murale Kaari REB006,,,"« Teinté noir » (sans « chêne ») alors que les autres fiches Kaari disent « Chêne noir » / « Chêne laqué noir » ; « chant rouge » au lieu de « chant rouge brillant » ; séparateurs « — » et « , » mélangés.","artek.fi « Wall brackets: oak, black lacquer … ABS, red high-gloss »",« Chêne laqué noir / linoléum bleu / chant rouge brillant » (format REB007).,examen détaillé
corrigé,moyen,Métachamps,ORIGIN_INCOMPLETE,artek-kaari-reb006,Console murale Kaari REB006,,,Origine « (vide) » incomplète : Artek indique une fabrication en Allemagne et en Pologne.,https://www.artek.fi/en/products/kaari-wall-console : « Made in Germany and Poland »,"custom.origin = « Fabriqué en Allemagne et en Pologne » ; country_of_origin en conséquence ; ajuster le tag made-in-allemagne (+ made-in-pologne).",examen détaillé
corrigé,moyen,Métachamps,USAGE_MISSING,artek-kaari-reb006,Console murale Kaari REB006,,,custom.usage vide (autoFinding confirmé).,dossier,custom.usage = Intérieur.,examen détaillé
corrigé,moyen,Métachamps,NO_YEAR,artek-kaari-reb007,Étagère Kaari REB007,,,custom.year vide : année de création absente de la fiche.,Shopify Admin (29 septembre 2026),Renseigner custom.year avec l’année Artek (voir reference-artek.csv).,contrôle automatique
à faire,moyen,Métachamps,NO_MATERIAL,artek-kaari-reb007,Étagère Kaari REB007,,,custom.material vide : aucune matière affichée.,Shopify Admin (29 septembre 2026),"Renseigner custom.material (matières Artek, voir reference-artek.csv).",contrôle automatique
corrigé,moyen,Métachamps,YEAR_ONLY_IN_SEO,artek-kaari-reb007,Étagère Kaari REB007,,,Année 2015 présente dans le SEO mais pas dans custom.year.,Shopify Admin (29 septembre 2026),Reporter l’année dans custom.year après vérification.,contrôle automatique
corrigé,moyen,Métachamps,YEAR_VALUE,artek-kaari-reb007,Étagère Kaari REB007,,,custom.year vide.,https://www.artek.fi/en/products/kaari-wall-shelf-round : « 2015 »,custom.year = 2015.,examen détaillé
corrigé,moyen,Métachamps,ORIGIN_INCOMPLETE,artek-kaari-reb007,Étagère Kaari REB007,,,Origine « Fabriqué en Allemagne » incomplète : Artek indique une fabrication en Allemagne et en Pologne.,https://www.artek.fi/en/products/kaari-wall-shelf-round : « Made in Germany and Poland »,"custom.origin = « Fabriqué en Allemagne et en Pologne » ; country_of_origin en conséquence ; ajuster le tag made-in-allemagne (+ made-in-pologne).",examen détaillé
à faire,moyen,Classement,MISSING_EXPECTED_SUB,artek-kaari-table-rectangular-reb001,Table Kaari REB001 200 × 85 cm,,,Type « Table » absent de la sous-catégorie attendue (tables-de-salle-a-manger). Présent dans : tables.,Shopify Admin (29 septembre 2026),,contrôle automatique
à faire,moyen,Métachamps,NO_MATERIAL,artek-kaari-table-rectangular-reb001,Table Kaari REB001 200 × 85 cm,,,custom.material vide : aucune matière affichée.,Shopify Admin (29 septembre 2026),"Renseigner custom.material (matières Artek, voir reference-artek.csv).",contrôle automatique
corrigé,moyen,Métachamps,NO_USAGE,artek-kaari-table-rectangular-reb001,Table Kaari REB001 200 × 85 cm,,,custom.usage vide : le produit tombe dans « usage non renseigné » des filtres.,Shopify Admin (29 septembre 2026),Renseigner custom.usage = Intérieur (guide Artek : usage intérieur sauf mention contraire).,contrôle automatique
corrigé,moyen,Métachamps,NO_ORIGIN,artek-kaari-table-rectangular-reb001,Table Kaari REB001 200 × 85 cm,,,custom.origin vide : pays de fabrication absent de la fiche.,Shopify Admin (29 septembre 2026),Renseigner custom.origin et custom.country_of_origin avec le « Made in » Artek.,contrôle automatique
à faire,moyen,Classement,TABLE_TAG_MISSING,artek-kaari-table-rectangular-reb001,Table Kaari REB001 200 × 85 cm,,,Absente de « Tables de salle à manger » car le tag table-de-repas manque (autoFinding MISSING_EXPECTED_SUB).,collections.json : tables-de-salle-a-manger = TYPE Table ET TAG table-de-repas,Ajouter le tag table-de-repas.,examen détaillé
corrigé,moyen,Métachamps,ORIGIN_INCOMPLETE,artek-kaari-table-rectangular-reb001,Table Kaari REB001 200 × 85 cm,,,Origine « (vide) » incomplète : Artek indique une fabrication en Allemagne et en Pologne.,https://www.artek.fi/en/products/kaari-table-rectangular : « Made in Germany and Poland »,"custom.origin = « Fabriqué en Allemagne et en Pologne » ; country_of_origin en conséquence ; ajuster le tag made-in-allemagne (+ made-in-pologne).",examen détaillé
à faire,moyen,Classement,MISSING_EXPECTED_SUB,artek-kaari-table-rectangular-reb002,Table Kaari REB002 240 × 90 cm,,,Type « Table » absent de la sous-catégorie attendue (tables-de-salle-a-manger). Présent dans : tables.,Shopify Admin (29 septembre 2026),,contrôle automatique
à faire,moyen,Métachamps,NO_MATERIAL,artek-kaari-table-rectangular-reb002,Table Kaari REB002 240 × 90 cm,,,custom.material vide : aucune matière affichée.,Shopify Admin (29 septembre 2026),"Renseigner custom.material (matières Artek, voir reference-artek.csv).",contrôle automatique
corrigé,moyen,Métachamps,NO_USAGE,artek-kaari-table-rectangular-reb002,Table Kaari REB002 240 × 90 cm,,,custom.usage vide : le produit tombe dans « usage non renseigné » des filtres.,Shopify Admin (29 septembre 2026),Renseigner custom.usage = Intérieur (guide Artek : usage intérieur sauf mention contraire).,contrôle automatique
corrigé,moyen,Métachamps,NO_ORIGIN,artek-kaari-table-rectangular-reb002,Table Kaari REB002 240 × 90 cm,,,custom.origin vide : pays de fabrication absent de la fiche.,Shopify Admin (29 septembre 2026),Renseigner custom.origin et custom.country_of_origin avec le « Made in » Artek.,contrôle automatique
à faire,moyen,Classement,TABLE_TAG_MISSING,artek-kaari-table-rectangular-reb002,Table Kaari REB002 240 × 90 cm,,,Absente de « Tables de salle à manger » car le tag table-de-repas manque (autoFinding MISSING_EXPECTED_SUB).,collections.json : tables-de-salle-a-manger = TYPE Table ET TAG table-de-repas,Ajouter le tag table-de-repas.,examen détaillé
corrigé,moyen,Métachamps,ORIGIN_INCOMPLETE,artek-kaari-table-rectangular-reb002,Table Kaari REB002 240 × 90 cm,,,Origine « (vide) » incomplète : Artek indique une fabrication en Allemagne et en Pologne.,https://www.artek.fi/en/products/kaari-table-rectangular : « Made in Germany and Poland »,"custom.origin = « Fabriqué en Allemagne et en Pologne » ; country_of_origin en conséquence ; ajuster le tag made-in-allemagne (+ made-in-pologne).",examen détaillé
à faire,moyen,Classement,MISSING_EXPECTED_SUB,artek-kaari-table-rectangular-reb012,Table Kaari REB012 160 × 80 cm,,,Type « Table » absent de la sous-catégorie attendue (tables-de-salle-a-manger). Présent dans : tables.,Shopify Admin (29 septembre 2026),,contrôle automatique
à faire,moyen,Métachamps,NO_MATERIAL,artek-kaari-table-rectangular-reb012,Table Kaari REB012 160 × 80 cm,,,custom.material vide : aucune matière affichée.,Shopify Admin (29 septembre 2026),"Renseigner custom.material (matières Artek, voir reference-artek.csv).",contrôle automatique
corrigé,moyen,Métachamps,NO_USAGE,artek-kaari-table-rectangular-reb012,Table Kaari REB012 160 × 80 cm,,,custom.usage vide : le produit tombe dans « usage non renseigné » des filtres.,Shopify Admin (29 septembre 2026),Renseigner custom.usage = Intérieur (guide Artek : usage intérieur sauf mention contraire).,contrôle automatique
corrigé,moyen,Métachamps,NO_ORIGIN,artek-kaari-table-rectangular-reb012,Table Kaari REB012 160 × 80 cm,,,custom.origin vide : pays de fabrication absent de la fiche.,Shopify Admin (29 septembre 2026),Renseigner custom.origin et custom.country_of_origin avec le « Made in » Artek.,contrôle automatique
à faire,moyen,Classement,TABLE_TAG_MISSING,artek-kaari-table-rectangular-reb012,Table Kaari REB012 160 × 80 cm,,,Absente de « Tables de salle à manger » car le tag table-de-repas manque (autoFinding MISSING_EXPECTED_SUB).,collections.json : tables-de-salle-a-manger = TYPE Table ET TAG table-de-repas,Ajouter le tag table-de-repas.,examen détaillé
corrigé,moyen,Métachamps,ORIGIN_INCOMPLETE,artek-kaari-table-rectangular-reb012,Table Kaari REB012 160 × 80 cm,,,Origine « (vide) » incomplète : Artek indique une fabrication en Allemagne et en Pologne.,https://www.artek.fi/en/products/kaari-table-rectangular : « Made in Germany and Poland »,"custom.origin = « Fabriqué en Allemagne et en Pologne » ; country_of_origin en conséquence ; ajuster le tag made-in-allemagne (+ made-in-pologne).",examen détaillé
à faire,moyen,Classement,MISSING_EXPECTED_SUB,artek-kaari-table-round-reb003,Table Kaari REB003 Ø 80 cm,,,Type « Table » absent de la sous-catégorie attendue (tables-de-salle-a-manger). Présent dans : tables.,Shopify Admin (29 septembre 2026),,contrôle automatique
à faire,moyen,Métachamps,NO_MATERIAL,artek-kaari-table-round-reb003,Table Kaari REB003 Ø 80 cm,,,custom.material vide : aucune matière affichée.,Shopify Admin (29 septembre 2026),"Renseigner custom.material (matières Artek, voir reference-artek.csv).",contrôle automatique
corrigé,moyen,Métachamps,NO_USAGE,artek-kaari-table-round-reb003,Table Kaari REB003 Ø 80 cm,,,custom.usage vide : le produit tombe dans « usage non renseigné » des filtres.,Shopify Admin (29 septembre 2026),Renseigner custom.usage = Intérieur (guide Artek : usage intérieur sauf mention contraire).,contrôle automatique
corrigé,moyen,Métachamps,NO_ORIGIN,artek-kaari-table-round-reb003,Table Kaari REB003 Ø 80 cm,,,custom.origin vide : pays de fabrication absent de la fiche.,Shopify Admin (29 septembre 2026),Renseigner custom.origin et custom.country_of_origin avec le « Made in » Artek.,contrôle automatique
à faire,moyen,Classement,TABLE_TAG_MISSING,artek-kaari-table-round-reb003,Table Kaari REB003 Ø 80 cm,,,Absente de « Tables de salle à manger » car le tag table-de-repas manque (autoFinding MISSING_EXPECTED_SUB).,collections.json : tables-de-salle-a-manger = TYPE Table ET TAG table-de-repas,Ajouter le tag table-de-repas.,examen détaillé
corrigé,moyen,Métachamps,ORIGIN_INCOMPLETE,artek-kaari-table-round-reb003,Table Kaari REB003 Ø 80 cm,,,Origine « (vide) » incomplète : Artek indique une fabrication en Allemagne et en Pologne.,https://www.artek.fi/en/products/kaari-table-round : « Made in Germany and Poland »,"custom.origin = « Fabriqué en Allemagne et en Pologne » ; country_of_origin en conséquence ; ajuster le tag made-in-allemagne (+ made-in-pologne).",examen détaillé
à faire,moyen,Classement,MISSING_EXPECTED_SUB,artek-kaari-table-round-reb004,Table Kaari REB004 Ø 110 cm,,,Type « Table » absent de la sous-catégorie attendue (tables-de-salle-a-manger). Présent dans : tables.,Shopify Admin (29 septembre 2026),,contrôle automatique
à faire,moyen,Métachamps,NO_MATERIAL,artek-kaari-table-round-reb004,Table Kaari REB004 Ø 110 cm,,,custom.material vide : aucune matière affichée.,Shopify Admin (29 septembre 2026),"Renseigner custom.material (matières Artek, voir reference-artek.csv).",contrôle automatique
corrigé,moyen,Métachamps,NO_USAGE,artek-kaari-table-round-reb004,Table Kaari REB004 Ø 110 cm,,,custom.usage vide : le produit tombe dans « usage non renseigné » des filtres.,Shopify Admin (29 septembre 2026),Renseigner custom.usage = Intérieur (guide Artek : usage intérieur sauf mention contraire).,contrôle automatique
corrigé,moyen,Métachamps,NO_ORIGIN,artek-kaari-table-round-reb004,Table Kaari REB004 Ø 110 cm,,,custom.origin vide : pays de fabrication absent de la fiche.,Shopify Admin (29 septembre 2026),Renseigner custom.origin et custom.country_of_origin avec le « Made in » Artek.,contrôle automatique
corrigé,moyen,Photos,VARIANT_ALT_MISMATCH,artek-kaari-table-round-reb004,Table Kaari REB004 Ø 110 cm,Chêne — lamifié noir brillant,,Alt de l’image de variante « Table Kaari REB004 Ø 110 cm — Artek » sans rapport avec la finition « Chêne — lamifié noir brillant ».,Shopify Admin (29 septembre 2026),,contrôle automatique
corrigé,moyen,Photos,VARIANT_ALT_MISMATCH,artek-kaari-table-round-reb004,Table Kaari REB004 Ø 110 cm,Chêne noir — lamifié noir brillant,,Alt de l’image de variante « Table Kaari REB004 Ø 110 cm — Artek » sans rapport avec la finition « Chêne noir — lamifié noir brillant ».,Shopify Admin (29 septembre 2026),,contrôle automatique
corrigé,moyen,Photos,ALT_WRONG,artek-kaari-table-round-reb004,Table Kaari REB004 Ø 110 cm,,"#4, #6, #7, #8","Alts faux : #4 (chêne noir / linoléum noir) a l'alt « Chêne — lamifié noir brillant » ; #6 (chêne / lamifié noir) l'alt « Chêne noir — lamifié noir brillant » ; #7 et #8 alt générique.",sheet / dossier alts,Alt = finition réellement visible pour chaque photo après re-liaison.,examen détaillé
à faire,moyen,Classement,TABLE_TAG_MISSING,artek-kaari-table-round-reb004,Table Kaari REB004 Ø 110 cm,,,Absente de « Tables de salle à manger » car le tag table-de-repas manque (autoFinding MISSING_EXPECTED_SUB).,collections.json : tables-de-salle-a-manger = TYPE Table ET TAG table-de-repas,Ajouter le tag table-de-repas.,examen détaillé
corrigé,moyen,Métachamps,ORIGIN_INCOMPLETE,artek-kaari-table-round-reb004,Table Kaari REB004 Ø 110 cm,,,Origine « (vide) » incomplète : Artek indique une fabrication en Allemagne et en Pologne.,https://www.artek.fi/en/products/kaari-table-round : « Made in Germany and Poland »,"custom.origin = « Fabriqué en Allemagne et en Pologne » ; country_of_origin en conséquence ; ajuster le tag made-in-allemagne (+ made-in-pologne).",examen détaillé
à faire,moyen,Classement,MISSING_EXPECTED_SUB,artek-kaari-table-square-reb011,Table Kaari REB011 75 × 75 cm,,,Type « Table » absent de la sous-catégorie attendue (tables-de-salle-a-manger). Présent dans : tables.,Shopify Admin (29 septembre 2026),,contrôle automatique
à faire,moyen,Métachamps,NO_MATERIAL,artek-kaari-table-square-reb011,Table Kaari REB011 75 × 75 cm,,,custom.material vide : aucune matière affichée.,Shopify Admin (29 septembre 2026),"Renseigner custom.material (matières Artek, voir reference-artek.csv).",contrôle automatique
corrigé,moyen,Métachamps,NO_USAGE,artek-kaari-table-square-reb011,Table Kaari REB011 75 × 75 cm,,,custom.usage vide : le produit tombe dans « usage non renseigné » des filtres.,Shopify Admin (29 septembre 2026),Renseigner custom.usage = Intérieur (guide Artek : usage intérieur sauf mention contraire).,contrôle automatique
corrigé,moyen,Métachamps,NO_ORIGIN,artek-kaari-table-square-reb011,Table Kaari REB011 75 × 75 cm,,,custom.origin vide : pays de fabrication absent de la fiche.,Shopify Admin (29 septembre 2026),Renseigner custom.origin et custom.country_of_origin avec le « Made in » Artek.,contrôle automatique
à faire,moyen,Classement,TABLE_TAG_MISSING,artek-kaari-table-square-reb011,Table Kaari REB011 75 × 75 cm,,,Absente de « Tables de salle à manger » car le tag table-de-repas manque (autoFinding MISSING_EXPECTED_SUB).,collections.json : tables-de-salle-a-manger = TYPE Table ET TAG table-de-repas,Ajouter le tag table-de-repas.,examen détaillé
corrigé,moyen,Métachamps,ORIGIN_INCOMPLETE,artek-kaari-table-square-reb011,Table Kaari REB011 75 × 75 cm,,,Origine « (vide) » incomplète : Artek indique une fabrication en Allemagne et en Pologne.,https://www.artek.fi/en/products/kaari-table-square : « Made in Germany and Poland »,"custom.origin = « Fabriqué en Allemagne et en Pologne » ; country_of_origin en conséquence ; ajuster le tag made-in-allemagne (+ made-in-pologne).",examen détaillé
corrigé,moyen,Métachamps,NO_YEAR,artek-kaari-wall-hook,Patère murale Kaari,,,custom.year vide : année de création absente de la fiche.,Shopify Admin (29 septembre 2026),Renseigner custom.year avec l’année Artek (voir reference-artek.csv).,contrôle automatique
à faire,moyen,Métachamps,NO_MATERIAL,artek-kaari-wall-hook,Patère murale Kaari,,,custom.material vide : aucune matière affichée.,Shopify Admin (29 septembre 2026),"Renseigner custom.material (matières Artek, voir reference-artek.csv).",contrôle automatique
corrigé,moyen,Métachamps,YEAR_ONLY_IN_SEO,artek-kaari-wall-hook,Patère murale Kaari,,,Année 2015 présente dans le SEO mais pas dans custom.year.,Shopify Admin (29 septembre 2026),Reporter l’année dans custom.year après vérification.,contrôle automatique
partiellement corrigé,moyen,Variantes,WEIGHT_INCONSISTENT,artek-kaari-wall-hook,Patère murale Kaari,,,"Poids 3 kg pour « Laqué noir » et 0 kg pour « Verni naturel » sur un même petit crochet ; 3 kg paraît surévalué.","dossier : Laqué noir weightKg 3, Verni naturel 0","Même poids réel sur les deux variantes (à mesurer, probablement < 1 kg).",examen détaillé
corrigé,moyen,Métachamps,YEAR_VALUE,artek-kaari-wall-hook,Patère murale Kaari,,,custom.year vide.,https://www.artek.fi/en/products/kaari-wall-hook : « 2015 »,custom.year = 2015.,examen détaillé
corrigé,moyen,Métachamps,ORIGIN_INCOMPLETE,artek-kaari-wall-hook,Patère murale Kaari,,,Origine « Fabriqué en Allemagne » incomplète : Artek indique une fabrication en Allemagne et en Pologne.,https://www.artek.fi/en/products/kaari-wall-hook : « Made in Germany and Poland »,"custom.origin = « Fabriqué en Allemagne et en Pologne » ; country_of_origin en conséquence ; ajuster le tag made-in-allemagne (+ made-in-pologne).",examen détaillé
corrigé,moyen,Métachamps,NO_YEAR,artek-kaari-wall-shelf,Étagère murale Kaari,,,custom.year vide : année de création absente de la fiche.,Shopify Admin (29 septembre 2026),Renseigner custom.year avec l’année Artek (voir reference-artek.csv).,contrôle automatique
à faire,moyen,Métachamps,NO_MATERIAL,artek-kaari-wall-shelf,Étagère murale Kaari,,,custom.material vide : aucune matière affichée.,Shopify Admin (29 septembre 2026),"Renseigner custom.material (matières Artek, voir reference-artek.csv).",contrôle automatique
corrigé,moyen,Métachamps,YEAR_ONLY_IN_SEO,artek-kaari-wall-shelf,Étagère murale Kaari,,,Année 2015 présente dans le SEO mais pas dans custom.year.,Shopify Admin (29 septembre 2026),Reporter l’année dans custom.year après vérification.,contrôle automatique
corrigé,moyen,Options,OPTION_NAME_WRONG,artek-kaari-wall-shelf,Étagère murale Kaari,,,Option « Finition » contenant des dimensions/références : 200 x 35 cm | 100 x 35 cm.,Shopify Admin (29 septembre 2026),,contrôle automatique
corrigé,moyen,Description,DESC_MATERIAL,artek-kaari-wall-shelf,Étagère murale Kaari,,,« tablettes … surface en HPL brillant » : Artek indique de la mélamine noire brillante.,"https://www.artek.fi/en/products/kaari-wall-shelf : « Shelf surface: Melamin » ; PDF « Shelves with melamine surface black gloss »",« tablettes en mélamine noire brillante ».,examen détaillé
corrigé,moyen,Métachamps,ORIGIN_INCOMPLETE,artek-kaari-wall-shelf,Étagère murale Kaari,,,Origine « Fabriqué en Allemagne » incomplète : Artek indique une fabrication en Allemagne et en Pologne.,https://www.artek.fi/en/products/kaari-wall-shelf : « Made in Germany and Poland »,"custom.origin = « Fabriqué en Allemagne et en Pologne » ; country_of_origin en conséquence ; ajuster le tag made-in-allemagne (+ made-in-pologne).",examen détaillé
corrigé,moyen,Métachamps,NO_MATERIAL,artek-kanto,Étagère Kanto,,,custom.material vide : aucune matière affichée.,Shopify Admin (29 septembre 2026),"Renseigner custom.material (matières Artek, voir reference-artek.csv).",contrôle automatique
à faire,moyen,Classement,WRONG_TYPE,artek-kanto,Étagère Kanto,,,"Type « Étagère » → le produit apparaît dans « Étagères et bibliothèques » ; tag etagere faux.",collections : etageres-et-bibliotheques,"Type « Porte-revues » ajouté à la règle rangement ; retirer le tag etagere, ajouter porte-revues.",examen détaillé
corrigé,moyen,Métachamps,NO_MATERIAL,artek-karuselli-lounge-chair,Fauteuil Karuselli,,,custom.material vide : aucune matière affichée.,Shopify Admin (29 septembre 2026),"Renseigner custom.material (matières Artek, voir reference-artek.csv).",contrôle automatique
corrigé,moyen,Métachamps,NO_USAGE,artek-karuselli-lounge-chair,Fauteuil Karuselli,,,custom.usage vide : le produit tombe dans « usage non renseigné » des filtres.,Shopify Admin (29 septembre 2026),Renseigner custom.usage = Intérieur (guide Artek : usage intérieur sauf mention contraire).,contrôle automatique
corrigé,moyen,Métachamps,NO_MATERIAL,artek-karuselli-lounge-chair,Fauteuil Karuselli,,,Matière absente (constat automatique).,"artek.fi « Base and shell: Fibre glass ; Brace: Steel ; Seat surface: Leather upholstery with PU foam padding ; Swivel and swing mechanism »",custom.material = « Coque et piètement : fibre de verre blanche. Bras de liaison : acier chromé. Assise : cuir sur mousse polyuréthane. Mécanisme pivotant et basculant. »,examen détaillé
à faire,moyen,Métachamps,NO_MATERIAL,artek-karuselli-ottoman,Repose-pieds Karuselli,,,custom.material vide : aucune matière affichée.,Shopify Admin (29 septembre 2026),"Renseigner custom.material (matières Artek, voir reference-artek.csv).",contrôle automatique
corrigé,moyen,Métachamps,NO_USAGE,artek-karuselli-ottoman,Repose-pieds Karuselli,,,custom.usage vide : le produit tombe dans « usage non renseigné » des filtres.,Shopify Admin (29 septembre 2026),Renseigner custom.usage = Intérieur (guide Artek : usage intérieur sauf mention contraire).,contrôle automatique
corrigé,moyen,Photos,GALLERY_DUPLICATE,artek-karuselli-ottoman,Repose-pieds Karuselli,,,"La photo #2 est un second packshot du même repose-pieds noir, non lié à une variante. Elle s’affiche donc comme « ambiance » et fait doublon avec la photo principale #1.",#1 packshot-4cb58… et #2 packshot-32d46… : même vue,"Supprimer #2, ou la lier à une future variante.",examen détaillé
corrigé,moyen,Photos,GALLERY_OTHER_PRODUCT,artek-karuselli-ottoman,Repose-pieds Karuselli,,,"La photo #3 est le packshot du fauteuil Karuselli seul, sans repose-pieds : dans la bande d’ambiances, elle montre un autre produit (vendu 9 395 €).",#3 Karuselli-Lounge-Chair-black-leather_web… : fauteuil seul,"Retirer #3 (la #4, qui montre le fauteuil avec son repose-pieds, suffit).",examen détaillé
à faire,moyen,Métachamps,NO_MATERIAL,artek-karuselli-ottoman,Repose-pieds Karuselli,,,Matière absente (constat automatique).,"artek.fi « Base and shell: Fibre glass ; Seat surface: Leather upholstery with PU foam padding »",custom.material = « Piètement : fibre de verre blanche. Plateau : cuir sur mousse polyuréthane. »,examen détaillé
corrigé,moyen,Métachamps,NO_MATERIAL,artek-kiila-coat-stand,Porte-manteau Kiila,,,custom.material vide : aucune matière affichée.,Shopify Admin (29 septembre 2026),"Renseigner custom.material (matières Artek, voir reference-artek.csv).",contrôle automatique
corrigé,moyen,Photos,VARIANT_ALT_MISMATCH,artek-kiila-coat-stand,Porte-manteau Kiila,Noir,,Alt de l’image de variante « Porte-manteau Kiila — Artek » sans rapport avec la finition « Noir ».,Shopify Admin (29 septembre 2026),,contrôle automatique
corrigé,moyen,Variantes,LABEL_AMBIGUOUS,artek-kiila-coat-stand,Porte-manteau Kiila,Noir,#6,"« Noir » désigne en réalité des pieds en frêne verni naturel avec structure et patères noires ; confusion possible avec « Laqué noir ».","#6 fichier Kiila-Coat-Stand-Natural_Black_web.jpg (pieds clairs) ; artek.fi variante « Legs: clear lacquer / Structure: Black powder coating »",« Frêne naturel / structure noire ».,examen détaillé
corrigé,moyen,Métachamps,MATERIAL_VALUE,artek-kiila-coat-stand,Porte-manteau Kiila,,,"Matière absente ; la description ne cite pas le frêne.",artek.fi « Legs: Solid ash / Structure: Bent sheet steel / Hooks: Polyamide »,"custom.material = « Frêne massif, acier thermolaqué, polyamide » ; ajouter « en frêne massif » dans la description.",examen détaillé
corrigé,moyen,Métachamps,NO_MATERIAL,artek-kiki-bench-1-seater,Banc Kiki 1 place,,,custom.material vide : aucune matière affichée.,Shopify Admin (29 septembre 2026),"Renseigner custom.material (matières Artek, voir reference-artek.csv).",contrôle automatique
corrigé,moyen,Métachamps,NO_USAGE,artek-kiki-bench-1-seater,Banc Kiki 1 place,,,custom.usage vide : le produit tombe dans « usage non renseigné » des filtres.,Shopify Admin (29 septembre 2026),Renseigner custom.usage = Intérieur (guide Artek : usage intérieur sauf mention contraire).,contrôle automatique
à faire,moyen,Métachamps,ORIGIN_FORMAT,artek-kiki-bench-1-seater,Banc Kiki 1 place,,,Format non standard : « Fabriqué en Hongrie / Édité par Artek ».,Shopify Admin (29 septembre 2026),,contrôle automatique
à faire,moyen,Photos,FEATURED_AMBIGUOUS,artek-kiki-bench-1-seater,Banc Kiki 1 place,,,La photo principale est partagée par 6 variantes : la fiche s’ouvre sur la première d’entre elles.,Shopify Admin (29 septembre 2026),,contrôle automatique
corrigé,moyen,Photos,LOW_RES,artek-kiki-bench-1-seater,Banc Kiki 1 place,,,Image basse définition 485×485 (variante) : packshot-c9a481124c04684ec4b7804b0305d3d7.png.,Shopify Admin (29 septembre 2026),Remplacer par l’original haute définition (≥ 1 500 px).,contrôle automatique
corrigé,moyen,Description,DESC_GENERIC_EN,artek-kiki-bench-1-seater,Banc Kiki 1 place,,,"La description est générique et commerciale (« pièce de la collection Benches d'Artek », avec « Benches » en anglais) ; elle ne dit rien du produit (tube d'acier ovale, 1960, Tapiovaara).","Description : « Banc Kiki 1 place — pièce de la collection Benches d'Artek, fabricant finlandais… »","Reprendre le texte Artek : « Le banc Kiki d'Ilmari Tapiovaara (1960) repose sur une structure en tube d'acier ovale ; son assise rembourrée aux arêtes adoucies… »",examen détaillé
corrigé,moyen,Métachamps,NO_MATERIAL,artek-kiki-bench-2-seater,Banc Kiki 2 places,,,custom.material vide : aucune matière affichée.,Shopify Admin (29 septembre 2026),"Renseigner custom.material (matières Artek, voir reference-artek.csv).",contrôle automatique
corrigé,moyen,Métachamps,NO_USAGE,artek-kiki-bench-2-seater,Banc Kiki 2 places,,,custom.usage vide : le produit tombe dans « usage non renseigné » des filtres.,Shopify Admin (29 septembre 2026),Renseigner custom.usage = Intérieur (guide Artek : usage intérieur sauf mention contraire).,contrôle automatique
à faire,moyen,Métachamps,ORIGIN_FORMAT,artek-kiki-bench-2-seater,Banc Kiki 2 places,,,Format non standard : « Fabriqué en Hongrie / Édité par Artek ».,Shopify Admin (29 septembre 2026),,contrôle automatique
à faire,moyen,Photos,FEATURED_AMBIGUOUS,artek-kiki-bench-2-seater,Banc Kiki 2 places,,,La photo principale est partagée par 6 variantes : la fiche s’ouvre sur la première d’entre elles.,Shopify Admin (29 septembre 2026),,contrôle automatique
corrigé,moyen,Description,DESC_GENERIC_EN,artek-kiki-bench-2-seater,Banc Kiki 2 places,,,"La description est générique et commerciale (« pièce de la collection Benches d'Artek », avec « Benches » en anglais) ; elle ne dit rien du produit (tube d'acier ovale, 1960, Tapiovaara).","Description : « Banc Kiki 2 places — pièce de la collection Benches d'Artek, fabricant finlandais… »","Reprendre le texte Artek : « Le banc Kiki d'Ilmari Tapiovaara (1960) repose sur une structure en tube d'acier ovale ; son assise rembourrée aux arêtes adoucies… »",examen détaillé
corrigé,moyen,Métachamps,NO_MATERIAL,artek-kiki-bench-3-seater,Banc Kiki 3 places,,,custom.material vide : aucune matière affichée.,Shopify Admin (29 septembre 2026),"Renseigner custom.material (matières Artek, voir reference-artek.csv).",contrôle automatique
corrigé,moyen,Métachamps,NO_USAGE,artek-kiki-bench-3-seater,Banc Kiki 3 places,,,custom.usage vide : le produit tombe dans « usage non renseigné » des filtres.,Shopify Admin (29 septembre 2026),Renseigner custom.usage = Intérieur (guide Artek : usage intérieur sauf mention contraire).,contrôle automatique
à faire,moyen,Métachamps,ORIGIN_FORMAT,artek-kiki-bench-3-seater,Banc Kiki 3 places,,,Format non standard : « Fabriqué en Hongrie / Édité par Artek ».,Shopify Admin (29 septembre 2026),,contrôle automatique
à faire,moyen,Photos,FEATURED_AMBIGUOUS,artek-kiki-bench-3-seater,Banc Kiki 3 places,,,La photo principale est partagée par 6 variantes : la fiche s’ouvre sur la première d’entre elles.,Shopify Admin (29 septembre 2026),,contrôle automatique
à faire,moyen,Photos,NO_AMBIANCE,artek-kiki-bench-3-seater,Banc Kiki 3 places,,,Aucune photo de galerie hors variantes : la fiche n’a pas de bande de miniatures/ambiances.,Shopify Admin (29 septembre 2026),Ajouter au moins une photo d’ambiance Artek non liée à une variante.,contrôle automatique
corrigé,moyen,Description,DESC_GENERIC_EN,artek-kiki-bench-3-seater,Banc Kiki 3 places,,,"La description est générique et commerciale (« pièce de la collection Benches d'Artek », avec « Benches » en anglais) ; elle ne dit rien du produit (tube d'acier ovale, 1960, Tapiovaara).","Description : « Banc Kiki 3 places — pièce de la collection Benches d'Artek, fabricant finlandais… »","Reprendre le texte Artek : « Le banc Kiki d'Ilmari Tapiovaara (1960) repose sur une structure en tube d'acier ovale ; son assise rembourrée aux arêtes adoucies… »",examen détaillé
corrigé,moyen,Métachamps,NO_MATERIAL,artek-kiki-lounge-chair,Fauteuil Kiki,,,custom.material vide : aucune matière affichée.,Shopify Admin (29 septembre 2026),"Renseigner custom.material (matières Artek, voir reference-artek.csv).",contrôle automatique
corrigé,moyen,Métachamps,NO_USAGE,artek-kiki-lounge-chair,Fauteuil Kiki,,,custom.usage vide : le produit tombe dans « usage non renseigné » des filtres.,Shopify Admin (29 septembre 2026),Renseigner custom.usage = Intérieur (guide Artek : usage intérieur sauf mention contraire).,contrôle automatique
à faire,moyen,Photos,FEATURED_AMBIGUOUS,artek-kiki-lounge-chair,Fauteuil Kiki,,,La photo principale est partagée par 6 variantes : la fiche s’ouvre sur la première d’entre elles.,Shopify Admin (29 septembre 2026),,contrôle automatique
corrigé,moyen,Description,DESC_GENERIC_ENGLISH,artek-kiki-lounge-chair,Fauteuil Kiki,,,"La description est générique, avec des restes d’anglais (« collection Lounge Chairs / Sofas d’Artek ») ; elle ne décrit ni le modèle (tube d’acier ovale laqué noir, lignes nettes, collection modulable) ni le créateur ou l’année.","description du dossier ; artek.fi : « frame made of distinctive oval steel tubing … Ilmari Tapiovaara … 1960 »","Réécrire : « Dessiné par Ilmari Tapiovaara en 1960, … structure en tube d’acier ovale thermolaqué noir, garnissage mousse PU et ouate polyester… » et déplacer l’explication des classes dans un bloc d’aide.",examen détaillé
corrigé,moyen,Métachamps,NO_MATERIAL,artek-kiki-lounge-chair,Fauteuil Kiki,,,Matière absente (constat automatique).,"artek.fi « Frame: Steel ; Seat and back: Fabric/Leather upholstery with PU foam and polyester padding »","custom.material = « Structure : tube d’acier ovale thermolaqué noir. Assise et dossier : mousse polyuréthane et ouate polyester, revêtement tissu ou cuir. »",examen détaillé
corrigé,moyen,Métachamps,NO_MATERIAL,artek-kiki-sofa-2-seater,Canapé Kiki 2 places,,,custom.material vide : aucune matière affichée.,Shopify Admin (29 septembre 2026),"Renseigner custom.material (matières Artek, voir reference-artek.csv).",contrôle automatique
corrigé,moyen,Métachamps,NO_USAGE,artek-kiki-sofa-2-seater,Canapé Kiki 2 places,,,custom.usage vide : le produit tombe dans « usage non renseigné » des filtres.,Shopify Admin (29 septembre 2026),Renseigner custom.usage = Intérieur (guide Artek : usage intérieur sauf mention contraire).,contrôle automatique
corrigé,moyen,Métachamps,NO_ORIGIN,artek-kiki-sofa-2-seater,Canapé Kiki 2 places,,,custom.origin vide : pays de fabrication absent de la fiche.,Shopify Admin (29 septembre 2026),Renseigner custom.origin et custom.country_of_origin avec le « Made in » Artek.,contrôle automatique
"accepté : vente par classe, sur devis ou en caisse",moyen,Photos,FEATURED_OPENS_LEATHER,artek-kiki-sofa-2-seater,Canapé Kiki 2 places,,,La photo principale #1 n’est liée qu’à la variante Cuir L40 : la fiche s’ouvre donc sur le cuir cognac à 3 457 € au lieu de la classe d’entrée Tissu F40 à 2 594 €. La carte montre aussi un canapé en cuir.,"#1 [PRINCIPALE] → Cuir L40 uniquement ; règle d’ouverture de la fiche (BRIEF)","Mettre en principale le packshot tissu #4 (lié à F40…), ou accepter l’ouverture sur le cuir en connaissance de cause.",examen détaillé
corrigé,moyen,Description,DESC_GENERIC_ENGLISH,artek-kiki-sofa-2-seater,Canapé Kiki 2 places,,,"La description est générique, avec des restes d’anglais (« collection Lounge Chairs / Sofas d’Artek ») ; elle ne décrit ni le modèle (tube d’acier ovale laqué noir, lignes nettes, collection modulable) ni le créateur ou l’année.","description du dossier ; artek.fi : « frame made of distinctive oval steel tubing … Ilmari Tapiovaara … 1960 »","Réécrire : « Dessiné par Ilmari Tapiovaara en 1960, … structure en tube d’acier ovale thermolaqué noir, garnissage mousse PU et ouate polyester… » et déplacer l’explication des classes dans un bloc d’aide.",examen détaillé
corrigé,moyen,Métachamps,NO_ORIGIN_HUNGARY,artek-kiki-sofa-2-seater,Canapé Kiki 2 places,,,"Précision sur NO_ORIGIN : le Kiki est fabriqué en Hongrie, pas en Finlande. Il ne faut pas recopier « Fabriqué en Finlande » des autres fiches Artek. Le tag made-in manque aussi.","artek.fi/en/products/kiki-sofa : « Made in Hungary » ; Fauteuil Kiki : custom.origin = Fabriqué en Hongrie","custom.origin = « Fabriqué en Hongrie » ; custom.country_of_origin = « Hongrie » ; tag « made-in-hongrie ».",examen détaillé
corrigé,moyen,Métachamps,NO_MATERIAL,artek-kiki-sofa-2-seater,Canapé Kiki 2 places,,,Matière absente (constat automatique).,"artek.fi « Frame: Steel ; … PU foam and polyester padding »","custom.material = « Structure : tube d’acier ovale thermolaqué noir. Assise et dossier : mousse polyuréthane et ouate polyester, revêtement tissu ou cuir. »",examen détaillé
corrigé,moyen,Métachamps,NO_MATERIAL,artek-kiki-sofa-3-seater,Canapé Kiki 3 places,,,custom.material vide : aucune matière affichée.,Shopify Admin (29 septembre 2026),"Renseigner custom.material (matières Artek, voir reference-artek.csv).",contrôle automatique
corrigé,moyen,Métachamps,NO_USAGE,artek-kiki-sofa-3-seater,Canapé Kiki 3 places,,,custom.usage vide : le produit tombe dans « usage non renseigné » des filtres.,Shopify Admin (29 septembre 2026),Renseigner custom.usage = Intérieur (guide Artek : usage intérieur sauf mention contraire).,contrôle automatique
corrigé,moyen,Métachamps,NO_ORIGIN,artek-kiki-sofa-3-seater,Canapé Kiki 3 places,,,custom.origin vide : pays de fabrication absent de la fiche.,Shopify Admin (29 septembre 2026),Renseigner custom.origin et custom.country_of_origin avec le « Made in » Artek.,contrôle automatique
à faire,moyen,Photos,FEATURED_AMBIGUOUS,artek-kiki-sofa-3-seater,Canapé Kiki 3 places,,,La photo principale est partagée par 6 variantes : la fiche s’ouvre sur la première d’entre elles.,Shopify Admin (29 septembre 2026),,contrôle automatique
corrigé,moyen,Description,DESC_GENERIC_ENGLISH,artek-kiki-sofa-3-seater,Canapé Kiki 3 places,,,"La description est générique, avec des restes d’anglais (« collection Lounge Chairs / Sofas d’Artek ») ; elle ne décrit ni le modèle (tube d’acier ovale laqué noir, lignes nettes, collection modulable) ni le créateur ou l’année.","description du dossier ; artek.fi : « frame made of distinctive oval steel tubing … Ilmari Tapiovaara … 1960 »","Réécrire : « Dessiné par Ilmari Tapiovaara en 1960, … structure en tube d’acier ovale thermolaqué noir, garnissage mousse PU et ouate polyester… » et déplacer l’explication des classes dans un bloc d’aide.",examen détaillé
corrigé,moyen,Métachamps,NO_ORIGIN_HUNGARY,artek-kiki-sofa-3-seater,Canapé Kiki 3 places,,,"Précision sur NO_ORIGIN : le Kiki est fabriqué en Hongrie, pas en Finlande. Il ne faut pas recopier « Fabriqué en Finlande » des autres fiches Artek. Le tag made-in manque aussi.","artek.fi/en/products/kiki-sofa : « Made in Hungary » ; Fauteuil Kiki : custom.origin = Fabriqué en Hongrie","custom.origin = « Fabriqué en Hongrie » ; custom.country_of_origin = « Hongrie » ; tag « made-in-hongrie ».",examen détaillé
corrigé,moyen,Métachamps,NO_MATERIAL,artek-kiki-sofa-3-seater,Canapé Kiki 3 places,,,Matière absente (constat automatique).,"artek.fi « Frame: Steel ; … PU foam and polyester padding »","custom.material = « Structure : tube d’acier ovale thermolaqué noir. Assise et dossier : mousse polyuréthane et ouate polyester, revêtement tissu ou cuir. »",examen détaillé
à faire,moyen,Métachamps,NO_MATERIAL,artek-kori-floor-light-eu,Lampadaire Kori,,,custom.material vide : aucune matière affichée.,Shopify Admin (29 septembre 2026),"Renseigner custom.material (matières Artek, voir reference-artek.csv).",contrôle automatique
à faire,moyen,Métachamps,ELEC_DATA_MISSING,artek-kori-floor-light-eu,Lampadaire Kori,,,"Aucune donnée électrique renseignée (custom.lighting_type, light_source_type, power_w, voltage_v, cable_details, ip_rating, safety_class vides) alors que 5 fiches Artek voisines les affichent.","Dossier : aucun métachamp custom.lighting_type… ; site.api sans lightingType/power ; https://www.artek.fi/en/products/kori-floor-light (Materials and Dimensions).","Renseigner : lighting_type = Lampadaire ; light_source_type = Douille E27 ; power_w = 12 W max (LED) ; voltage_v = 220-240 V · 50/60 Hz ; cable_details = Fiche Euro · Câble 270 cm ; ip_rating / safety_class : non publiés sur la page Artek.",examen détaillé
corrigé,moyen,Métachamps,NO_MATERIAL,artek-kori-pendant-light-eu,Suspension Kori,,,custom.material vide : aucune matière affichée.,Shopify Admin (29 septembre 2026),"Renseigner custom.material (matières Artek, voir reference-artek.csv).",contrôle automatique
à faire,moyen,Métachamps,ELEC_DATA_MISSING,artek-kori-pendant-light-eu,Suspension Kori,,,"Aucune donnée électrique renseignée (custom.lighting_type, light_source_type, power_w, voltage_v, cable_details, ip_rating, safety_class vides) alors que 5 fiches Artek voisines les affichent.","Dossier : aucun métachamp custom.lighting_type… ; site.api sans lightingType/power ; https://www.artek.fi/en/products/kori-pendant-light (Materials and Dimensions).","Renseigner : custom.lighting_type = Suspension ; light_source_type = Douille E27 ; power_w = 12 W max (ampoule LED) ; voltage_v = 220-240 V · 50/60 Hz ; cable_details = Câble plastique blanc · 250 cm ; ip_rating et safety_class : non publiés par Artek, laisser vides plutôt que deviner.",examen détaillé
corrigé,moyen,Métachamps,NO_MATERIAL,artek-kori-pendant-light-with-disc-shade-eu,Suspension Kori Disc,,,custom.material vide : aucune matière affichée.,Shopify Admin (29 septembre 2026),"Renseigner custom.material (matières Artek, voir reference-artek.csv).",contrôle automatique
à faire,moyen,Métachamps,ELEC_DATA_MISSING,artek-kori-pendant-light-with-disc-shade-eu,Suspension Kori Disc,,,"Aucune donnée électrique renseignée (custom.lighting_type, light_source_type, power_w, voltage_v, cable_details, ip_rating, safety_class vides) alors que 5 fiches Artek voisines les affichent.","Dossier : aucun métachamp custom.lighting_type… ; site.api sans lightingType/power ; https://www.artek.fi/en/products/kori-pendant-light-with-disc-shade (Materials and Dimensions).","Renseigner : custom.lighting_type = Suspension ; light_source_type = Douille E27 ; power_w = 12 W max (ampoule LED) ; voltage_v = 220-240 V · 50/60 Hz ; cable_details = Câble plastique blanc · 250 cm ; ip_rating et safety_class : non publiés par Artek, laisser vides plutôt que deviner.",examen détaillé
corrigé,moyen,Métachamps,NO_MATERIAL,artek-kori-pendant-light-with-dune-shade-eu,Suspension Kori Dune,,,custom.material vide : aucune matière affichée.,Shopify Admin (29 septembre 2026),"Renseigner custom.material (matières Artek, voir reference-artek.csv).",contrôle automatique
à faire,moyen,Métachamps,ELEC_DATA_MISSING,artek-kori-pendant-light-with-dune-shade-eu,Suspension Kori Dune,,,"Aucune donnée électrique renseignée (custom.lighting_type, light_source_type, power_w, voltage_v, cable_details, ip_rating, safety_class vides) alors que 5 fiches Artek voisines les affichent.","Dossier : aucun métachamp custom.lighting_type… ; site.api sans lightingType/power ; https://www.artek.fi/en/products/kori-pendant-light-with-dune-shade (Materials and Dimensions).","Renseigner : custom.lighting_type = Suspension ; light_source_type = Douille E27 ; power_w = 12 W max (ampoule LED) ; voltage_v = 220-240 V · 50/60 Hz ; cable_details = Câble plastique blanc · 250 cm ; ip_rating et safety_class : non publiés par Artek, laisser vides plutôt que deviner.",examen détaillé
à faire,moyen,Métachamps,NO_MATERIAL,artek-kori-table-light-eu,Lampe de table Kori,,,custom.material vide : aucune matière affichée.,Shopify Admin (29 septembre 2026),"Renseigner custom.material (matières Artek, voir reference-artek.csv).",contrôle automatique
à faire,moyen,Photos,LOW_RES,artek-kori-table-light-eu,Lampe de table Kori,,,Image basse définition 502×502 (variante) : packshot-c281fc1f9479e310513d0843cbc99332.png.,Shopify Admin (29 septembre 2026),Remplacer par l’original haute définition (≥ 1 500 px).,contrôle automatique
corrigé,moyen,Description,FACTS_WRONG,artek-kori-table-light-eu,Lampe de table Kori,,,"Erreurs factuelles : « la tige et le socle sont en acier » (le socle est en zinc moulé) ; « l'abat-jour … en aluminium 100 % recyclé » (pas d'abat-jour : c'est le réflecteur, ou « panier », qui est en aluminium recyclé) ; « s'inspire de la lumière du soleil filtrant à travers le feuillage » ne figure ni sur la page Artek ni dans le catalogue Kori.","Description ; https://www.artek.fi/en/products/kori-table-light (« Base: Die-cast zinc ; Tube: Steel ; Reflector: Recycled die-cast aluminium ») ; PDF Artek-Kori-Collection-2023.","Reprendre le texte Artek : lumière directe vers le haut sans éblouissement et cône plus large de lumière indirecte vers le bas ; idéale comme liseuse près d'un lit ou d'un fauteuil, ou en accent sur une étagère ; socle en zinc moulé, tige en acier, réflecteur en aluminium moulé recyclé.",examen détaillé
à faire,moyen,Métachamps,ELEC_DATA_MISSING,artek-kori-table-light-eu,Lampe de table Kori,,,"Aucune donnée électrique renseignée (custom.lighting_type, light_source_type, power_w, voltage_v, cable_details, ip_rating, safety_class vides) alors que 5 fiches Artek voisines les affichent.","Dossier : aucun métachamp custom.lighting_type… ; site.api sans lightingType/power ; https://www.artek.fi/en/products/kori-table-light (Materials and Dimensions).","Renseigner : lighting_type = Lampe de table ; light_source_type = Douille E27 ; power_w = 12 W max (LED) ; voltage_v = 220-240 V · 50/60 Hz ; cable_details = Fiche Euro · Câble 240 cm ; ip_rating / safety_class : non publiés sur la page Artek.",examen détaillé
corrigé,moyen,Métachamps,NO_MATERIAL,artek-lounge-chair-43,Fauteuil 43,,,custom.material vide : aucune matière affichée.,Shopify Admin (29 septembre 2026),"Renseigner custom.material (matières Artek, voir reference-artek.csv).",contrôle automatique
corrigé,moyen,Métachamps,NO_USAGE,artek-lounge-chair-43,Fauteuil 43,,,custom.usage vide : le produit tombe dans « usage non renseigné » des filtres.,Shopify Admin (29 septembre 2026),Renseigner custom.usage = Intérieur (guide Artek : usage intérieur sauf mention contraire).,contrôle automatique
corrigé,moyen,Titre,TITLE_NOT_CHAISE_LONGUE,artek-lounge-chair-43,Fauteuil 43,,,"Le modèle Artek est une chaise longue (Lounge Chair 43, 164 cm de profondeur). Le titre « Fauteuil 43 » ne correspond pas à ce que montrent les photos et ne sera pas trouvé en cherchant « chaise longue ».","artek.fi : « Lounge Chair 43 », profondeur 164 cm ; photos #1 à #8 : chaise longue cantilever","Titre « Chaise longue 43 » ; titre SEO « Chaise longue 43 Alvar Aalto — Artek | Mikado Deco ».",examen détaillé
corrigé,moyen,Classement,TYPE_CHAISE_LONGUE,artek-lounge-chair-43,Fauteuil 43,,,"Type « Fauteuil » et catégorie Shopify « Armchairs » : le produit n’apparaît pas dans la sous-catégorie Sièges › Chaises longues du site, qui existe (filtre product_type « Chaise longue »).","server.js CATEGORY_FILTERS 'chaises-longues' = product_type « Chaise longue » ; v3/navigation-data.json : chaises-longues sous « sieges »","Arbitrage propriétaire : type « Chaise longue » (sort de la collection Fauteuils) ou garder « Fauteuil » et l’ajouter à la sous-catégorie Chaises longues. Catégorie Shopify : « Furniture > Chairs > Chaises » (chaises longues), à confirmer dans la taxonomie.",examen détaillé
corrigé,moyen,Métachamps,NO_MATERIAL,artek-lounge-chair-43,Fauteuil 43,,,Matière absente (constat automatique).,"artek.fi : « Frame: Form-bent solid birch lamella ; Seat: Linen webbing »","custom.material = « Structure : lamelles de bouleau massif cintrées, vernis incolore. Assise : sangles de lin. »",examen détaillé
à faire,moyen,Métachamps,NO_MATERIAL,artek-lukki-chair,Chaise Lukki,,,custom.material vide : aucune matière affichée.,Shopify Admin (29 septembre 2026),"Renseigner custom.material (matières Artek, voir reference-artek.csv).",contrôle automatique
corrigé,moyen,Photos,GALLERY_OTHER_FINISH,artek-lukki-chair,Chaise Lukki,,,"La seule photo d'ambiance met au premier plan une chaise à structure beige et assise blanche, finition non vendue (Artek ne propose que le noir) ; la Lukki noire n'est pas clairement visible. Identification du modèle au premier plan à confirmer.","Photo #2 (artek-lukki-chair-aalto-table-81b-rectangular-dining-interior.jpg) ; artek.fi : « Lukki Chair is available in black »","Remplacer #2 par une ambiance Artek montrant la Lukki noire, ou ajouter au moins une seconde ambiance noire.",examen détaillé
à faire,moyen,Métachamps,MATERIAL_ARTEK,artek-lukki-chair,Chaise Lukki,,,"custom.material vide ; la description omet le placage hêtre laqué noir.",artek.fi : « Legs: Steel tube – Seat and back core: birch plywood – surface: Beech veneer »,"custom.material = « Acier thermolaqué noir mat ; contreplaqué de bouleau plaqué hêtre laqué noir »",examen détaillé
corrigé,moyen,Métachamps,NO_MATERIAL,artek-mademoiselle-lounge-chair,Fauteuil Mademoiselle,,,custom.material vide : aucune matière affichée.,Shopify Admin (29 septembre 2026),"Renseigner custom.material (matières Artek, voir reference-artek.csv).",contrôle automatique
corrigé,moyen,Métachamps,NO_USAGE,artek-mademoiselle-lounge-chair,Fauteuil Mademoiselle,,,custom.usage vide : le produit tombe dans « usage non renseigné » des filtres.,Shopify Admin (29 septembre 2026),Renseigner custom.usage = Intérieur (guide Artek : usage intérieur sauf mention contraire).,contrôle automatique
corrigé,moyen,Variantes,FINISH_BLACK_STAIN,artek-mademoiselle-lounge-chair,Fauteuil Mademoiselle,,,"La variante « Laqué noir » n’existe pas sous ce nom chez Artek : la version noire est en bouleau teinté noir, qui laisse voir le veinage.","artek.fi : « Legs, seat and backrest: birch, black stain » ; SKU ART-MLC-28201104",Renommer la variante et l’alt de la photo #1 en « Teinté noir ».,examen détaillé
corrigé,moyen,Métachamps,NO_MATERIAL,artek-mademoiselle-lounge-chair,Fauteuil Mademoiselle,,,Matière absente (constat automatique).,"artek.fi : « Legs, seat and backrest: Solid birch »","custom.material = « Bouleau massif, laqué blanc ou teinté noir. »",examen détaillé
corrigé,moyen,Métachamps,NO_MATERIAL,artek-mademoiselle-rocking-chair,Fauteuil à bascule Mademoiselle,,,custom.material vide : aucune matière affichée.,Shopify Admin (29 septembre 2026),"Renseigner custom.material (matières Artek, voir reference-artek.csv).",contrôle automatique
corrigé,moyen,Métachamps,NO_USAGE,artek-mademoiselle-rocking-chair,Fauteuil à bascule Mademoiselle,,,custom.usage vide : le produit tombe dans « usage non renseigné » des filtres.,Shopify Admin (29 septembre 2026),Renseigner custom.usage = Intérieur (guide Artek : usage intérieur sauf mention contraire).,contrôle automatique
corrigé,moyen,Variantes,FINISH_BLACK_STAIN,artek-mademoiselle-rocking-chair,Fauteuil à bascule Mademoiselle,,,"La variante « Laqué noir » est en réalité, chez Artek, un bouleau teinté noir.","artek.fi : « birch, black stain » ; SKU ART-MRC-28201204",Renommer la variante et l’alt de #1 en « Teinté noir ».,examen détaillé
corrigé,moyen,Description,DESC_ENGLISH,artek-mademoiselle-rocking-chair,Fauteuil à bascule Mademoiselle,,,"La description et la méta-description SEO gardent l’anglais « Mademoiselle Rocking Chair » (« Le fauteuil Mademoiselle Rocking Chair… », « Fauteuil Mademoiselle Rocking Chair par… »).",description et seo.description du dossier,"Écrire « Le fauteuil à bascule Mademoiselle… » partout ; ajouter l’année 1956 dans la méta-description.",examen détaillé
corrigé,moyen,Métachamps,NO_MATERIAL,artek-mademoiselle-rocking-chair,Fauteuil à bascule Mademoiselle,,,Matière absente (constat automatique).,artek.fi : « Solid birch »,"custom.material = « Bouleau massif, laqué blanc ou teinté noir. »",examen détaillé
corrigé,moyen,Titre,TITLE_EN,artek-postcards,Accessoire Postcards,,,Titre avec des mots anglais : « Accessoire Postcards ».,Shopify Admin (29 septembre 2026),,contrôle automatique
corrigé,moyen,Titre,TITLE_GENERIC,artek-postcards,Accessoire Postcards,,,Titre construit « type + nom anglais » : « Accessoire Postcards ».,Shopify Admin (29 septembre 2026),,contrôle automatique
à faire,moyen,Métachamps,NO_YEAR,artek-postcards,Accessoire Postcards,,,custom.year vide : année de création absente de la fiche.,Shopify Admin (29 septembre 2026),Renseigner custom.year avec l’année Artek (voir reference-artek.csv).,contrôle automatique
corrigé,moyen,Métachamps,NO_MATERIAL,artek-postcards,Accessoire Postcards,,,custom.material vide : aucune matière affichée.,Shopify Admin (29 septembre 2026),"Renseigner custom.material (matières Artek, voir reference-artek.csv).",contrôle automatique
à faire,moyen,Métachamps,NO_ORIGIN,artek-postcards,Accessoire Postcards,,,custom.origin vide : pays de fabrication absent de la fiche.,Shopify Admin (29 septembre 2026),Renseigner custom.origin et custom.country_of_origin avec le « Made in » Artek.,contrôle automatique
à faire,moyen,Options,OPTION_VALUE_EN,artek-postcards,Accessoire Postcards,,,Valeurs d’option en anglais/code : Icon postcards | Outline postcards.,Shopify Admin (29 septembre 2026),,contrôle automatique
à faire,moyen,Photos,NO_AMBIANCE,artek-postcards,Accessoire Postcards,,,Aucune photo de galerie hors variantes : la fiche n’a pas de bande de miniatures/ambiances.,Shopify Admin (29 septembre 2026),Ajouter au moins une photo d’ambiance Artek non liée à une variante.,contrôle automatique
corrigé,moyen,Variantes,OPTION_LABEL,artek-postcards,Accessoire Postcards,,,"L'option s'appelle « Finition » et ses valeurs sont en anglais (« Icon postcards », « Outline postcards »), sans le nombre de cartes ni le créateur.",options : Finition = Icon postcards | Outline postcards,Option « Modèle » : « Icons — lot de 5 (Greige) » et « Outline — lot de 3 (TSTO)».,examen détaillé
corrigé,moyen,Titre,TITLE_EN,artek-postcards,Accessoire Postcards,,,Le titre « Accessoire Postcards » est anglais et générique. Le type « Accessoire » ne correspond à aucune famille du menu.,titre Admin,"« Cartes postales Artek » (ou un titre par lot, voir ci-dessus).",examen détaillé
à faire,moyen,Métachamps,NO_MATERIAL,artek-rival-chair-kg002,Chaise de bureau Rival KG002,,,custom.material vide : aucune matière affichée.,Shopify Admin (29 septembre 2026),"Renseigner custom.material (matières Artek, voir reference-artek.csv).",contrôle automatique
corrigé,moyen,Métachamps,NO_USAGE,artek-rival-chair-kg002,Chaise de bureau Rival KG002,,,custom.usage vide : le produit tombe dans « usage non renseigné » des filtres.,Shopify Admin (29 septembre 2026),Renseigner custom.usage = Intérieur (guide Artek : usage intérieur sauf mention contraire).,contrôle automatique
corrigé,moyen,Métachamps,NO_ORIGIN,artek-rival-chair-kg002,Chaise de bureau Rival KG002,,,custom.origin vide : pays de fabrication absent de la fiche.,Shopify Admin (29 septembre 2026),Renseigner custom.origin et custom.country_of_origin avec le « Made in » Artek.,contrôle automatique
corrigé,moyen,Options,OPTION_VALUE_EN,artek-rival-chair-kg002,Chaise de bureau Rival KG002,,,Valeurs d’option en anglais/code : Maille 3D noir/blanc | Maille 3D gris clair/crème.,Shopify Admin (29 septembre 2026),,contrôle automatique
corrigé,moyen,Photos,VARIANT_PACKSHOTS_AS_AMBIANCE,artek-rival-chair-kg002,Chaise de bureau Rival KG002,,,"Trois packshots de combinaisons (asphalte/cuir nero, blanc/cuir caramel, blanc/cuir nero) ne sont liés à aucune variante : le site les affiche dans la bande « ambiances ».","Photos #8, #9, #10 (rôle GALERIE, fond blanc)","Les lier aux futures variantes Piètement × Revêtement, sinon les retirer.",examen détaillé
corrigé,moyen,Variantes,LABELS_VS_ARTEK,artek-rival-chair-kg002,Chaise de bureau Rival KG002,,,"Libellés non conformes à Artek : « Maille 3D gris clair/crème » (Artek : 3D-knit gray/white), « Cuir noir premium » (Artek : natural leather nero, fichier « Premium-nero »), « Cuir caramel naturel » (natural leather caramel).","artek.fi rival-chair, liste des variantes ; fichiers #6/#7","« Tricot 3D gris/blanc », « Tricot 3D noir/blanc », « Cuir naturel caramel », « Cuir nero (noir) ».",examen détaillé
corrigé,moyen,Métachamps,ORIGIN_GERMANY,artek-rival-chair-kg002,Chaise de bureau Rival KG002,,,"custom.origin, country_of_origin et usage absents.",artek.fi : « Made in Germany »,"custom.origin = « Fabriqué en Allemagne », custom.country_of_origin = « Allemagne », custom.usage = « Intérieur »",examen détaillé
corrigé,moyen,Métachamps,NO_YEAR,artek-rivi-canvas-bag,Sac en toile Rivi,,,custom.year vide : année de création absente de la fiche.,Shopify Admin (29 septembre 2026),Renseigner custom.year avec l’année Artek (voir reference-artek.csv).,contrôle automatique
corrigé,moyen,Métachamps,NO_USAGE,artek-rivi-canvas-bag,Sac en toile Rivi,,,custom.usage vide : le produit tombe dans « usage non renseigné » des filtres.,Shopify Admin (29 septembre 2026),Renseigner custom.usage = Intérieur (guide Artek : usage intérieur sauf mention contraire).,contrôle automatique
corrigé,moyen,Métachamps,YEAR_ONLY_IN_SEO,artek-rivi-canvas-bag,Sac en toile Rivi,,,Année 2017 présente dans le SEO mais pas dans custom.year.,Shopify Admin (29 septembre 2026),Reporter l’année dans custom.year après vérification.,contrôle automatique
corrigé,moyen,Métachamps,DESIGNER_ONLY_TAG,artek-rivi-canvas-bag,Sac en toile Rivi,,,"Créateur seulement en tag (« ronan-erwan-bouroullec ») : custom.designer vide, donc aucun créateur affiché sur la fiche.",Shopify Admin (29 septembre 2026),Renseigner custom.designer ou retirer le tag si le créateur est faux.,contrôle automatique
à faire,moyen,Classement,MENU_TARGET,artek-rivi-canvas-bag,Sac en toile Rivi,,,Aucune sous-catégorie existante pour sacs et pochettes.,"collections.json ; server.js CATEGORY_FILTERS","Décision propriétaire : créer une sous-catégorie « Sacs & pochettes » (types Sac, Pochette) sous Décoration, ou accepter la visibilité marque + recherche.",examen détaillé
corrigé,moyen,Métachamps,NO_YEAR,artek-rivi-cushion-cover,Housse de coussin Rivi,,,custom.year vide : année de création absente de la fiche.,Shopify Admin (29 septembre 2026),Renseigner custom.year avec l’année Artek (voir reference-artek.csv).,contrôle automatique
corrigé,moyen,Métachamps,NO_USAGE,artek-rivi-cushion-cover,Housse de coussin Rivi,,,custom.usage vide : le produit tombe dans « usage non renseigné » des filtres.,Shopify Admin (29 septembre 2026),Renseigner custom.usage = Intérieur (guide Artek : usage intérieur sauf mention contraire).,contrôle automatique
corrigé,moyen,Métachamps,YEAR_ONLY_IN_SEO,artek-rivi-cushion-cover,Housse de coussin Rivi,,,Année 2017 présente dans le SEO mais pas dans custom.year.,Shopify Admin (29 septembre 2026),Reporter l’année dans custom.year après vérification.,contrôle automatique
corrigé,moyen,Métachamps,DESIGNER_ONLY_TAG,artek-rivi-cushion-cover,Housse de coussin Rivi,,,"Créateur seulement en tag (« ronan-erwan-bouroullec ») : custom.designer vide, donc aucun créateur affiché sur la fiche.",Shopify Admin (29 septembre 2026),Renseigner custom.designer ou retirer le tag si le créateur est faux.,contrôle automatique
corrigé,moyen,Description,INSERT_NOT_INCLUDED,artek-rivi-cushion-cover,Housse de coussin Rivi,,,"La description ne dit pas que la housse est vendue sans garnissage, alors que toutes les photos montrent des coussins garnis.","Photos #1–#12 (coussins remplis) ; Artek vend le garnissage séparément (shop.artek.fi/products/inner-cushion-40-x-40-cm)","Ajouter : « Housse seule, coussin de garnissage vendu séparément (Coussin de garnissage 40 × 40 ou 50 × 50 cm) » avec lien vers artek-inner-cushion.",examen détaillé
corrigé,moyen,Métachamps,NO_MATERIAL,artek-rivi-fabric,Tissu Rivi (au mètre),,,custom.material vide : aucune matière affichée.,Shopify Admin (29 septembre 2026),"Renseigner custom.material (matières Artek, voir reference-artek.csv).",contrôle automatique
corrigé,moyen,Métachamps,NO_USAGE,artek-rivi-fabric,Tissu Rivi (au mètre),,,custom.usage vide : le produit tombe dans « usage non renseigné » des filtres.,Shopify Admin (29 septembre 2026),Renseigner custom.usage = Intérieur (guide Artek : usage intérieur sauf mention contraire).,contrôle automatique
corrigé,moyen,Description,DESC_PRECUT_ON_METER,artek-rivi-fabric,Tissu Rivi (au mètre),,,"La fiche au mètre reprend le texte du coupon : « Le tissu Rivi en coton prédécoupé… La dimension du tissu est de 150 × 300 cm », puis « Vendu au mètre ». Le client ne sait pas s'il reçoit 1 m ou un coupon de 3 m.","Description Admin ; artek.fi/en/products/rivi-fabric : « Available by meter or pre-cut »","Supprimer « prédécoupé » et « La dimension du tissu est de 150 × 300 cm » ; écrire : « Vendu au mètre linéaire : 1 unité = 1 m ; commandez autant d'unités que de mètres souhaités (coupe d'un seul tenant). »",examen détaillé
corrigé,moyen,Métachamps,WIDTH_COATED_WRONG,artek-rivi-fabric,Tissu Rivi (au mètre),,,"custom.dimensions et la description indiquent une laize unique de 150 cm ; chez Artek le coton enduit acrylique fait 145 cm de large.","artek.fi rivi-fabric : « Material 100% acrylic coated cotton Weight 220 g/m² Width 145 cm » ; figure « Acrylic coated cotton, by meter » = 145","custom.dimensions : « Laize 150 cm (coton, toile de coton) — 145 cm (coton enduit) — vendu au mètre » ; même précision dans la description.",examen détaillé
corrigé,moyen,Métachamps,NO_MATERIAL_DETAIL,artek-rivi-fabric,Tissu Rivi (au mètre),,,"custom.material vide alors que les trois qualités ont une composition et un grammage précis ; aucune mention « non recommandé pour le garnissage de sièges ».",artek.fi : « 100% cotton 180 g/m² … 100% acrylic coated cotton 220 g/m² … 100% canvas cotton 280 g/m² … Not recommended as upholstery fabric. »,"custom.material : « Coton 100 % (180 g/m²), coton enduit acrylique (220 g/m²) ou toile de coton (280 g/m²) » ; ajouter « Ne convient pas au garnissage de sièges » dans la description.",examen détaillé
à faire,moyen,Classement,MENU_TARGET,artek-rivi-fabric,Tissu Rivi (au mètre),,,"Aucune sous-catégorie existante ne correspond à un tissu au mètre (coussins-plaids-tapis n'accepte que les types Coussin/Tapis/Couvre-lit/Plaid ; objets-decoratifs-cadres ne convient pas).","collections.json (règles par type) ; server.js CATEGORY_FILTERS","Décision propriétaire : soit créer une sous-catégorie « Tissus & mercerie » (types Tissu au mètre, Coupon de tissu, Sangle), soit accepter la visibilité marque + recherche ; ne pas forcer dans coussins-plaids-tapis.",examen détaillé
corrigé,moyen,Métachamps,NO_YEAR,artek-rivi-pouch,Pochette Rivi,,,custom.year vide : année de création absente de la fiche.,Shopify Admin (29 septembre 2026),Renseigner custom.year avec l’année Artek (voir reference-artek.csv).,contrôle automatique
corrigé,moyen,Métachamps,NO_USAGE,artek-rivi-pouch,Pochette Rivi,,,custom.usage vide : le produit tombe dans « usage non renseigné » des filtres.,Shopify Admin (29 septembre 2026),Renseigner custom.usage = Intérieur (guide Artek : usage intérieur sauf mention contraire).,contrôle automatique
corrigé,moyen,Métachamps,YEAR_ONLY_IN_SEO,artek-rivi-pouch,Pochette Rivi,,,Année 2017 présente dans le SEO mais pas dans custom.year.,Shopify Admin (29 septembre 2026),Reporter l’année dans custom.year après vérification.,contrôle automatique
corrigé,moyen,Métachamps,DESIGNER_ONLY_TAG,artek-rivi-pouch,Pochette Rivi,,,"Créateur seulement en tag (« ronan-erwan-bouroullec ») : custom.designer vide, donc aucun créateur affiché sur la fiche.",Shopify Admin (29 septembre 2026),Renseigner custom.designer ou retirer le tag si le créateur est faux.,contrôle automatique
à faire,moyen,Classement,MENU_TARGET,artek-rivi-pouch,Pochette Rivi,,,Aucune sous-catégorie existante pour les pochettes.,collections.json,Même décision que pour les sacs (« Sacs & pochettes » à créer ou visibilité marque seule).,examen détaillé
corrigé,moyen,Métachamps,NO_MATERIAL,artek-rivi-pre-cut-fabric,Coupon de tissu Rivi (150 × 300 cm),,,custom.material vide : aucune matière affichée.,Shopify Admin (29 septembre 2026),"Renseigner custom.material (matières Artek, voir reference-artek.csv).",contrôle automatique
corrigé,moyen,Métachamps,NO_USAGE,artek-rivi-pre-cut-fabric,Coupon de tissu Rivi (150 × 300 cm),,,custom.usage vide : le produit tombe dans « usage non renseigné » des filtres.,Shopify Admin (29 septembre 2026),Renseigner custom.usage = Intérieur (guide Artek : usage intérieur sauf mention contraire).,contrôle automatique
corrigé,moyen,Métachamps,NO_ORIGIN,artek-rivi-pre-cut-fabric,Coupon de tissu Rivi (150 × 300 cm),,,custom.origin vide : pays de fabrication absent de la fiche.,Shopify Admin (29 septembre 2026),Renseigner custom.origin et custom.country_of_origin avec le « Made in » Artek.,contrôle automatique
corrigé,moyen,Titre,COATED_SIZE_WRONG,artek-rivi-pre-cut-fabric,Coupon de tissu Rivi (150 × 300 cm),,,"Le titre, le SEO et custom.dimensions annoncent 150 × 300 cm pour toutes les matières ; le coupon en coton enduit acrylique mesure 145 × 300 cm chez Artek.","artek.fi rivi-fabric, figure « Acrylic coated cotton, pre-cut » : 145 / 300","Titre « Coupon de tissu Rivi (300 cm) » ou garder 150 × 300 et préciser dans custom.dimensions : « 150 × 300 cm (coton, toile) — 145 × 300 cm (coton enduit) ».",examen détaillé
corrigé,moyen,Métachamps,NO_MATERIAL_DETAIL,artek-rivi-pre-cut-fabric,Coupon de tissu Rivi (150 × 300 cm),,,"custom.material vide ; composition/grammage connus.",artek.fi rivi-fabric (Materials and Dimensions),"custom.material : « Coton 100 %, coton enduit acrylique ou toile de coton selon la variante ».",examen détaillé
à faire,moyen,Classement,MENU_TARGET,artek-rivi-pre-cut-fabric,Coupon de tissu Rivi (150 × 300 cm),,,Aucune sous-catégorie existante adaptée à un coupon de tissu.,"collections.json ; server.js CATEGORY_FILTERS",Même décision que pour le tissu au mètre (sous-catégorie « Tissus & mercerie » à créer ou visibilité marque seule).,examen détaillé
corrigé,moyen,Métachamps,NO_YEAR,artek-rivi-tray,Plateau Rivi,,,custom.year vide : année de création absente de la fiche.,Shopify Admin (29 septembre 2026),Renseigner custom.year avec l’année Artek (voir reference-artek.csv).,contrôle automatique
corrigé,moyen,Métachamps,NO_USAGE,artek-rivi-tray,Plateau Rivi,,,custom.usage vide : le produit tombe dans « usage non renseigné » des filtres.,Shopify Admin (29 septembre 2026),Renseigner custom.usage = Intérieur (guide Artek : usage intérieur sauf mention contraire).,contrôle automatique
corrigé,moyen,Métachamps,YEAR_ONLY_IN_SEO,artek-rivi-tray,Plateau Rivi,,,Année 2017 présente dans le SEO mais pas dans custom.year.,Shopify Admin (29 septembre 2026),Reporter l’année dans custom.year après vérification.,contrôle automatique
corrigé,moyen,Métachamps,DESIGNER_ONLY_TAG,artek-rivi-tray,Plateau Rivi,,,"Créateur seulement en tag (« ronan-erwan-bouroullec ») : custom.designer vide, donc aucun créateur affiché sur la fiche.",Shopify Admin (29 septembre 2026),Renseigner custom.designer ou retirer le tag si le créateur est faux.,contrôle automatique
corrigé,moyen,Métachamps,NO_YEAR,artek-rocket-bar-stool,Tabouret de bar Rocket,,,custom.year vide : année de création absente de la fiche.,Shopify Admin (29 septembre 2026),Renseigner custom.year avec l’année Artek (voir reference-artek.csv).,contrôle automatique
corrigé,moyen,Métachamps,NO_MATERIAL,artek-rocket-bar-stool,Tabouret de bar Rocket,,,custom.material vide : aucune matière affichée.,Shopify Admin (29 septembre 2026),"Renseigner custom.material (matières Artek, voir reference-artek.csv).",contrôle automatique
partiellement corrigé,moyen,Variantes,WEIGHT_ABERRANT,artek-rocket-bar-stool,Tabouret de bar Rocket,,,"La variante Laqué blanc a un poids d'expédition de 3 g, les deux autres 0 g : poids faux ou absent pour un tabouret en chêne massif.","Variante Laqué blanc ART-RBS-28000704 : weight 3 GRAMS ; Savonné et Laqué noir : 0","Saisir le poids réel (plusieurs kg) sur les 3 variantes, dans l'unité kg.",examen détaillé
à faire,moyen,Métachamps,NO_MATERIAL,artek-rope-chair,Chaise Rope,,,custom.material vide : aucune matière affichée.,Shopify Admin (29 septembre 2026),"Renseigner custom.material (matières Artek, voir reference-artek.csv).",contrôle automatique
à faire,moyen,Photos,FEATURED_AMBIGUOUS,artek-rope-chair,Chaise Rope,,,La photo principale est partagée par 2 variantes : la fiche s’ouvre sur la première d’entre elles.,Shopify Admin (29 septembre 2026),,contrôle automatique
corrigé,moyen,Description,DESC_GLIDES_CONTRADICTION,artek-rope-chair,Chaise Rope,,,La description affirme « patins en feutre installés » alors que deux variantes sont vendues avec patins plastique.,"Description ; options « … / patins plastique »","« Livrée assemblée, avec patins en feutre ou en plastique selon la version choisie. »",examen détaillé
à faire,moyen,Variantes,OPTION_STRUCTURE,artek-rope-chair,Chaise Rope,,,"Les patins sont fondus dans un libellé de finition très long (4 niveaux) ; la même photo sert donc à deux « finitions ». Artek ne documente pas ce choix de patins sur sa page (à confirmer).","Options ; artek.fi rope-chair : « available in two versions »","Créer deux options : Finition (Noir / corde polyester noire ; Gris clair / corde lin naturel) et Patins (Feutre / Plastique) ; chaque photo reste liée à sa finition.",examen détaillé
à faire,moyen,Métachamps,MATERIAL_ARTEK,artek-rope-chair,Chaise Rope,,,custom.material vide.,"artek.fi : « Frame: Steel tube – Seat: beech plywood, ash veneer – Rope: Flax or Polyester »","custom.material = « Acier thermolaqué ; assise contreplaqué de hêtre plaqué frêne laqué ; corde lin ou polyester »",examen détaillé
à faire,moyen,Classement,MISSING_EXPECTED_SUB,artek-screen-100,Paravent 100,,,Type « Paravent » absent de la sous-catégorie attendue (objets-decoratifs-cadres ou rangement). Présent dans : parasols-ombrages.,Shopify Admin (29 septembre 2026),,contrôle automatique
à faire,moyen,Métachamps,NO_YEAR,artek-screen-100,Paravent 100,,,custom.year vide : année de création absente de la fiche.,Shopify Admin (29 septembre 2026),Renseigner custom.year avec l’année Artek (voir reference-artek.csv).,contrôle automatique
corrigé,moyen,Métachamps,NO_MATERIAL,artek-screen-100,Paravent 100,,,custom.material vide : aucune matière affichée.,Shopify Admin (29 septembre 2026),"Renseigner custom.material (matières Artek, voir reference-artek.csv).",contrôle automatique
corrigé,moyen,Variantes,LABEL_DIMENSIONS,artek-screen-100,Paravent 100,,,"« 100 x 200 cm » etc. : ordre non précisé (hauteur × longueur déroulée) et codes Artek absents ; un client peut lire largeur × hauteur (200 cm de haut).","artek.fi : « Screen 100D … Height: 100 cm » ; Factsheet « Total length 200 cm »","« 100D — H 100 × L 200 cm », « 100C — H 130 × L 200 cm », « 100B — H 150 × L 200 cm », « 100A — H 180 × L 200 cm » ; option « Hauteur ».",examen détaillé
corrigé,moyen,Description,DESC_EN_NAMES,artek-screen-100,Paravent 100,,,"Noms anglais « Screen 100 », « Screen 100B », « Screen 100A » sans explication des lettres ; espace manquant « pièce.Offrant ».",dossier description,"Expliquer « 100A (180 cm) … 100D (100 cm) », écrire « paravent 100 » ; corriger l'espace.",examen détaillé
à faire,moyen,Métachamps,YEAR_VALUE,artek-screen-100,Paravent 100,,,custom.year vide.,"https://www.artek.fi/en/products/screen-100 : « Alvar Aalto, 1936 »","custom.year = 1936 ; tag annees-1930.",examen détaillé
corrigé,moyen,Titre,TITLE_GENERIC,artek-secrets-of-finland,Accessoire Secrets of Finland,,,Titre construit « type + nom anglais » : « Accessoire Secrets of Finland ».,Shopify Admin (29 septembre 2026),,contrôle automatique
à faire,moyen,Métachamps,NO_MATERIAL,artek-secrets-of-finland,Accessoire Secrets of Finland,,,custom.material vide : aucune matière affichée.,Shopify Admin (29 septembre 2026),"Renseigner custom.material (matières Artek, voir reference-artek.csv).",contrôle automatique
corrigé,moyen,Description,DESC_SHORT,artek-secrets-of-finland,Accessoire Secrets of Finland,,,Description très courte (138 caractères).,Shopify Admin (29 septembre 2026),,contrôle automatique
à faire,moyen,Options,OPTION_VALUE_EN,artek-secrets-of-finland,Accessoire Secrets of Finland,,,Valeurs d’option en anglais/code : Pauper coin collector | Easter witch vase | Easter dog vase | Midsummer dream vase | Lucius candleholder | Lucia candleholder.,Shopify Admin (29 septembre 2026),,contrôle automatique
à faire,moyen,Photos,NO_AMBIANCE,artek-secrets-of-finland,Accessoire Secrets of Finland,,,Aucune photo de galerie hors variantes : la fiche n’a pas de bande de miniatures/ambiances.,Shopify Admin (29 septembre 2026),Ajouter au moins une photo d’ambiance Artek non liée à une variante.,contrôle automatique
corrigé,moyen,Titre,TITLE_NOT_PRODUCT,artek-secrets-of-finland,Accessoire Secrets of Finland,,,"Le titre « Accessoire Secrets of Finland » désigne une collection et non un produit. Il ne dit ni ce qu'est l'objet, ni sa matière, ni son créateur.",titre Admin,"Si la fiche reste unique : « Secrets of Finland — objets en céramique de COMPANY ». Sinon, un titre par objet, par exemple « Vase Midsummer Dream — Secrets of Finland ».",examen détaillé
corrigé,moyen,Description,DESC_WRONG_SCOPE,artek-secrets-of-finland,Accessoire Secrets of Finland,,,"La description est générique (« pièce de la collection Accessories d'Artek ») et garde un mot anglais. Elle ne mentionne ni COMPANY, ni la céramique faite main, ni la collection FIN/JPN Friendship de 2019, ni la tradition finlandaise qui a inspiré chaque objet.","description : « Secrets of Finland — pièce de la collection Accessories d'Artek… » ; texte Artek : « six handmade ceramic objects, each of which reflects a Finnish ritual associated with the season »","Rédiger une description en français à partir des textes Artek : duo COMPANY (Aamu Song et Johan Olin), 2019, six objets en céramique faite main, glaçure sable, un rituel finlandais par objet.",examen détaillé
corrigé,moyen,Métachamps,DIMENSIONS_ROUND_AS_RECT,artek-side-table-606,Table d'appoint 606,,,Les dimensions sont données en L × P pour une table à plateau rond et base en trois-quarts de lune.,"custom.dimensions « L 50 × P 40 × H 45 cm » ; artek.fi : cotes 40 / 50 / 45 ; plateau Ø 40, base Ø 50","« Plateau Ø 40 cm, base Ø 50 cm, H 45 cm ».",examen détaillé
corrigé,moyen,Métachamps,NO_MATERIAL,artek-side-table-915,Table d'appoint 915,,,custom.material vide : aucune matière affichée.,Shopify Admin (29 septembre 2026),"Renseigner custom.material (matières Artek, voir reference-artek.csv).",contrôle automatique
à faire,moyen,Métachamps,NO_YEAR,artek-siena-canvas-bag,Sac en toile Siena,,,custom.year vide : année de création absente de la fiche.,Shopify Admin (29 septembre 2026),Renseigner custom.year avec l’année Artek (voir reference-artek.csv).,contrôle automatique
corrigé,moyen,Métachamps,NO_USAGE,artek-siena-canvas-bag,Sac en toile Siena,,,custom.usage vide : le produit tombe dans « usage non renseigné » des filtres.,Shopify Admin (29 septembre 2026),Renseigner custom.usage = Intérieur (guide Artek : usage intérieur sauf mention contraire).,contrôle automatique
corrigé,moyen,Métachamps,DESIGNER_ONLY_TAG,artek-siena-canvas-bag,Sac en toile Siena,,,"Créateur seulement en tag (« alvar-aalto ») : custom.designer vide, donc aucun créateur affiché sur la fiche.",Shopify Admin (29 septembre 2026),Renseigner custom.designer ou retirer le tag si le créateur est faux.,contrôle automatique
à faire,moyen,Classement,MENU_TARGET,artek-siena-canvas-bag,Sac en toile Siena,,,Aucune sous-catégorie existante pour les sacs.,collections.json,Voir décision « Sacs & pochettes ».,examen détaillé
à faire,moyen,Métachamps,NO_YEAR,artek-siena-cushion-cover,Housse de coussin Siena,,,custom.year vide : année de création absente de la fiche.,Shopify Admin (29 septembre 2026),Renseigner custom.year avec l’année Artek (voir reference-artek.csv).,contrôle automatique
corrigé,moyen,Métachamps,NO_USAGE,artek-siena-cushion-cover,Housse de coussin Siena,,,custom.usage vide : le produit tombe dans « usage non renseigné » des filtres.,Shopify Admin (29 septembre 2026),Renseigner custom.usage = Intérieur (guide Artek : usage intérieur sauf mention contraire).,contrôle automatique
corrigé,moyen,Métachamps,DESIGNER_ONLY_TAG,artek-siena-cushion-cover,Housse de coussin Siena,,,"Créateur seulement en tag (« alvar-aalto ») : custom.designer vide, donc aucun créateur affiché sur la fiche.",Shopify Admin (29 septembre 2026),Renseigner custom.designer ou retirer le tag si le créateur est faux.,contrôle automatique
corrigé,moyen,Photos,VARIANT_ALT_MISMATCH,artek-siena-cushion-cover,Housse de coussin Siena,Blanc/noir / 50 × 50 cm,,Alt de l’image de variante « Housse de coussin Siena — Artek » sans rapport avec la finition « Blanc/noir / 50 × 50 cm ».,Shopify Admin (29 septembre 2026),,contrôle automatique
corrigé,moyen,Description,INSERT_NOT_INCLUDED,artek-siena-cushion-cover,Housse de coussin Siena,,,"Pas de mention « housse seule, garnissage vendu séparément » malgré des photos de coussins garnis.",Photos #1–#8,Ajouter la mention et un lien vers artek-inner-cushion.,examen détaillé
à faire,moyen,Métachamps,NO_MATERIAL,artek-siena-fabric,Tissu Siena (au mètre),,,custom.material vide : aucune matière affichée.,Shopify Admin (29 septembre 2026),"Renseigner custom.material (matières Artek, voir reference-artek.csv).",contrôle automatique
corrigé,moyen,Métachamps,NO_USAGE,artek-siena-fabric,Tissu Siena (au mètre),,,custom.usage vide : le produit tombe dans « usage non renseigné » des filtres.,Shopify Admin (29 septembre 2026),Renseigner custom.usage = Intérieur (guide Artek : usage intérieur sauf mention contraire).,contrôle automatique
corrigé,moyen,Photos,FEATURED_WEAK,artek-siena-fabric,Tissu Siena (au mètre),,,"La photo principale (#1) est le coloris Blanc/blanc : motif blanc sur blanc presque invisible sur la carte produit ; le coupon Siena utilise Blanc/noir, plus représentatif.",Planche #1 (packshot blanc/blanc) vs artek-siena-pre-cut-fabric #1 (blanc/noir),Mettre en principale la photo Blanc/noir (#6) et réordonner les variantes (Blanc/noir en premier).,examen détaillé
corrigé,moyen,Description,DESC_PRECUT_ON_METER,artek-siena-fabric,Tissu Siena (au mètre),,,"Même texte que le coupon : « Le tissu Siena en coton prédécoupé… La dimension du tissu est de 150 × 300 cm », puis « Vendu au mètre ».",Description Admin,"Supprimer les mentions de coupon ; préciser « 1 unité = 1 mètre linéaire, coupe d'un seul tenant ».",examen détaillé
corrigé,moyen,Métachamps,WIDTH_COATED_WRONG,artek-siena-fabric,Tissu Siena (au mètre),,,"Laize unique « 150 cm » annoncée ; le coton enduit acrylique fait 145 cm.",artek.fi siena-fabric : « Material 100% acrylic coated cotton Weight 220 g/m² Width 145 cm »,"custom.dimensions : « Laize 150 cm (coton, toile de coton) — 145 cm (coton enduit) — vendu au mètre ».",examen détaillé
à faire,moyen,Classement,MENU_TARGET,artek-siena-fabric,Tissu Siena (au mètre),,,Aucune sous-catégorie existante pour un tissu au mètre.,collections.json,Voir décision « Tissus & mercerie » (Rivi).,examen détaillé
à faire,moyen,Métachamps,NO_YEAR,artek-siena-pouch,Pochette Siena,,,custom.year vide : année de création absente de la fiche.,Shopify Admin (29 septembre 2026),Renseigner custom.year avec l’année Artek (voir reference-artek.csv).,contrôle automatique
corrigé,moyen,Métachamps,NO_USAGE,artek-siena-pouch,Pochette Siena,,,custom.usage vide : le produit tombe dans « usage non renseigné » des filtres.,Shopify Admin (29 septembre 2026),Renseigner custom.usage = Intérieur (guide Artek : usage intérieur sauf mention contraire).,contrôle automatique
corrigé,moyen,Métachamps,DESIGNER_ONLY_TAG,artek-siena-pouch,Pochette Siena,,,"Créateur seulement en tag (« alvar-aalto ») : custom.designer vide, donc aucun créateur affiché sur la fiche.",Shopify Admin (29 septembre 2026),Renseigner custom.designer ou retirer le tag si le créateur est faux.,contrôle automatique
à faire,moyen,Classement,MENU_TARGET,artek-siena-pouch,Pochette Siena,,,Aucune sous-catégorie existante pour les pochettes.,collections.json,Voir décision « Sacs & pochettes ».,examen détaillé
à faire,moyen,Métachamps,NO_MATERIAL,artek-siena-pre-cut-fabric,Coupon de tissu Siena (150 × 300 cm),,,custom.material vide : aucune matière affichée.,Shopify Admin (29 septembre 2026),"Renseigner custom.material (matières Artek, voir reference-artek.csv).",contrôle automatique
corrigé,moyen,Métachamps,NO_USAGE,artek-siena-pre-cut-fabric,Coupon de tissu Siena (150 × 300 cm),,,custom.usage vide : le produit tombe dans « usage non renseigné » des filtres.,Shopify Admin (29 septembre 2026),Renseigner custom.usage = Intérieur (guide Artek : usage intérieur sauf mention contraire).,contrôle automatique
corrigé,moyen,Métachamps,NO_ORIGIN,artek-siena-pre-cut-fabric,Coupon de tissu Siena (150 × 300 cm),,,custom.origin vide : pays de fabrication absent de la fiche.,Shopify Admin (29 septembre 2026),Renseigner custom.origin et custom.country_of_origin avec le « Made in » Artek.,contrôle automatique
corrigé,moyen,Titre,COATED_SIZE_WRONG,artek-siena-pre-cut-fabric,Coupon de tissu Siena (150 × 300 cm),,,"« 150 × 300 cm » annoncé pour toutes les qualités ; le coton enduit a une laize de 145 cm.",artek.fi siena-fabric : « acrylic coated cotton … Width 145 cm »,"custom.dimensions : « 150 × 300 cm (coton, toile) — 145 × 300 cm (coton enduit) ».",examen détaillé
à faire,moyen,Classement,MENU_TARGET,artek-siena-pre-cut-fabric,Coupon de tissu Siena (150 × 300 cm),,,Aucune sous-catégorie existante pour un coupon de tissu.,collections.json,Voir décision « Tissus & mercerie ».,examen détaillé
à faire,moyen,Métachamps,NO_YEAR,artek-siena-tray,Plateau Siena,,,custom.year vide : année de création absente de la fiche.,Shopify Admin (29 septembre 2026),Renseigner custom.year avec l’année Artek (voir reference-artek.csv).,contrôle automatique
corrigé,moyen,Métachamps,NO_USAGE,artek-siena-tray,Plateau Siena,,,custom.usage vide : le produit tombe dans « usage non renseigné » des filtres.,Shopify Admin (29 septembre 2026),Renseigner custom.usage = Intérieur (guide Artek : usage intérieur sauf mention contraire).,contrôle automatique
corrigé,moyen,Métachamps,DESIGNER_ONLY_TAG,artek-siena-tray,Plateau Siena,,,"Créateur seulement en tag (« alvar-aalto ») : custom.designer vide, donc aucun créateur affiché sur la fiche.",Shopify Admin (29 septembre 2026),Renseigner custom.designer ou retirer le tag si le créateur est faux.,contrôle automatique
corrigé,moyen,Métachamps,NO_YEAR,artek-stool-60,Tabouret 60,,,custom.year vide : année de création absente de la fiche.,Shopify Admin (29 septembre 2026),Renseigner custom.year avec l’année Artek (voir reference-artek.csv).,contrôle automatique
corrigé,moyen,Métachamps,NO_MATERIAL,artek-stool-60,Tabouret 60,,,custom.material vide : aucune matière affichée.,Shopify Admin (29 septembre 2026),"Renseigner custom.material (matières Artek, voir reference-artek.csv).",contrôle automatique
corrigé,moyen,Métachamps,YEAR_ONLY_IN_SEO,artek-stool-60,Tabouret 60,,,Année 1933 présente dans le SEO mais pas dans custom.year.,Shopify Admin (29 septembre 2026),Reporter l’année dans custom.year après vérification.,contrôle automatique
à faire,moyen,Photos,LOW_RES,artek-stool-60,Tabouret 60,,,Image basse définition 882×882 (variante) : packshot-e01e0255019639aedaa350c2702d0f61.png.,Shopify Admin (29 septembre 2026),Remplacer par l’original haute définition (≥ 1 500 px).,contrôle automatique
corrigé,moyen,Variantes,LACQUER_LABEL_AMBIGUOUS,artek-stool-60,Tabouret 60,,,"Les libellés « Laqué orange / jaune / vert / pétrole / rouge / bleu / gris » désignent chez Artek des pieds en bouleau verni naturel avec seule l'assise laquée (photos conformes), alors que « Laqué blanc » et « Laqué noir », écrits de la même façon, désignent un tabouret entièrement laqué (pieds + assise). En parallèle « Verni naturel / laqué noir|blanc » désigne l'assise seule. Le client ne peut pas deviner, à la seule lecture, que « Laqué orange » a des pieds naturels et que « Laqué noir » a des pieds noirs.","artek.fi stool-60 : « Legs: birch, clear lacquer / Seat: birch, orange lacquer » vs « Legs: birch, black lacquer / Seat: birch, black lacquer » ; fiche PDF https://www.artek.fi/downloads/Stool-60-Stool-E60-Childrens-Stool-NE60-Factsheet-1842298.pdf : « 60, E60 also lacquered in white and black »","Renommer de façon systématique : « Pieds naturels / assise laquée orange » (idem jaune, vert, pétrole, rouge, bleu, gris, blanc, noir) et « Entièrement laqué blanc » / « Entièrement laqué noir ». Idem pour « Lamifié blanc » → « Pieds naturels / assise lamifiée blanche », « Linoléum noir » → « Pieds naturels / assise linoléum noir ». Mettre les alts à jour en conséquence.",examen détaillé
corrigé,moyen,Photos,GALLERY_UNSOLD_FINISH,artek-stool-60,Tabouret 60,,#21,"La photo de galerie #21 est un packshot d'un Tabouret 60 à assise rose pâle, finition qui n'est proposée ni par la fiche ni dans la liste de variantes Artek actuelle. Non liée à une variante, elle apparaît dans la bande « ambiances » et laisse croire qu'un rose existe.","Photo #21, fichier Stool-60_birch-pale-pink_web…jpg ; absent de la liste des variantes artek.fi/en/products/stool-60","Supprimer la photo #21 (ou ne la garder que si la finition rose est réellement commandable, en créant alors la variante).",examen détaillé
corrigé,moyen,Métachamps,NO_YEAR,artek-stool-e60,Tabouret E60,,,custom.year vide : année de création absente de la fiche.,Shopify Admin (29 septembre 2026),Renseigner custom.year avec l’année Artek (voir reference-artek.csv).,contrôle automatique
à faire,moyen,Métachamps,NO_MATERIAL,artek-stool-e60,Tabouret E60,,,custom.material vide : aucune matière affichée.,Shopify Admin (29 septembre 2026),"Renseigner custom.material (matières Artek, voir reference-artek.csv).",contrôle automatique
corrigé,moyen,Photos,VARIANT_ALT_MISMATCH,artek-stool-e60,Tabouret E60,Bouleau sauvage,,Alt de l’image de variante « Tabouret E60 — Artek » sans rapport avec la finition « Bouleau sauvage ».,Shopify Admin (29 septembre 2026),,contrôle automatique
à faire,moyen,Photos,LOW_RES,artek-stool-e60,Tabouret E60,,,Image basse définition 925×925 (variante) : packshot-76bca4ffa95ed6008d9355fbf890ca3c.png.,Shopify Admin (29 septembre 2026),Remplacer par l’original haute définition (≥ 1 500 px).,contrôle automatique
corrigé,moyen,Variantes,LACQUER_LABEL_AMBIGUOUS,artek-stool-e60,Tabouret E60,,,"Les libellés « Laqué orange / jaune / vert / pétrole / rouge / bleu / gris » désignent chez Artek des pieds en bouleau verni naturel avec seule l'assise laquée (photos conformes), alors que « Laqué blanc » et « Laqué noir », écrits de la même façon, désignent un tabouret entièrement laqué (pieds + assise). En parallèle « Verni naturel / laqué noir|blanc » désigne l'assise seule. Le client ne peut pas deviner, à la seule lecture, que « Laqué orange » a des pieds naturels et que « Laqué noir » a des pieds noirs.","artek.fi stool-e60 : « Legs: birch, clear lacquer / Seat: birch, orange lacquer » vs « Legs: birch, black lacquer / Seat: birch, black lacquer » ; fiche PDF https://www.artek.fi/downloads/Stool-60-Stool-E60-Childrens-Stool-NE60-Factsheet-1842298.pdf : « 60, E60 also lacquered in white and black »","Renommer de façon systématique : « Pieds naturels / assise laquée orange » (idem jaune, vert, pétrole, rouge, bleu, gris, blanc, noir) et « Entièrement laqué blanc » / « Entièrement laqué noir ». Idem pour « Lamifié blanc » → « Pieds naturels / assise lamifiée blanche », « Linoléum noir » → « Pieds naturels / assise linoléum noir ». Mettre les alts à jour en conséquence.",examen détaillé
corrigé,moyen,Description,YEAR_MISSING,artek-stool-e60,Tabouret E60,,,"La description et le SEO ne donnent pas l'année de création (1934) ; la seule année citée est 2024 (garantie), ce qui peut être lu comme une date de création.","Description : « bénéficie d'une garantie à vie depuis 2024 » ; artek.fi : « Alvar Aalto, 1934 »","Ajouter « dessiné en 1934 » dans la description et « (1934) » dans la méta-description ; custom.year = 1934 ; ajouter le tag « annees-1930 » (présent sur Tabouret 60 et NE60).",examen détaillé
corrigé,moyen,Métachamps,NO_YEAR,artek-table-90d,Table basse 90D,,,custom.year vide : année de création absente de la fiche.,Shopify Admin (29 septembre 2026),Renseigner custom.year avec l’année Artek (voir reference-artek.csv).,contrôle automatique
corrigé,moyen,Métachamps,NO_MATERIAL,artek-table-90d,Table basse 90D,,,custom.material vide : aucune matière affichée.,Shopify Admin (29 septembre 2026),"Renseigner custom.material (matières Artek, voir reference-artek.csv).",contrôle automatique
corrigé,moyen,Métachamps,YEAR_ONLY_IN_SEO,artek-table-90d,Table basse 90D,,,Année 1933 présente dans le SEO mais pas dans custom.year.,Shopify Admin (29 septembre 2026),Reporter l’année dans custom.year après vérification.,contrôle automatique
à faire,moyen,Photos,NO_AMBIANCE,artek-table-90d,Table basse 90D,,,Aucune photo de galerie hors variantes : la fiche n’a pas de bande de miniatures/ambiances.,Shopify Admin (29 septembre 2026),Ajouter au moins une photo d’ambiance Artek non liée à une variante.,contrôle automatique
corrigé,moyen,Métachamps,ORIGIN_BIRCH_TOP,artek-table-90d,Table basse 90D,Bouleau,,« Fabriqué en Finlande » est inexact pour la finition Bouleau : Artek indique que les tables à plateau placage bouleau sont fabriquées en Finlande et en Allemagne.,"artek.fi/table-90d : « Tables with birch veneer top: Made in Finland and Germany ; HPL top / linoleum top: Made in Finland »","custom.origin = « Fabriqué en Finlande (plateau bouleau : Finlande et Allemagne) », ou le préciser dans la description.",examen détaillé
corrigé,moyen,Classement,TROLLEY_TYPE,artek-tea-trolley-900,Table basse Tea Trolley 900,,,Desserte typée « Table basse » : elle n'entre pas dans « Dessertes et chariots » et apparaît parmi les tables basses.,Shopify Admin (29 septembre 2026),,contrôle automatique
corrigé,moyen,Titre,TITLE_TROLLEY_AS_COFFEE_TABLE,artek-tea-trolley-900,Table basse Tea Trolley 900,,,Le titre et le titre SEO présentent une desserte à roulettes comme une « Table basse ».,"Titre « Table basse Tea Trolley 900 » ; SEO « Table basse Tea Trolley 900 Alvar Aalto » ; artek.fi : « Tea Trolley » ; description : « La desserte à thé… »","Titre « Desserte Tea Trolley 900 » (SEO : « Desserte Tea Trolley 900 Alvar Aalto (1937) — Artek | Mikado Deco »), en même temps que le passage au type « Desserte » (constat automatique TROLLEY_TYPE).",examen détaillé
corrigé,moyen,Photos,GALLERY_PRODUCT_BARELY_VISIBLE,artek-tea-trolley-900,Table basse Tea Trolley 900,,"#4, #5","Les ambiances #4 et #5 montrent une table 91 et des chaises en noyer ; la desserte n'apparaît que coupée au bord droit.","#4 Artek_table_91_chair_69_walnut_stained.jpg, #5 Aalto-table-91-walnut_pendant-light-a201-black_domus-chair_web.jpg (planche-contact)","Retirer #4 et #5 ou les placer après #2 et #3, où la desserte est le sujet.",examen détaillé
corrigé,moyen,Classement,TROLLEY_TYPE,artek-tea-trolley-901,Table basse Tea Trolley 901,,,Desserte typée « Table basse » : elle n'entre pas dans « Dessertes et chariots » et apparaît parmi les tables basses.,Shopify Admin (29 septembre 2026),,contrôle automatique
corrigé,moyen,Photos,GALLERY_UNSOLD_FINISH,artek-tea-trolley-901,Table basse Tea Trolley 901,,#8,"L'ambiance #8 est un gros plan d'une 901 à plateau linoléum clair ou crème, une finition non vendue ici (ancienne version claire Hella Jongerius ou linoléum blanc).","#8 2114279_Tea_trolley_901_white_linoleum_web.jpg ; PDF Artek 2015 : « Light Version: Top tray: cream linoleum »",Retirer #8.,examen détaillé
corrigé,moyen,Titre,TITLE_TROLLEY_AS_COFFEE_TABLE,artek-tea-trolley-901,Table basse Tea Trolley 901,,,Le titre et le SEO appellent la desserte « Table basse ».,Titre « Table basse Tea Trolley 901 »,"« Desserte Tea Trolley 901 », avec le type « Desserte ».",examen détaillé
corrigé,moyen,Métachamps,NO_MATERIAL,artek-trienna-table,Table basse Trienna,,,custom.material vide : aucune matière affichée.,Shopify Admin (29 septembre 2026),"Renseigner custom.material (matières Artek, voir reference-artek.csv).",contrôle automatique
corrigé,moyen,Métachamps,NO_YEAR,artek-tupla-wall-hook,Patère murale Tupla,,,custom.year vide : année de création absente de la fiche.,Shopify Admin (29 septembre 2026),Renseigner custom.year avec l’année Artek (voir reference-artek.csv).,contrôle automatique
à faire,moyen,Métachamps,NO_MATERIAL,artek-tupla-wall-hook,Patère murale Tupla,,,custom.material vide : aucune matière affichée.,Shopify Admin (29 septembre 2026),"Renseigner custom.material (matières Artek, voir reference-artek.csv).",contrôle automatique
corrigé,moyen,Métachamps,YEAR_ONLY_IN_SEO,artek-tupla-wall-hook,Patère murale Tupla,,,Année 2020 présente dans le SEO mais pas dans custom.year.,Shopify Admin (29 septembre 2026),Reporter l’année dans custom.year après vérification.,contrôle automatique
corrigé,moyen,Métachamps,YEAR_VALUE,artek-tupla-wall-hook,Patère murale Tupla,,,custom.year vide alors que 2020 est cité partout.,"https://www.artek.fi/en/products/tupla-wall-hook : « Ronan & Erwan Bouroullec, 2020 »",custom.year = 2020.,examen détaillé
corrigé,moyen,Métachamps,NO_YEAR,artek-wall-light-a330s-eu,Applique A330S,,,custom.year vide : année de création absente de la fiche.,Shopify Admin (29 septembre 2026),Renseigner custom.year avec l’année Artek (voir reference-artek.csv).,contrôle automatique
à faire,moyen,Métachamps,NO_MATERIAL,artek-wall-light-a330s-eu,Applique A330S,,,custom.material vide : aucune matière affichée.,Shopify Admin (29 septembre 2026),"Renseigner custom.material (matières Artek, voir reference-artek.csv).",contrôle automatique
corrigé,moyen,Métachamps,YEAR_ONLY_IN_SEO,artek-wall-light-a330s-eu,Applique A330S,,,Année 1937 présente dans le SEO mais pas dans custom.year.,Shopify Admin (29 septembre 2026),Reporter l’année dans custom.year après vérification.,contrôle automatique
à faire,moyen,Métachamps,ELEC_DATA_MISSING,artek-wall-light-a330s-eu,Applique A330S,,,"Aucune donnée électrique renseignée (custom.lighting_type, light_source_type, power_w, voltage_v, cable_details, ip_rating, safety_class vides) alors que 5 fiches Artek voisines les affichent.","Dossier : aucun métachamp custom.lighting_type… ; site.api sans lightingType/power ; https://www.artek.fi/en/products/wall-light-a330s-golden-bell (Materials and Dimensions).","Renseigner : lighting_type = Applique ; light_source_type = Douille E27 ; power_w = LED 4-6 W recommandée ; voltage_v = 220-240 V · 50 Hz ; cable_details = Fiche Euro · Câble visible 250 cm · Interrupteur sur câble à 60 cm sous la platine ; ip_rating = IP20 ; safety_class = Classe II.",examen détaillé
à faire,moyen,Métachamps,NO_MATERIAL,artek-wall-light-a910,Applique A910,,,custom.material vide : aucune matière affichée.,Shopify Admin (29 septembre 2026),"Renseigner custom.material (matières Artek, voir reference-artek.csv).",contrôle automatique
corrigé,moyen,Site,SITE_DESIGNER,artek-wall-light-a910,Applique A910,,,Créateur publié «  » ≠ Admin « Alvar Aalto ».,Shopify Admin (29 septembre 2026),,contrôle automatique
à faire,moyen,Métachamps,ELEC_DATA_MISSING,artek-wall-light-a910,Applique A910,,,"Aucune donnée électrique renseignée (custom.lighting_type, light_source_type, power_w, voltage_v, cable_details, ip_rating, safety_class vides) alors que 5 fiches Artek voisines les affichent.","Dossier : aucun métachamp custom.lighting_type… ; site.api sans lightingType/power ; https://www.artek.fi/en/products/wall-light-a910 (Materials and Dimensions).","Renseigner : lighting_type = Applique ; light_source_type = Douille E27 ; power_w = 60 W max (incandescence) ; voltage_v = 220-240 V · 50 Hz ; cable_details = Fiche Schuko · Câble plastique blanc · 250 cm ; ip_rating = IP20 ; safety_class = Classe I.",examen détaillé
corrigé,moyen,Métachamps,NO_MATERIAL,artek-wall-shelf-112,Étagère murale 112,,,custom.material vide : aucune matière affichée.,Shopify Admin (29 septembre 2026),"Renseigner custom.material (matières Artek, voir reference-artek.csv).",contrôle automatique
corrigé,moyen,Métachamps,MATERIAL_VALUE,artek-wall-shelf-112,Étagère murale 112,,,Matière absente alors qu'elle est connue.,"artek.fi Materials: « Form-bent solid birch lamella », « Birch veneer »","custom.material = « Supports en bouleau massif lamellé cintré, tablette en placage de bouleau ».",examen détaillé
à faire,moyen,Métachamps,NO_YEAR,artek-webbing,Sangle en lin (au mètre),,,custom.year vide : année de création absente de la fiche.,Shopify Admin (29 septembre 2026),Renseigner custom.year avec l’année Artek (voir reference-artek.csv).,contrôle automatique
corrigé,moyen,Métachamps,NO_USAGE,artek-webbing,Sangle en lin (au mètre),,,custom.usage vide : le produit tombe dans « usage non renseigné » des filtres.,Shopify Admin (29 septembre 2026),Renseigner custom.usage = Intérieur (guide Artek : usage intérieur sauf mention contraire).,contrôle automatique
corrigé,moyen,Métachamps,NO_ORIGIN,artek-webbing,Sangle en lin (au mètre),,,custom.origin vide : pays de fabrication absent de la fiche.,Shopify Admin (29 septembre 2026),Renseigner custom.origin et custom.country_of_origin avec le « Made in » Artek.,contrôle automatique
à faire,moyen,Photos,LOW_RES,artek-webbing,Sangle en lin (au mètre),,,Image basse définition 447×447 (variante) : packshot-7f232f7c47fae2b90adf2b23e24a8a76.png.,Shopify Admin (29 septembre 2026),Remplacer par l’original haute définition (≥ 1 500 px).,contrôle automatique
à faire,moyen,Photos,LOW_RES,artek-webbing,Sangle en lin (au mètre),,,Image basse définition 500×500 (variante) : Artek-Webbing-natural_red_web.jpg.,Shopify Admin (29 septembre 2026),Remplacer par l’original haute définition (≥ 1 500 px).,contrôle automatique
à faire,moyen,Photos,LOW_RES,artek-webbing,Sangle en lin (au mètre),,,Image basse définition 500×500 (variante) : Artek-Webbing-natural_black_web.jpg.,Shopify Admin (29 septembre 2026),Remplacer par l’original haute définition (≥ 1 500 px).,contrôle automatique
à faire,moyen,Photos,LOW_RES,artek-webbing,Sangle en lin (au mètre),,,Image basse définition 500×500 (variante) : Artek-Webbing-black_black_web.jpg.,Shopify Admin (29 septembre 2026),Remplacer par l’original haute définition (≥ 1 500 px).,contrôle automatique
à faire,moyen,Photos,LOW_RES,artek-webbing,Sangle en lin (au mètre),,,Image basse définition 500×500 (variante) : Artek-Webbing-black_brown_web.jpg.,Shopify Admin (29 septembre 2026),Remplacer par l’original haute définition (≥ 1 500 px).,contrôle automatique
à faire,moyen,Photos,LOW_RES,artek-webbing,Sangle en lin (au mètre),,,Image basse définition 500×500 (variante) : Artek-Webbing-black_blue_web.jpg.,Shopify Admin (29 septembre 2026),Remplacer par l’original haute définition (≥ 1 500 px).,contrôle automatique
corrigé,moyen,SEO,SEO_EN_DESIGNER,artek-webbing,Sangle en lin (au mètre),,,"Méta-description « Sangle Webbing (au mètre) par Alvar Aalto » : reste d'anglais et attribution de création à Aalto pour un matériau ; titre SEO « Sangle en lin (au mètre) Alvar Aalto ».","SEO Admin ; shop.artek.fi : « Early in his career, Alvar Aalto adopted webbing belts… » (adoption, pas dessin)","Titre SEO « Sangle en lin Artek au mètre — Mikado Deco » ; méta « Sangle 100 % lin, largeur 5 cm, pour regarnir les chaises et fauteuils Aalto à sangles (611, 45, 406…). »",examen détaillé
corrigé,moyen,Description,DESC_DEAD_REFERENCE,artek-webbing,Sangle en lin (au mètre),,,« Vous trouverez le métrage de sangle nécessaire pour chaque modèle de chaise dans la section matériaux et dimensions » : cette section n'existe pas sur la fiche Mikado (texte traduit de shop.artek.fi).,"Description Admin ; shop.artek.fi/products/linen-webbing (même phrase)",Remplacer par un lien vers le guide Artek (artek.fi/en/guides/re-webbing-guide) ou indiquer les métrages par modèle.,examen détaillé
corrigé,moyen,Métachamps,WIDTH_ORIGIN_VALUE,artek-webbing,Sangle en lin (au mètre),,,Précision pour NO_DIMENSIONS / NO_ORIGIN : valeurs Artek.,"shop.artek.fi : « Width 5 cm, 1 unit = 1 meter », « Made in Germany »","custom.dimensions « Largeur 5 cm — vendu au mètre » ; custom.origin « Fabriqué en Allemagne » ; tag made-in-allemagne.",examen détaillé
à faire,moyen,Classement,MENU_TARGET,artek-webbing,Sangle en lin (au mètre),,,Aucune sous-catégorie existante (pièce détachée / mercerie).,collections.json,Voir décision « Tissus & mercerie ».,examen détaillé
à faire,moyen,Métachamps,NO_YEAR,artek-zebra-cushion-cover,Housse de coussin Zebra,,,custom.year vide : année de création absente de la fiche.,Shopify Admin (29 septembre 2026),Renseigner custom.year avec l’année Artek (voir reference-artek.csv).,contrôle automatique
corrigé,moyen,Métachamps,NO_USAGE,artek-zebra-cushion-cover,Housse de coussin Zebra,,,custom.usage vide : le produit tombe dans « usage non renseigné » des filtres.,Shopify Admin (29 septembre 2026),Renseigner custom.usage = Intérieur (guide Artek : usage intérieur sauf mention contraire).,contrôle automatique
corrigé,moyen,Variantes,COLOR_NOT_STATED,artek-zebra-cushion-cover,Housse de coussin Zebra,,,"Aucune option de coloris : noir/blanc implicite ; Artek propose aussi marron/blanc et un format 40 × 60 cm.","shop.artek.fi : variantes « zebra black/white », « zebra brown/white » ; artek.fi zebra-* : « Available in black and white or brown and white » ; shop.artek.fi/products/zebra-cushion-cover-40x60-cm","Ajouter l'option « Coloris » = Noir/blanc (et Marron/blanc si référencé) ; 40 × 60 en option facultative.",examen détaillé
corrigé,moyen,Description,INSERT_NOT_INCLUDED,artek-zebra-cushion-cover,Housse de coussin Zebra,,,"Pas de mention « housse seule, garnissage vendu séparément ».",Photos #1/#4 (coussins garnis),Ajouter la mention et un lien vers artek-inner-cushion.,examen détaillé
à faire,moyen,Métachamps,YEAR_VALUE,artek-zebra-cushion-cover,Housse de coussin Zebra,,,Précision pour NO_YEAR / NO_DESIGNER.,"artek.fi zebra-cushion-cover « 1936 » ; collection Zebra","Ne pas écrire « par Aino Aalto » : « Tissu Zebra (anonyme, repéré par Aino Aalto en 1935) ». Laisser custom.designer vide ou « Anonyme » ; remplacer le tag aino-aalto par un texte descriptif, ou le garder uniquement si la page créateur explique « sélection d'Aino Aalto ». custom.year 1936.",examen détaillé
corrigé,moyen,Métachamps,NO_YEAR,artek-zebra-fabric,Tissu Zebra (au mètre),,,custom.year vide : année de création absente de la fiche.,Shopify Admin (29 septembre 2026),Renseigner custom.year avec l’année Artek (voir reference-artek.csv).,contrôle automatique
à faire,moyen,Métachamps,NO_MATERIAL,artek-zebra-fabric,Tissu Zebra (au mètre),,,custom.material vide : aucune matière affichée.,Shopify Admin (29 septembre 2026),"Renseigner custom.material (matières Artek, voir reference-artek.csv).",contrôle automatique
corrigé,moyen,Métachamps,NO_USAGE,artek-zebra-fabric,Tissu Zebra (au mètre),,,custom.usage vide : le produit tombe dans « usage non renseigné » des filtres.,Shopify Admin (29 septembre 2026),Renseigner custom.usage = Intérieur (guide Artek : usage intérieur sauf mention contraire).,contrôle automatique
corrigé,moyen,Métachamps,NO_ORIGIN,artek-zebra-fabric,Tissu Zebra (au mètre),,,custom.origin vide : pays de fabrication absent de la fiche.,Shopify Admin (29 septembre 2026),Renseigner custom.origin et custom.country_of_origin avec le « Made in » Artek.,contrôle automatique
à faire,moyen,Métachamps,MATERIAL_ORIGIN_VALUE,artek-zebra-fabric,Tissu Zebra (au mètre),,,Précision pour NO_MATERIAL / NO_ORIGIN / NO_YEAR.,"shop.artek.fi/products/zebra-fabric : « Materials: 58% wool, 36% cotton, 6% polyester », « Made in Germany », « Anonymous », tissage double jacquard","custom.material « 58 % laine, 36 % coton, 6 % polyester (double jacquard) » ; custom.origin « Fabriqué en Allemagne » ; custom.year 1936 ; tag annees-1930.",examen détaillé
à faire,moyen,Classement,MENU_TARGET,artek-zebra-fabric,Tissu Zebra (au mètre),,,Aucune sous-catégorie existante pour un tissu au mètre.,collections.json,Voir décision « Tissus & mercerie ».,examen détaillé
corrigé,moyen,Métachamps,NO_YEAR,artek-zebra-pouch,Pochette Zebra,,,custom.year vide : année de création absente de la fiche.,Shopify Admin (29 septembre 2026),Renseigner custom.year avec l’année Artek (voir reference-artek.csv).,contrôle automatique
corrigé,moyen,Métachamps,NO_USAGE,artek-zebra-pouch,Pochette Zebra,,,custom.usage vide : le produit tombe dans « usage non renseigné » des filtres.,Shopify Admin (29 septembre 2026),Renseigner custom.usage = Intérieur (guide Artek : usage intérieur sauf mention contraire).,contrôle automatique
corrigé,moyen,Variantes,COLOR_NOT_STATED,artek-zebra-pouch,Pochette Zebra,,,"Seule l'option Dimensions existe ; coloris noir/blanc implicite, marron/blanc absent.","shop.artek.fi : variantes « zebra black/white », « zebra brown/white » ; artek.fi zebra-* : « Available in black and white or brown and white »","Ajouter l'option « Coloris » (Noir/blanc ; Marron/blanc si référencé).",examen détaillé
à faire,moyen,Classement,MENU_TARGET,artek-zebra-pouch,Pochette Zebra,,,Aucune sous-catégorie existante pour les pochettes.,collections.json,Voir décision « Sacs & pochettes ».,examen détaillé
à faire,moyen,Métachamps,NO_YEAR,artek-zebra-seat-cushion,Coussin d'assise Zebra,,,custom.year vide : année de création absente de la fiche.,Shopify Admin (29 septembre 2026),Renseigner custom.year avec l’année Artek (voir reference-artek.csv).,contrôle automatique
corrigé,moyen,Métachamps,NO_USAGE,artek-zebra-seat-cushion,Coussin d'assise Zebra,,,custom.usage vide : le produit tombe dans « usage non renseigné » des filtres.,Shopify Admin (29 septembre 2026),Renseigner custom.usage = Intérieur (guide Artek : usage intérieur sauf mention contraire).,contrôle automatique
corrigé,moyen,Métachamps,DESIGNER_ONLY_TAG,artek-zebra-seat-cushion,Coussin d'assise Zebra,,,"Créateur seulement en tag (« aino-aalto ») : custom.designer vide, donc aucun créateur affiché sur la fiche.",Shopify Admin (29 septembre 2026),Renseigner custom.designer ou retirer le tag si le créateur est faux.,contrôle automatique
corrigé,moyen,Métachamps,NO_YEAR,artek-zebra-tote-bag,Sac cabas Zebra,,,custom.year vide : année de création absente de la fiche.,Shopify Admin (29 septembre 2026),Renseigner custom.year avec l’année Artek (voir reference-artek.csv).,contrôle automatique
corrigé,moyen,Métachamps,NO_USAGE,artek-zebra-tote-bag,Sac cabas Zebra,,,custom.usage vide : le produit tombe dans « usage non renseigné » des filtres.,Shopify Admin (29 septembre 2026),Renseigner custom.usage = Intérieur (guide Artek : usage intérieur sauf mention contraire).,contrôle automatique
à faire,moyen,Classement,MENU_TARGET,artek-zebra-tote-bag,Sac cabas Zebra,,,Aucune sous-catégorie existante pour les sacs.,collections.json,Voir décision « Sacs & pochettes ».,examen détaillé
à faire,moyen,Métachamps,NO_YEAR,cache-pot-riihitie-20-5-x-16-cm,Cache-pot Riihitie 21 × 16 cm,,,custom.year vide : année de création absente de la fiche.,Shopify Admin (29 septembre 2026),Renseigner custom.year avec l’année Artek (voir reference-artek.csv).,contrôle automatique
corrigé,moyen,Métachamps,NO_MATERIAL,cache-pot-riihitie-20-5-x-16-cm,Cache-pot Riihitie 21 × 16 cm,,,custom.material vide : aucune matière affichée.,Shopify Admin (29 septembre 2026),"Renseigner custom.material (matières Artek, voir reference-artek.csv).",contrôle automatique
corrigé,moyen,Métachamps,NO_ORIGIN,cache-pot-riihitie-20-5-x-16-cm,Cache-pot Riihitie 21 × 16 cm,,,custom.origin vide : pays de fabrication absent de la fiche.,Shopify Admin (29 septembre 2026),Renseigner custom.origin et custom.country_of_origin avec le « Made in » Artek.,contrôle automatique
à faire,moyen,Métachamps,YEAR_ONLY_IN_SEO,cache-pot-riihitie-20-5-x-16-cm,Cache-pot Riihitie 21 × 16 cm,,,Année 1937 présente dans le SEO mais pas dans custom.year.,Shopify Admin (29 septembre 2026),Reporter l’année dans custom.year après vérification.,contrôle automatique
à faire,moyen,Description,DESC_DUP,cache-pot-riihitie-20-5-x-16-cm,Cache-pot Riihitie 21 × 16 cm,,,"Description identique à cache-pot-riihitie-28-x-23-cm, cache-pot-riihitie-40-x-27-cm.",Shopify Admin (29 septembre 2026),Rédiger une description propre à chaque taille/version.,contrôle automatique
à faire,moyen,Photos,LOW_RES,cache-pot-riihitie-20-5-x-16-cm,Cache-pot Riihitie 21 × 16 cm,,,Image basse définition 642×642 (variante) : packshot-60e6094b3a5b317ecee608ef0a848be5.png.,Shopify Admin (29 septembre 2026),Remplacer par l’original haute définition (≥ 1 500 px).,contrôle automatique
à faire,moyen,Titre,TITLE_SIZE,cache-pot-riihitie-20-5-x-16-cm,Cache-pot Riihitie 21 × 16 cm,,,"Le titre « 21 × 16 cm » arrondit la forme A (20,5 × 16) et ne correspond pas à la forme B (19 × 16), vendue sur la même fiche. Le handle dit « 20-5 », le titre « 21 ». Artek nomme les tailles « small », « medium » et « large ».","titre ; handle cache-pot-riihitie-20-5-x-16-cm ; custom.dimensions « Forme A : H 12 × 20,5 × 16 cm · Forme B : H 12 × 19 × 16 cm » ; dessins artek.fi","« Cache-pot Riihitie petit (formes A et B) », avec les cotes exactes dans custom.dimensions (déjà correctes). Ne pas changer le handle sans redirection.",examen détaillé
à faire,moyen,Métachamps,FACTS_MISSING,cache-pot-riihitie-20-5-x-16-cm,Cache-pot Riihitie 21 × 16 cm,,,"Précision sur NO_YEAR, NO_ORIGIN et NO_MATERIAL.","artek.fi riihitie-plant-pot-a : « Aino Aalto, 1937 », « Handmade ceramic », « Indoor use only », « Made in Portugal »","custom.year = 1937 ; custom.origin = « Fabriqué au Portugal » ; custom.material = « Céramique émaillée faite main » ; custom.usage = Intérieur (déjà renseigné).",examen détaillé
à faire,moyen,Métachamps,NO_YEAR,cache-pot-riihitie-28-x-23-cm,Cache-pot Riihitie 28 × 23 cm,,,custom.year vide : année de création absente de la fiche.,Shopify Admin (29 septembre 2026),Renseigner custom.year avec l’année Artek (voir reference-artek.csv).,contrôle automatique
corrigé,moyen,Métachamps,NO_MATERIAL,cache-pot-riihitie-28-x-23-cm,Cache-pot Riihitie 28 × 23 cm,,,custom.material vide : aucune matière affichée.,Shopify Admin (29 septembre 2026),"Renseigner custom.material (matières Artek, voir reference-artek.csv).",contrôle automatique
corrigé,moyen,Métachamps,NO_ORIGIN,cache-pot-riihitie-28-x-23-cm,Cache-pot Riihitie 28 × 23 cm,,,custom.origin vide : pays de fabrication absent de la fiche.,Shopify Admin (29 septembre 2026),Renseigner custom.origin et custom.country_of_origin avec le « Made in » Artek.,contrôle automatique
à faire,moyen,Métachamps,YEAR_ONLY_IN_SEO,cache-pot-riihitie-28-x-23-cm,Cache-pot Riihitie 28 × 23 cm,,,Année 1937 présente dans le SEO mais pas dans custom.year.,Shopify Admin (29 septembre 2026),Reporter l’année dans custom.year après vérification.,contrôle automatique
à faire,moyen,Description,DESC_DUP,cache-pot-riihitie-28-x-23-cm,Cache-pot Riihitie 28 × 23 cm,,,"Description identique à cache-pot-riihitie-20-5-x-16-cm, cache-pot-riihitie-40-x-27-cm.",Shopify Admin (29 septembre 2026),Rédiger une description propre à chaque taille/version.,contrôle automatique
à faire,moyen,Photos,LOW_RES,cache-pot-riihitie-28-x-23-cm,Cache-pot Riihitie 28 × 23 cm,,,Image basse définition 858×858 (variante) : packshot-ef433b4c47543baa2383fa6086188320.png.,Shopify Admin (29 septembre 2026),Remplacer par l’original haute définition (≥ 1 500 px).,contrôle automatique
corrigé,moyen,Photos,GALLERY_OTHER_SIZE,cache-pot-riihitie-28-x-23-cm,Cache-pot Riihitie 28 × 23 cm,,#3,La galerie #3 montre un pot de PETITE taille : le fichier s'appelle « plant-pot-b-small-light-grey-aalto-table-97-chair-611 ». Elle est présentée comme une ambiance du modèle moyen 28 × 23 cm.,photo #3 : fichier artek-riihitie-plant-pot-b-small-light-grey-aalto-table-97-chair-611-interior.jpg,Déplacer #3 vers la fiche du petit modèle et la remplacer par une ambiance du modèle B medium.,examen détaillé
à faire,moyen,Métachamps,FACTS_MISSING,cache-pot-riihitie-28-x-23-cm,Cache-pot Riihitie 28 × 23 cm,,,"Précision sur NO_YEAR, NO_ORIGIN et NO_MATERIAL.","artek.fi riihitie-plant-pot-b : « Aino Aalto, 1937 », « Handmade ceramic », « Made in Portugal »","custom.year = 1937 ; custom.origin = « Fabriqué au Portugal » ; custom.material = « Céramique émaillée faite main ».",examen détaillé
à faire,moyen,Métachamps,NO_YEAR,cache-pot-riihitie-40-x-27-cm,Cache-pot Riihitie 40 × 27 cm,,,custom.year vide : année de création absente de la fiche.,Shopify Admin (29 septembre 2026),Renseigner custom.year avec l’année Artek (voir reference-artek.csv).,contrôle automatique
corrigé,moyen,Métachamps,NO_MATERIAL,cache-pot-riihitie-40-x-27-cm,Cache-pot Riihitie 40 × 27 cm,,,custom.material vide : aucune matière affichée.,Shopify Admin (29 septembre 2026),"Renseigner custom.material (matières Artek, voir reference-artek.csv).",contrôle automatique
corrigé,moyen,Métachamps,NO_ORIGIN,cache-pot-riihitie-40-x-27-cm,Cache-pot Riihitie 40 × 27 cm,,,custom.origin vide : pays de fabrication absent de la fiche.,Shopify Admin (29 septembre 2026),Renseigner custom.origin et custom.country_of_origin avec le « Made in » Artek.,contrôle automatique
à faire,moyen,Métachamps,YEAR_ONLY_IN_SEO,cache-pot-riihitie-40-x-27-cm,Cache-pot Riihitie 40 × 27 cm,,,Année 1937 présente dans le SEO mais pas dans custom.year.,Shopify Admin (29 septembre 2026),Reporter l’année dans custom.year après vérification.,contrôle automatique
à faire,moyen,Description,DESC_DUP,cache-pot-riihitie-40-x-27-cm,Cache-pot Riihitie 40 × 27 cm,,,"Description identique à cache-pot-riihitie-20-5-x-16-cm, cache-pot-riihitie-28-x-23-cm.",Shopify Admin (29 septembre 2026),Rédiger une description propre à chaque taille/version.,contrôle automatique
à faire,moyen,Titre,DIMENSION_CONFLICT,cache-pot-riihitie-40-x-27-cm,Cache-pot Riihitie 40 × 27 cm,,,"Titre et custom.dimensions annoncent 40 × 27 × H20 cm, alors que le dessin coté d'artek.fi indique 40 / 31 / 20 cm. Finnish Design Shop donne 27 cm. La profondeur est donc à confirmer sur la fiche technique ou le colis.","artek.fi/en/products/riihitie-plant-pot-a, SVG « Riihitie Plant Pot A large » : cotes 40, 31, 20 ; finnishdesignshop.com : 40 × 27 × 20","Vérifier auprès d'Artek, puis corriger le titre et custom.dimensions si la profondeur est de 31 cm (le handle ne peut pas changer sans redirection).",examen détaillé
à faire,moyen,Métachamps,FACTS_MISSING,cache-pot-riihitie-40-x-27-cm,Cache-pot Riihitie 40 × 27 cm,,,"Précision sur NO_YEAR, NO_ORIGIN et NO_MATERIAL.","artek.fi riihitie-plant-pot-a : « Aino Aalto, 1937 », « Made in Portugal »","custom.year = 1937 ; custom.origin = « Fabriqué au Portugal » ; custom.material = « Céramique émaillée faite main ».",examen détaillé
à faire,moyen,Métachamps,NO_YEAR,chaise-de-bar-64-h65,Chaise de bar 64 H65,,,custom.year vide : année de création absente de la fiche.,Shopify Admin (29 septembre 2026),Renseigner custom.year avec l’année Artek (voir reference-artek.csv).,contrôle automatique
à faire,moyen,Métachamps,NO_MATERIAL,chaise-de-bar-64-h65,Chaise de bar 64 H65,,,custom.material vide : aucune matière affichée.,Shopify Admin (29 septembre 2026),"Renseigner custom.material (matières Artek, voir reference-artek.csv).",contrôle automatique
corrigé,moyen,Métachamps,NO_ORIGIN,chaise-de-bar-64-h65,Chaise de bar 64 H65,,,custom.origin vide alors que custom.country_of_origin = « Finlande » : pays de fabrication absent de la fiche.,Shopify Admin (29 septembre 2026),Renseigner custom.origin et custom.country_of_origin avec le « Made in » Artek.,contrôle automatique
corrigé,moyen,Description,DESC_DUP,chaise-de-bar-64-h65,Chaise de bar 64 H65,,,Description identique à chaise-de-bar-64-h75.,Shopify Admin (29 septembre 2026),Rédiger une description propre à chaque taille/version.,contrôle automatique
corrigé,moyen,Titre,WRONG_PRODUCT_NOUN,chaise-de-bar-64-h65,Chaise de bar 64 H65,,,"Le produit s'appelle « Bar Stool 64 » chez Artek : c'est un tabouret sans dossier, pas une « chaise de bar ». La description dit d'ailleurs « tabouret de bar 64 », et le type « Chaise de bar » le fait classer dans « Chaises » au lieu de « Tabourets et bancs ».","artek.fi/en/products/bar-stool-64 : « Bar Stool 64 » ; photos : aucun dossier ; productType « Chaise de bar », collections artek/chaises","Titre « Tabouret de bar 64 H65 », type « Tabouret de bar » (entrée automatique dans tabourets-et-bancs), SEO en conséquence (garder le handle, sinon redirection).",examen détaillé
à faire,moyen,Métachamps,NO_YEAR,chaise-de-bar-64-h75,Chaise de bar 64 H75,,,custom.year vide : année de création absente de la fiche.,Shopify Admin (29 septembre 2026),Renseigner custom.year avec l’année Artek (voir reference-artek.csv).,contrôle automatique
à faire,moyen,Métachamps,NO_MATERIAL,chaise-de-bar-64-h75,Chaise de bar 64 H75,,,custom.material vide : aucune matière affichée.,Shopify Admin (29 septembre 2026),"Renseigner custom.material (matières Artek, voir reference-artek.csv).",contrôle automatique
corrigé,moyen,Métachamps,NO_ORIGIN,chaise-de-bar-64-h75,Chaise de bar 64 H75,,,custom.origin vide alors que custom.country_of_origin = « Finlande » : pays de fabrication absent de la fiche.,Shopify Admin (29 septembre 2026),Renseigner custom.origin et custom.country_of_origin avec le « Made in » Artek.,contrôle automatique
corrigé,moyen,Description,DESC_DUP,chaise-de-bar-64-h75,Chaise de bar 64 H75,,,Description identique à chaise-de-bar-64-h65.,Shopify Admin (29 septembre 2026),Rédiger une description propre à chaque taille/version.,contrôle automatique
corrigé,moyen,Titre,WRONG_PRODUCT_NOUN,chaise-de-bar-64-h75,Chaise de bar 64 H75,,,"Le produit s'appelle « Bar Stool 64 » chez Artek : c'est un tabouret sans dossier, pas une « chaise de bar ». La description dit d'ailleurs « tabouret de bar 64 », et le type « Chaise de bar » le fait classer dans « Chaises » au lieu de « Tabourets et bancs ».","artek.fi/en/products/bar-stool-64 : « Bar Stool 64 » ; photos : aucun dossier ; productType « Chaise de bar », collections artek/chaises","Titre « Tabouret de bar 64 H75 », type « Tabouret de bar » (entrée automatique dans tabourets-et-bancs), SEO en conséquence (garder le handle, sinon redirection).",examen détaillé
corrigé,moyen,Photos,HEIGHT_PHOTOS_NOT_SPECIFIC,chaise-de-bar-64-h75,Chaise de bar 64 H75,,"#1, #3, #4, #5, #6",Les 6 photos sont identiques à celles de la fiche H65 : rien ne distingue visuellement les deux hauteurs (les fichiers #3 et #4 sont bien des 75 cm).,"Fichiers #3/#4 « Bar-Stool-64-75cm-legs-birch_top-… » ; #1 packshot-c401e8317579a1c51012ef6160ea1677 (même image sur les deux fiches) ; mesures des contours","Utiliser pour la H65 des packshots Artek « Bar Stool 64, 65cm » ; ajouter aux deux fiches un dessin coté (hauteur, encombrement).",examen détaillé
corrigé,moyen,Métachamps,NO_YEAR,chaise-de-bar-atelier-h65,Chaise de bar Atelier H65,,,custom.year vide : année de création absente de la fiche.,Shopify Admin (29 septembre 2026),Renseigner custom.year avec l’année Artek (voir reference-artek.csv).,contrôle automatique
corrigé,moyen,Métachamps,NO_MATERIAL,chaise-de-bar-atelier-h65,Chaise de bar Atelier H65,,,custom.material vide : aucune matière affichée.,Shopify Admin (29 septembre 2026),"Renseigner custom.material (matières Artek, voir reference-artek.csv).",contrôle automatique
corrigé,moyen,Métachamps,NO_ORIGIN,chaise-de-bar-atelier-h65,Chaise de bar Atelier H65,,,custom.origin vide alors que custom.country_of_origin = « Italie » : pays de fabrication absent de la fiche.,Shopify Admin (29 septembre 2026),Renseigner custom.origin et custom.country_of_origin avec le « Made in » Artek.,contrôle automatique
corrigé,moyen,Description,DESC_DUP,chaise-de-bar-atelier-h65,Chaise de bar Atelier H65,,,Description identique à chaise-de-bar-atelier-h75.,Shopify Admin (29 septembre 2026),Rédiger une description propre à chaque taille/version.,contrôle automatique
corrigé,moyen,Métachamps,YEAR_2021,chaise-de-bar-atelier-h65,Chaise de bar Atelier H65,,,"custom.year vide ; Artek date le tabouret de 2021.","artek.fi : « TAF Studio, 2021 »","custom.year = 2021 ; ajouter le tag annees-2020.",examen détaillé
corrigé,moyen,Métachamps,DIMENSIONS_ARTEK,chaise-de-bar-atelier-h65,Chaise de bar Atelier H65,,,custom.dimensions ne donne que la hauteur d'assise.,"artek.fi, schéma coté atelier-bar-stool : 40 / 32 cm (assise, L/P à confirmer), hauteur d'assise 65 ou 75 cm ; « weighs about four kilograms »","custom.dimensions = « Hauteur d'assise 65 cm, assise 40 × 32 cm (à confirmer) — env. 4 kg »",examen détaillé
corrigé,moyen,Métachamps,MATERIAL_ARTEK,chaise-de-bar-atelier-h65,Chaise de bar Atelier H65,,,custom.material vide.,"artek.fi : « Frame: Solid beech, ash, oak – Seat: beech plywood – Foot rest inlay: Aluminum »","custom.material = « Hêtre, frêne ou chêne massif ; assise contreplaqué de hêtre plaqué ; repose-pieds renforcé aluminium »",examen détaillé
à faire,moyen,Prix,SAME_PRICE_HEIGHTS,chaise-de-bar-atelier-h65,Chaise de bar Atelier H65,,,H65 et H75 ont exactement les mêmes prix et coûts pour chaque finition (580 à 701 €) : cohérent seulement si le tarif Artek est identique pour les deux hauteurs.,Prix/coûts identiques entre chaise-de-bar-atelier-h65 et -h75,Vérifier le tarif Artek des deux hauteurs.,examen détaillé
corrigé,moyen,Métachamps,NO_YEAR,chaise-de-bar-atelier-h75,Chaise de bar Atelier H75,,,custom.year vide : année de création absente de la fiche.,Shopify Admin (29 septembre 2026),Renseigner custom.year avec l’année Artek (voir reference-artek.csv).,contrôle automatique
corrigé,moyen,Métachamps,NO_MATERIAL,chaise-de-bar-atelier-h75,Chaise de bar Atelier H75,,,custom.material vide : aucune matière affichée.,Shopify Admin (29 septembre 2026),"Renseigner custom.material (matières Artek, voir reference-artek.csv).",contrôle automatique
corrigé,moyen,Métachamps,NO_ORIGIN,chaise-de-bar-atelier-h75,Chaise de bar Atelier H75,,,custom.origin vide alors que custom.country_of_origin = « Italie » : pays de fabrication absent de la fiche.,Shopify Admin (29 septembre 2026),Renseigner custom.origin et custom.country_of_origin avec le « Made in » Artek.,contrôle automatique
corrigé,moyen,Description,DESC_DUP,chaise-de-bar-atelier-h75,Chaise de bar Atelier H75,,,Description identique à chaise-de-bar-atelier-h65.,Shopify Admin (29 septembre 2026),Rédiger une description propre à chaque taille/version.,contrôle automatique
corrigé,moyen,Métachamps,YEAR_2021,chaise-de-bar-atelier-h75,Chaise de bar Atelier H75,,,"custom.year vide ; Artek date le tabouret de 2021.","artek.fi : « TAF Studio, 2021 »","custom.year = 2021 ; ajouter le tag annees-2020.",examen détaillé
corrigé,moyen,Métachamps,DIMENSIONS_ARTEK,chaise-de-bar-atelier-h75,Chaise de bar Atelier H75,,,custom.dimensions ne donne que la hauteur d'assise.,"artek.fi, schéma coté atelier-bar-stool : 40 / 32 cm (assise, L/P à confirmer), hauteur d'assise 65 ou 75 cm ; « weighs about four kilograms »","custom.dimensions = « Hauteur d'assise 75 cm, assise 40 × 32 cm (à confirmer) — env. 4 kg »",examen détaillé
corrigé,moyen,Métachamps,MATERIAL_ARTEK,chaise-de-bar-atelier-h75,Chaise de bar Atelier H75,,,custom.material vide.,"artek.fi : « Frame: Solid beech, ash, oak – Seat: beech plywood – Foot rest inlay: Aluminum »","custom.material = « Hêtre, frêne ou chêne massif ; assise contreplaqué de hêtre plaqué ; repose-pieds renforcé aluminium »",examen détaillé
à faire,moyen,Prix,SAME_PRICE_HEIGHTS,chaise-de-bar-atelier-h75,Chaise de bar Atelier H75,,,H65 et H75 ont exactement les mêmes prix et coûts pour chaque finition (580 à 701 €) : cohérent seulement si le tarif Artek est identique pour les deux hauteurs.,Prix/coûts identiques entre chaise-de-bar-atelier-h65 et -h75,Vérifier le tarif Artek des deux hauteurs.,examen détaillé
corrigé,moyen,Métachamps,NO_YEAR,table-basse-kiki-100-x-60-cm,Table basse Kiki 100 × 60 cm,,,custom.year vide : année de création absente de la fiche.,Shopify Admin (29 septembre 2026),Renseigner custom.year avec l’année Artek (voir reference-artek.csv).,contrôle automatique
corrigé,moyen,Métachamps,NO_MATERIAL,table-basse-kiki-100-x-60-cm,Table basse Kiki 100 × 60 cm,,,custom.material vide : aucune matière affichée.,Shopify Admin (29 septembre 2026),"Renseigner custom.material (matières Artek, voir reference-artek.csv).",contrôle automatique
corrigé,moyen,Métachamps,NO_ORIGIN,table-basse-kiki-100-x-60-cm,Table basse Kiki 100 × 60 cm,,,custom.origin vide alors que custom.country_of_origin = « Hongrie » : pays de fabrication absent de la fiche.,Shopify Admin (29 septembre 2026),Renseigner custom.origin et custom.country_of_origin avec le « Made in » Artek.,contrôle automatique
à faire,moyen,Description,DESC_DUP,table-basse-kiki-100-x-60-cm,Table basse Kiki 100 × 60 cm,,,"Description identique à table-basse-kiki-60-x-60-cm, table-basse-kiki-140-x-60-cm.",Shopify Admin (29 septembre 2026),Rédiger une description propre à chaque taille/version.,contrôle automatique
corrigé,moyen,Variantes,FINISH_LABEL_FRAME_ONLY,table-basse-kiki-100-x-60-cm,Table basse Kiki 100 × 60 cm,,,"L'unique finition « Noir thermolaquée » ne décrit que la structure (avec une faute d'accord) et ne dit rien du plateau, en stratifié HPL noir.","Option Finition = Noir thermolaquée ; artek.fi/kiki-low-table : « Frame: steel, black powder coating / Top: HPL, black »",« Acier thermolaqué noir / plateau stratifié noir ».,examen détaillé
corrigé,moyen,Description,DESC_LINOLEUM_FALSE,table-basse-kiki-100-x-60-cm,Table basse Kiki 100 × 60 cm,,,"La description annonce « un plateau en linoléum ou en stratifié », mais Artek ne propose que le HPL et la fiche n'offre aucun choix. Elle qualifie aussi la table de « carrée », alors qu'elle mesure 100 × 60 cm.","Description ; artek.fi : « This product is available in three different sizes, with HPL top »","« Plateau en stratifié HPL noir » ; « table basse rectangulaire » pour les formats 100 et 140.",examen détaillé
corrigé,moyen,Métachamps,DIMENSIONS_NO_HEIGHT,table-basse-kiki-100-x-60-cm,Table basse Kiki 100 × 60 cm,,,"Les dimensions n'indiquent pas la hauteur ; l'année (1960) et l'origine publiée manquent.","custom.dimensions « 100 × 60 cm » ; artek.fi : cotes 100 / 60 / 42 cm ; « Ilmari Tapiovaara, 1960 » ; « Made in Hungary and Denmark »","custom.dimensions = « L 100 × P 60 × H 42 cm » ; custom.year = 1960 ; custom.origin = « Fabriqué en Hongrie et au Danemark » ; custom.material = « Structure : tube d'acier ovale thermolaqué noir. Plateau : stratifié HPL noir sur aggloméré. »",examen détaillé
corrigé,moyen,Photos,GALLERY_UNSOLD_TOP,table-basse-kiki-100-x-60-cm,Table basse Kiki 100 × 60 cm,,#5,La galerie #5 est un packshot Artek « Linoleum » : un plateau en linoléum qui n'est plus proposé. Il apparaît comme une ambiance et appuie la mention erronée de la description.,#5 Kiki-low-table-L-100-cm--Linoleum_web….jpg,Remplacer par le packshot HPL 100 cm.,examen détaillé
corrigé,moyen,Métachamps,NO_YEAR,table-basse-kiki-140-x-60-cm,Table basse Kiki 140 × 60 cm,,,custom.year vide : année de création absente de la fiche.,Shopify Admin (29 septembre 2026),Renseigner custom.year avec l’année Artek (voir reference-artek.csv).,contrôle automatique
corrigé,moyen,Métachamps,NO_MATERIAL,table-basse-kiki-140-x-60-cm,Table basse Kiki 140 × 60 cm,,,custom.material vide : aucune matière affichée.,Shopify Admin (29 septembre 2026),"Renseigner custom.material (matières Artek, voir reference-artek.csv).",contrôle automatique
corrigé,moyen,Métachamps,NO_ORIGIN,table-basse-kiki-140-x-60-cm,Table basse Kiki 140 × 60 cm,,,custom.origin vide alors que custom.country_of_origin = « Hongrie » : pays de fabrication absent de la fiche.,Shopify Admin (29 septembre 2026),Renseigner custom.origin et custom.country_of_origin avec le « Made in » Artek.,contrôle automatique
à faire,moyen,Description,DESC_DUP,table-basse-kiki-140-x-60-cm,Table basse Kiki 140 × 60 cm,,,"Description identique à table-basse-kiki-60-x-60-cm, table-basse-kiki-100-x-60-cm.",Shopify Admin (29 septembre 2026),Rédiger une description propre à chaque taille/version.,contrôle automatique
corrigé,moyen,Variantes,FINISH_LABEL_FRAME_ONLY,table-basse-kiki-140-x-60-cm,Table basse Kiki 140 × 60 cm,,,"L'unique finition « Noir thermolaquée » ne décrit que la structure (avec une faute d'accord) et ne dit rien du plateau, en stratifié HPL noir.","Option Finition = Noir thermolaquée ; artek.fi/kiki-low-table : « Frame: steel, black powder coating / Top: HPL, black »",« Acier thermolaqué noir / plateau stratifié noir ».,examen détaillé
corrigé,moyen,Description,DESC_LINOLEUM_FALSE,table-basse-kiki-140-x-60-cm,Table basse Kiki 140 × 60 cm,,,"La description annonce « un plateau en linoléum ou en stratifié », mais Artek ne propose que le HPL et la fiche n'offre aucun choix. Elle qualifie aussi la table de « carrée », alors qu'elle mesure 140 × 60 cm.","Description ; artek.fi : « This product is available in three different sizes, with HPL top »","« Plateau en stratifié HPL noir » ; « table basse rectangulaire » pour les formats 100 et 140.",examen détaillé
corrigé,moyen,Métachamps,DIMENSIONS_NO_HEIGHT,table-basse-kiki-140-x-60-cm,Table basse Kiki 140 × 60 cm,,,"Les dimensions n'indiquent pas la hauteur ; l'année (1960) et l'origine publiée manquent.","custom.dimensions « 140 × 60 cm » ; artek.fi : cotes 140 / 60 / 42 cm ; « Ilmari Tapiovaara, 1960 » ; « Made in Hungary and Denmark »","custom.dimensions = « L 140 × P 60 × H 42 cm » ; custom.year = 1960 ; custom.origin = « Fabriqué en Hongrie et au Danemark » ; custom.material = « Structure : tube d'acier ovale thermolaqué noir. Plateau : stratifié HPL noir sur aggloméré. »",examen détaillé
corrigé,moyen,Métachamps,NO_YEAR,table-basse-kiki-60-x-60-cm,Table basse Kiki 60 × 60 cm,,,custom.year vide : année de création absente de la fiche.,Shopify Admin (29 septembre 2026),Renseigner custom.year avec l’année Artek (voir reference-artek.csv).,contrôle automatique
corrigé,moyen,Métachamps,NO_MATERIAL,table-basse-kiki-60-x-60-cm,Table basse Kiki 60 × 60 cm,,,custom.material vide : aucune matière affichée.,Shopify Admin (29 septembre 2026),"Renseigner custom.material (matières Artek, voir reference-artek.csv).",contrôle automatique
corrigé,moyen,Métachamps,NO_ORIGIN,table-basse-kiki-60-x-60-cm,Table basse Kiki 60 × 60 cm,,,custom.origin vide alors que custom.country_of_origin = « Hongrie » : pays de fabrication absent de la fiche.,Shopify Admin (29 septembre 2026),Renseigner custom.origin et custom.country_of_origin avec le « Made in » Artek.,contrôle automatique
corrigé,moyen,Description,DESC_DUP,table-basse-kiki-60-x-60-cm,Table basse Kiki 60 × 60 cm,,,"Description identique à table-basse-kiki-100-x-60-cm, table-basse-kiki-140-x-60-cm.",Shopify Admin (29 septembre 2026),Rédiger une description propre à chaque taille/version.,contrôle automatique
corrigé,moyen,Variantes,FINISH_LABEL_FRAME_ONLY,table-basse-kiki-60-x-60-cm,Table basse Kiki 60 × 60 cm,,,"L'unique finition « Noir thermolaquée » ne décrit que la structure (avec une faute d'accord) et ne dit rien du plateau, en stratifié HPL noir.","Option Finition = Noir thermolaquée ; artek.fi/kiki-low-table : « Frame: steel, black powder coating / Top: HPL, black »",« Acier thermolaqué noir / plateau stratifié noir ».,examen détaillé
corrigé,moyen,Description,DESC_LINOLEUM_FALSE,table-basse-kiki-60-x-60-cm,Table basse Kiki 60 × 60 cm,,,"La description annonce « un plateau en linoléum ou en stratifié », mais Artek ne propose que le HPL et la fiche n'offre aucun choix.","Description ; artek.fi : « This product is available in three different sizes, with HPL top »","« Plateau en stratifié HPL noir » ; « table basse rectangulaire » pour les formats 100 et 140.",examen détaillé
corrigé,moyen,Métachamps,DIMENSIONS_NO_HEIGHT,table-basse-kiki-60-x-60-cm,Table basse Kiki 60 × 60 cm,,,"Les dimensions n'indiquent pas la hauteur ; l'année (1960) et l'origine publiée manquent.","custom.dimensions « 60 × 60 cm » ; artek.fi : cotes 60 / 60 / 42 cm ; « Ilmari Tapiovaara, 1960 » ; « Made in Hungary and Denmark »","custom.dimensions = « L 60 × P 60 × H 42 cm » ; custom.year = 1960 ; custom.origin = « Fabriqué en Hongrie et au Danemark » ; custom.material = « Structure : tube d'acier ovale thermolaqué noir. Plateau : stratifié HPL noir sur aggloméré. »",examen détaillé
corrigé,faible,Site,MEGAMENU_EMPTY,(marque Artek),,,,"Données du méga-menu (v3/mega-menu-brands.json) : les sous-entrées Artek « Screen » (tag screen) et « Arm chair 41 » (tag arm-chair-41) ne correspondent à aucun produit (pages /collections/artek?tag=… à 0 modèle). Requalifié après vérification du code : ces sous-entrées ne sont plus affichées dans le menu (v3/mega-menu.js), aucun lien visible n'y mène.","https://www.mikadodeco.be/collections/artek?tag=screen et ?tag=arm-chair-41 (0 modèle, vérifié le 29 septembre) ; v3/mega-menu-brands.json","Fait : libellés et tags corrigés (« Tabouret 60 », « Paravent 100 » → screen-100, « Fauteuil 41 Paimio » → armchair-41-paimio) pour une éventuelle réactivation.",contrôle marque
partiellement corrigé,faible,Site,MEGAMENU_STOOL60,(marque Artek),,,,"Entrée « Stool 60 » du méga-menu (tag stool-60) : 2 modèles, le Tabouret 60 et l'affiche Tabouret 60 ; E60 et NE60 absents. Libellé anglais.",https://www.mikadodeco.be/collections/artek?tag=stool-60,"Libellé « Tabouret 60 » ; décider si E60/NE60 doivent y figurer (ajout du tag) et si l'affiche doit en sortir.",contrôle marque
à faire,faible,Site,MAPPER_CATEGORY,(marque Artek),,,,"lib/shopify/product-mapper.js : CATEGORY_MAP ignore des types courants (Suspension, Plafonnier, Canapé, Chaise de bar, Tabouret de bar, Chaise de bureau, Table d'appoint, Buffet…) ; l'API /api/product renvoie alors category « objets ». Ce champ n'est lu par aucune page ni aucun filtre aujourd'hui (vérifié).","lib/shopify/product-mapper.js ; grep des usages",Compléter la table ou supprimer ce champ inutilisé.,contrôle marque
à faire,faible,Canaux,NOT_ON_META,affiche-75-ans-artek-100-x-140-cm,Affiche 75 ans 100 × 140 cm,,,Absente du catalogue Facebook & Instagram (117/160 fiches actives y sont).,Shopify Admin (29 septembre 2026),Publier sur Facebook & Instagram si souhaité.,contrôle automatique
à faire,faible,Handle,HANDLE_PREFIX,affiche-75-ans-artek-100-x-140-cm,Affiche 75 ans 100 × 140 cm,,,Handle sans le préfixe « artek- » utilisé par les 140 autres fiches (affiche-75-ans-artek-100-x-140-cm). Ne pas renommer sans redirection.,Shopify Admin (29 septembre 2026),,contrôle automatique
à faire,faible,Métachamps,FACTS,affiche-75-ans-artek-100-x-140-cm,Affiche 75 ans 100 × 140 cm,,,Précision sur NO_YEAR et NO_MATERIAL.,"artek.fi : « 2010 », « silkscreen printed… Printed on Litho paper »","custom.year = 2010 ; custom.material = « Papier Litho, sérigraphie ».",examen détaillé
à faire,faible,Titre,TITLE_INCOMPLETE,affiche-75-ans-artek-100-x-140-cm,Affiche 75 ans 100 × 140 cm,,,« Affiche 75 ans » ne dit pas de quoi (Artek) ni de qui (Kustaa Saksi).,titre,« Affiche 75 ans d'Artek par Kustaa Saksi — 100 × 140 cm ».,examen détaillé
à faire,faible,Variantes,WEIGHT_MISSING,affiche-75-ans-artek-100-x-140-cm,Affiche 75 ans 100 × 140 cm,,,Aucun poids d'expédition sur les variantes (weightKg = 0).,dossier : weightKg 0 sur toutes les variantes,Renseigner le poids d'expédition de chaque variante.,examen détaillé
à faire,faible,Canaux,NOT_ON_META,affiche-80-ans-artek-50-x-70-cm,Affiche 80 ans 50 × 70 cm,,,Absente du catalogue Facebook & Instagram (117/160 fiches actives y sont).,Shopify Admin (29 septembre 2026),Publier sur Facebook & Instagram si souhaité.,contrôle automatique
à faire,faible,Handle,HANDLE_PREFIX,affiche-80-ans-artek-50-x-70-cm,Affiche 80 ans 50 × 70 cm,,,Handle sans le préfixe « artek- » utilisé par les 140 autres fiches (affiche-80-ans-artek-50-x-70-cm). Ne pas renommer sans redirection.,Shopify Admin (29 septembre 2026),,contrôle automatique
corrigé,faible,Métachamps,YEAR_IN_DESC,affiche-80-ans-artek-50-x-70-cm,Affiche 80 ans 50 × 70 cm,,,Année 2015 présente dans la description mais pas dans custom.year.,Shopify Admin (29 septembre 2026),Reporter l’année dans custom.year après vérification.,contrôle automatique
à faire,faible,Métachamps,FACTS,affiche-80-ans-artek-50-x-70-cm,Affiche 80 ans 50 × 70 cm,,,Précision sur NO_YEAR.,shop.artek.fi : « Artek commemorates its 80th anniversary in 2015… TSTO »,custom.year = 2015.,examen détaillé
à faire,faible,Titre,TITLE_INCOMPLETE,affiche-80-ans-artek-50-x-70-cm,Affiche 80 ans 50 × 70 cm,,,« Affiche 80 ans » ne dit pas de quoi (Artek).,titre,« Affiche 80 ans d'Artek par TSTO — 50 × 70 cm ».,examen détaillé
à faire,faible,Variantes,WEIGHT_MISSING,affiche-80-ans-artek-50-x-70-cm,Affiche 80 ans 50 × 70 cm,,,Aucun poids d'expédition sur les variantes (weightKg = 0).,dossier : weightKg 0 sur toutes les variantes,Renseigner le poids d'expédition de chaque variante.,examen détaillé
à faire,faible,Canaux,NOT_ON_META,affiche-85-ans-artek-50-x-70-cm,Affiche 85 ans 50 × 70 cm,,,Absente du catalogue Facebook & Instagram (117/160 fiches actives y sont).,Shopify Admin (29 septembre 2026),Publier sur Facebook & Instagram si souhaité.,contrôle automatique
à faire,faible,Handle,HANDLE_PREFIX,affiche-85-ans-artek-50-x-70-cm,Affiche 85 ans 50 × 70 cm,,,Handle sans le préfixe « artek- » utilisé par les 140 autres fiches (affiche-85-ans-artek-50-x-70-cm). Ne pas renommer sans redirection.,Shopify Admin (29 septembre 2026),,contrôle automatique
corrigé,faible,Métachamps,YEAR_IN_DESC,affiche-85-ans-artek-50-x-70-cm,Affiche 85 ans 50 × 70 cm,,,Année 2020 présente dans la description mais pas dans custom.year.,Shopify Admin (29 septembre 2026),Reporter l’année dans custom.year après vérification.,contrôle automatique
à faire,faible,Métachamps,FACTS,affiche-85-ans-artek-50-x-70-cm,Affiche 85 ans 50 × 70 cm,,,"Précision sur NO_YEAR, NO_ORIGIN et NO_MATERIAL.","artek.fi : « Keaykolour China White paper », « Made in Finland », 2020","custom.year = 2020 ; custom.origin = « Fabriqué en Finlande » ; custom.material = « Papier Keaykolour China White, impression offset ».",examen détaillé
corrigé,faible,Photos,ALT_GENERIC,affiche-85-ans-artek-50-x-70-cm,Affiche 85 ans 50 × 70 cm,,,"Les alts #1 et #2 sont identiques. #2 est une ambiance, l'affiche encadrée au mur.",alts #1 et #2,#2 : « Affiche 85 ans d'Artek encadrée dans un intérieur ».,examen détaillé
à faire,faible,Variantes,WEIGHT_MISSING,affiche-85-ans-artek-50-x-70-cm,Affiche 85 ans 50 × 70 cm,,,Aucun poids d'expédition sur les variantes (weightKg = 0).,dossier : weightKg 0 sur toutes les variantes,Renseigner le poids d'expédition de chaque variante.,examen détaillé
à faire,faible,Canaux,NOT_ON_META,affiche-90-ans-artek-50-x-70-cm,Affiche 90 ans 50 × 70 cm,,,Absente du catalogue Facebook & Instagram (117/160 fiches actives y sont).,Shopify Admin (29 septembre 2026),Publier sur Facebook & Instagram si souhaité.,contrôle automatique
à faire,faible,Handle,HANDLE_PREFIX,affiche-90-ans-artek-50-x-70-cm,Affiche 90 ans 50 × 70 cm,,,Handle sans le préfixe « artek- » utilisé par les 140 autres fiches (affiche-90-ans-artek-50-x-70-cm). Ne pas renommer sans redirection.,Shopify Admin (29 septembre 2026),,contrôle automatique
corrigé,faible,Métachamps,YEAR_IN_DESC,affiche-90-ans-artek-50-x-70-cm,Affiche 90 ans 50 × 70 cm,,,Année 2025 présente dans la description mais pas dans custom.year.,Shopify Admin (29 septembre 2026),Reporter l’année dans custom.year après vérification.,contrôle automatique
corrigé,faible,Photos,ALT_GENERIC,affiche-90-ans-artek-50-x-70-cm,Affiche 90 ans 50 × 70 cm,,,4 photos de galerie avec le même alt générique « Affiche 90 ans 50 × 70 cm — Artek ».,Shopify Admin (29 septembre 2026),"Écrire un alt décrivant la scène (produit, finition, pièce).",contrôle automatique
à faire,faible,Métachamps,FACTS,affiche-90-ans-artek-50-x-70-cm,Affiche 90 ans 50 × 70 cm,,,Précision sur NO_YEAR et NO_MATERIAL.,"artek.fi : « Inka Bell, 2025 », « Scandia 200 Natural »","custom.year = 2025 ; custom.material = « Papier Scandia 200 Natural, impression offset ».",examen détaillé
à faire,faible,Variantes,WEIGHT_MISSING,affiche-90-ans-artek-50-x-70-cm,Affiche 90 ans 50 × 70 cm,,,Aucun poids d'expédition sur les variantes (weightKg = 0).,dossier : weightKg 0 sur toutes les variantes,Renseigner le poids d'expédition de chaque variante.,examen détaillé
à faire,faible,Canaux,NOT_ON_META,affiche-aalto-chronology-50-x-70-cm,Affiche Aalto Chronology 50 × 70 cm,,,Absente du catalogue Facebook & Instagram (117/160 fiches actives y sont).,Shopify Admin (29 septembre 2026),Publier sur Facebook & Instagram si souhaité.,contrôle automatique
à faire,faible,Handle,HANDLE_PREFIX,affiche-aalto-chronology-50-x-70-cm,Affiche Aalto Chronology 50 × 70 cm,,,Handle sans le préfixe « artek- » utilisé par les 140 autres fiches (affiche-aalto-chronology-50-x-70-cm). Ne pas renommer sans redirection.,Shopify Admin (29 septembre 2026),,contrôle automatique
à faire,faible,Métachamps,FACTS,affiche-aalto-chronology-50-x-70-cm,Affiche Aalto Chronology 50 × 70 cm,,,Précision sur NO_YEAR et NO_MATERIAL.,"artek.fi : « 2002 », « off-set printed on Munken Lynx paper »","custom.year = 2002 ; custom.material = « Papier Munken Lynx, impression offset ».",examen détaillé
à faire,faible,Photos,PRINCIPAL_EDGES,affiche-aalto-chronology-50-x-70-cm,Affiche Aalto Chronology 50 × 70 cm,,,"L'affiche, à fond blanc, est photographiée sur fond blanc : on ne voit pas ses bords, ce qui ne donne ni le format ni l'impression d'un objet.",photo #1 (3000×3000),"Packshot avec ombre ou bordure, ou photo de l'affiche encadrée.",examen détaillé
à faire,faible,Variantes,WEIGHT_MISSING,affiche-aalto-chronology-50-x-70-cm,Affiche Aalto Chronology 50 × 70 cm,,,Aucun poids d'expédition sur les variantes (weightKg = 0).,dossier : weightKg 0 sur toutes les variantes,Renseigner le poids d'expédition de chaque variante.,examen détaillé
à faire,faible,Canaux,NOT_ON_META,affiche-beehive-50-x-70-cm,Affiche Beehive 50 × 70 cm,,,Absente du catalogue Facebook & Instagram (117/160 fiches actives y sont).,Shopify Admin (29 septembre 2026),Publier sur Facebook & Instagram si souhaité.,contrôle automatique
à faire,faible,Handle,HANDLE_PREFIX,affiche-beehive-50-x-70-cm,Affiche Beehive 50 × 70 cm,,,Handle sans le préfixe « artek- » utilisé par les 140 autres fiches (affiche-beehive-50-x-70-cm). Ne pas renommer sans redirection.,Shopify Admin (29 septembre 2026),,contrôle automatique
corrigé,faible,Métachamps,YEAR_IN_DESC,affiche-beehive-50-x-70-cm,Affiche Beehive 50 × 70 cm,,,Année 1953 présente dans la description mais pas dans custom.year.,Shopify Admin (29 septembre 2026),Reporter l’année dans custom.year après vérification.,contrôle automatique
à faire,faible,SEO,SEO_NO_DESIGNER,affiche-beehive-50-x-70-cm,Affiche Beehive 50 × 70 cm,,,SEO sans le créateur Greige.,Shopify Admin (29 septembre 2026),,contrôle automatique
à faire,faible,Métachamps,FACTS,affiche-beehive-50-x-70-cm,Affiche Beehive 50 × 70 cm,,,Précision sur NO_YEAR et NO_MATERIAL.,"artek.fi/en/products/beehive-poster-greige : « 2013 », recycled paper, silkscreen","custom.year = 2013 ; custom.material = « Papier recyclé, sérigraphie ».",examen détaillé
corrigé,faible,Photos,ALT_GENERIC,affiche-beehive-50-x-70-cm,Affiche Beehive 50 × 70 cm,,,Alt générique.,alt #1,« Affiche Beehive de Greige : suspension A331 sur fond kraft ».,examen détaillé
à faire,faible,Variantes,WEIGHT_MISSING,affiche-beehive-50-x-70-cm,Affiche Beehive 50 × 70 cm,,,Aucun poids d'expédition sur les variantes (weightKg = 0).,dossier : weightKg 0 sur toutes les variantes,Renseigner le poids d'expédition de chaque variante.,examen détaillé
à faire,faible,Canaux,NOT_ON_META,affiche-paimio-50-x-70-cm,Affiche Paimio 50 × 70 cm,,,Absente du catalogue Facebook & Instagram (117/160 fiches actives y sont).,Shopify Admin (29 septembre 2026),Publier sur Facebook & Instagram si souhaité.,contrôle automatique
à faire,faible,Handle,HANDLE_PREFIX,affiche-paimio-50-x-70-cm,Affiche Paimio 50 × 70 cm,,,Handle sans le préfixe « artek- » utilisé par les 140 autres fiches (affiche-paimio-50-x-70-cm). Ne pas renommer sans redirection.,Shopify Admin (29 septembre 2026),,contrôle automatique
à faire,faible,SEO,SEO_NO_DESIGNER,affiche-paimio-50-x-70-cm,Affiche Paimio 50 × 70 cm,,,SEO sans le créateur Greige.,Shopify Admin (29 septembre 2026),,contrôle automatique
à faire,faible,Métachamps,FACTS,affiche-paimio-50-x-70-cm,Affiche Paimio 50 × 70 cm,,,Précision sur NO_YEAR et NO_MATERIAL.,"artek.fi/en/products/paimio-poster-greige : « 2013 », « Made of recycled paper… silkscreen printed »","custom.year = 2013 ; custom.material = « Papier recyclé, sérigraphie ».",examen détaillé
corrigé,faible,Photos,ALT_GENERIC,affiche-paimio-50-x-70-cm,Affiche Paimio 50 × 70 cm,,,L'alt « Affiche Paimio 50 × 70 cm — Artek » ne décrit pas l'image.,alt #1,« Affiche Paimio de Greige : silhouette du fauteuil 41 sur fond kraft ».,examen détaillé
à faire,faible,Variantes,WEIGHT_MISSING,affiche-paimio-50-x-70-cm,Affiche Paimio 50 × 70 cm,,,Aucun poids d'expédition sur les variantes (weightKg = 0).,dossier : weightKg 0 sur toutes les variantes,Renseigner le poids d'expédition de chaque variante.,examen détaillé
à faire,faible,Canaux,NOT_ON_META,affiche-tabouret-60-50-x-70-cm,Affiche Tabouret 60 50 × 70 cm,,,Absente du catalogue Facebook & Instagram (117/160 fiches actives y sont).,Shopify Admin (29 septembre 2026),Publier sur Facebook & Instagram si souhaité.,contrôle automatique
à faire,faible,Handle,HANDLE_PREFIX,affiche-tabouret-60-50-x-70-cm,Affiche Tabouret 60 50 × 70 cm,,,Handle sans le préfixe « artek- » utilisé par les 140 autres fiches (affiche-tabouret-60-50-x-70-cm). Ne pas renommer sans redirection.,Shopify Admin (29 septembre 2026),,contrôle automatique
à faire,faible,SEO,SEO_NO_DESIGNER,affiche-tabouret-60-50-x-70-cm,Affiche Tabouret 60 50 × 70 cm,,,SEO sans le créateur Greige.,Shopify Admin (29 septembre 2026),,contrôle automatique
à faire,faible,Tags,EN_MODEL_TAGS,affiche-tabouret-60-50-x-70-cm,Affiche Tabouret 60 50 × 70 cm,,,Tags anglais/références fournisseur : stool-60.,Shopify Admin (29 septembre 2026),"Retirer ces tags, sauf ceux utilisés par le méga-menu (stool-60).",contrôle automatique
à faire,faible,Titre,TITLE_NUMBERS,affiche-tabouret-60-50-x-70-cm,Affiche Tabouret 60 50 × 70 cm,,,« Affiche Tabouret 60 50 × 70 cm » accole deux nombres et se lit mal.,titre,« Affiche Tabouret 60 — 50 × 70 cm ».,examen détaillé
à faire,faible,Métachamps,FACTS,affiche-tabouret-60-50-x-70-cm,Affiche Tabouret 60 50 × 70 cm,,,Précision sur NO_YEAR et NO_MATERIAL.,artek.fi/en/products/stool-60-poster-greige : « 2013 »,"custom.year = 2013 ; custom.material = « Papier recyclé, sérigraphie ».",examen détaillé
à faire,faible,Variantes,WEIGHT_MISSING,affiche-tabouret-60-50-x-70-cm,Affiche Tabouret 60 50 × 70 cm,,,Aucun poids d'expédition sur les variantes (weightKg = 0).,dossier : weightKg 0 sur toutes les variantes,Renseigner le poids d'expédition de chaque variante.,examen détaillé
à faire,faible,Canaux,NOT_ON_META,affiche-tea-trolley-900-50-x-70-cm,Affiche Tea Trolley 900 50 × 70 cm,,,Absente du catalogue Facebook & Instagram (117/160 fiches actives y sont).,Shopify Admin (29 septembre 2026),Publier sur Facebook & Instagram si souhaité.,contrôle automatique
à faire,faible,Handle,HANDLE_PREFIX,affiche-tea-trolley-900-50-x-70-cm,Affiche Tea Trolley 900 50 × 70 cm,,,Handle sans le préfixe « artek- » utilisé par les 140 autres fiches (affiche-tea-trolley-900-50-x-70-cm). Ne pas renommer sans redirection.,Shopify Admin (29 septembre 2026),,contrôle automatique
corrigé,faible,Tags,EN_MODEL_TAGS,affiche-tea-trolley-900-50-x-70-cm,Affiche Tea Trolley 900 50 × 70 cm,,,Tags anglais/références fournisseur : tea-trolley-900.,Shopify Admin (29 septembre 2026),"Retirer ces tags, sauf ceux utilisés par le méga-menu (stool-60).",contrôle automatique
à faire,faible,Variantes,WEIGHT_MISSING,affiche-tea-trolley-900-50-x-70-cm,Affiche Tea Trolley 900 50 × 70 cm,,,Aucun poids d'expédition sur les variantes (weightKg = 0).,dossier : weightKg 0 sur toutes les variantes,Renseigner le poids d'expédition de chaque variante.,examen détaillé
corrigé,faible,Métachamps,YEAR_IN_DESC,artek-115-umbrella-stand,Porte-parapluie 115,,,Année 1936 présente dans la description mais pas dans custom.year.,Shopify Admin (29 septembre 2026),Reporter l’année dans custom.year après vérification.,contrôle automatique
corrigé,faible,Tags,EN_MODEL_TAGS,artek-115-umbrella-stand,Porte-parapluie 115,,,Tags anglais/références fournisseur : 115-umbrella-stand.,Shopify Admin (29 septembre 2026),"Retirer ces tags, sauf ceux utilisés par le méga-menu (stool-60).",contrôle automatique
corrigé,faible,Tags,CODE_TAGS,artek-115-umbrella-stand,Porte-parapluie 115,,,Tags de référence : 115-umbrella-stand.,Shopify Admin (29 septembre 2026),,contrôle automatique
corrigé,faible,Variantes,LABEL_LAITON,artek-115-umbrella-stand,Porte-parapluie 115,Laiton,,"« Laiton » ne décrit que la coupelle : la structure est en bouleau verni ; variante unique.","https://www.artek.fi/en/products/umbrella-stand-115 : « Frame: birch, clear lacquer / Tray: brass, clear lacquer »","Libellé « Bouleau verni naturel, coupelle laiton » ou supprimer l'option (Default Title).",examen détaillé
corrigé,faible,Métachamps,MATERIAL_VALUE,artek-115-umbrella-stand,Porte-parapluie 115,,,Matière absente.,artek.fi « Form-bent solid birch lamella and solid birch / Brass »,"custom.material = « Bouleau massif et lamellé cintré, coupelle en laiton ».",examen détaillé
corrigé,faible,Photos,ALT_GALLERY,artek-115-umbrella-stand,Porte-parapluie 115,,#2,Alt générique.,sheet #2,"« Porte-parapluie 115 avec parapluie, mur en béton ».",examen détaillé
à faire,faible,Variantes,WEIGHT_MISSING,artek-115-umbrella-stand,Porte-parapluie 115,,,Poids d'expédition à 0 kg sur toutes les variantes.,dossier : weightKg = 0 pour chaque variante,Renseigner le poids d'expédition réel de chaque variante (fiche transporteur Artek).,examen détaillé
corrigé,faible,Tags,VARIANT_VALUE_TAGS,artek-124-mirror,Miroir 124,,,Tags recopiant des valeurs de variantes : moyen-laque-noir.,Shopify Admin (29 septembre 2026),Retirer ces tags : les finitions sont déjà portées par les variantes.,contrôle automatique
corrigé,faible,Tags,EN_MODEL_TAGS,artek-124-mirror,Miroir 124,,,Tags anglais/références fournisseur : 124-mirror.,Shopify Admin (29 septembre 2026),"Retirer ces tags, sauf ceux utilisés par le méga-menu (stool-60).",contrôle automatique
corrigé,faible,Tags,CODE_TAGS,artek-124-mirror,Miroir 124,,,Tags de référence : 124-mirror.,Shopify Admin (29 septembre 2026),,contrôle automatique
à faire,faible,Tags,FINISH_NOT_TAGGED,artek-124-mirror,Miroir 124,,,Finitions proposées sans tag : laque-noir.,Shopify Admin (29 septembre 2026),"Ajouter les tags de finition manquants, ou supprimer tous les tags de finition si le filtrage se fait par variante.",contrôle automatique
à faire,faible,Photos,VARIANT_NOT_SQUARE,artek-124-mirror,Miroir 124,,,Image de variante non carrée 543×739 : artek-artek-124-mirror-00.png (carte carrée recadrée).,Shopify Admin (29 septembre 2026),,contrôle automatique
à faire,faible,SEO,SEO_1935,artek-124-mirror,Miroir 124,,,Méta-description centrée sur « depuis 1935 » (fondation d'Artek) sans créateur ni caractéristique.,seo.description,"« Miroir 124° de Daniel Rybakken pour Artek : deux faces à 124°, tablette en frêne… ».",examen détaillé
corrigé,faible,Photos,ALT_MEDIUM,artek-124-mirror,Miroir 124,,#1–#4,"Alts en franglais « médium » ; « plateau » au lieu de « tablette ».",alts « Miroir 124° médium — plateau en frêne naturel »,« Miroir 124° moyen — tablette en frêne naturel / laqué noir ».,examen détaillé
corrigé,faible,Tags,TAG_CLEANUP,artek-124-mirror,Miroir 124,,,"Tags moyen, moyen-laque-noir, 124-mirror inutiles ; mobilier/rangement discutables ; manquent daniel-rybakken, frene, acier-inoxydable.",dossier tags,"Nettoyer et ajouter daniel-rybakken, frene, laque-noir.",examen détaillé
à faire,faible,Variantes,WEIGHT_MISSING,artek-124-mirror,Miroir 124,,,Poids d'expédition à 0 kg sur toutes les variantes.,dossier : weightKg = 0 pour chaque variante,Renseigner le poids d'expédition réel de chaque variante (fiche transporteur Artek).,examen détaillé
à faire,faible,Canaux,NOT_ON_META,artek-a110-hand-grenade,Suspension A110 Hand Grenade,,,Absente du catalogue Facebook & Instagram (117/160 fiches actives y sont).,Shopify Admin (29 septembre 2026),Publier sur Facebook & Instagram si souhaité.,contrôle automatique
à faire,faible,Tags,MADEIN_MISSING,artek-a110-hand-grenade,Suspension A110 Hand Grenade,,,Pas de tag made-in alors que l'origine est « Fabriqué en Chine ».,Shopify Admin (29 septembre 2026),,contrôle automatique
corrigé,faible,Métachamps,YEAR_IN_DESC,artek-a110-hand-grenade,Suspension A110 Hand Grenade,,,Année 1952 présente dans la description mais pas dans custom.year.,Shopify Admin (29 septembre 2026),Reporter l’année dans custom.year après vérification.,contrôle automatique
corrigé,faible,Tags,VARIANT_VALUE_TAGS,artek-a110-hand-grenade,Suspension A110 Hand Grenade,,,"Tags recopiant des valeurs de variantes : blanc-thermolaquee-laitonne-blanc-cable, blanc-thermolaquee-laque-blanc-blanc-cable, noir-thermolaquee-laitonne-noir-cable, noir-thermolaquee-laque-noir-noir-cable.",Shopify Admin (29 septembre 2026),Retirer ces tags : les finitions sont déjà portées par les variantes.,contrôle automatique
corrigé,faible,Tags,CODE_TAGS,artek-a110-hand-grenade,Suspension A110 Hand Grenade,,,Tags de référence : a110-hand-grenade.,Shopify Admin (29 septembre 2026),,contrôle automatique
corrigé,faible,Tags,FINISH_NOT_TAGGED,artek-a110-hand-grenade,Suspension A110 Hand Grenade,,,"Finitions proposées sans tag : laque-blanc, laque-noir.",Shopify Admin (29 septembre 2026),"Ajouter les tags de finition manquants, ou supprimer tous les tags de finition si le filtrage se fait par variante.",contrôle automatique
corrigé,faible,Options,OPTION_AGREEMENT,artek-a110-hand-grenade,Suspension A110 Hand Grenade,,,Accord « thermolaquée » (acier = masculin) : Noir thermolaquée / laitonné / noir câble | Blanc thermolaquée / laitonné / blanc câble | Noir thermolaquée / laqué noir / noir câble | Blanc thermolaquée / laqué blanc / blanc câble.,Shopify Admin (29 septembre 2026),"Écrire « thermolaqué » (acier, masculin).",contrôle automatique
corrigé,faible,Photos,ALT_GENERIC,artek-a110-hand-grenade,Suspension A110 Hand Grenade,,,6 photos de galerie avec le même alt générique « Suspension A110 Hand Grenade — Artek ».,Shopify Admin (29 septembre 2026),"Écrire un alt décrivant la scène (produit, finition, pièce).",contrôle automatique
à faire,faible,Description,CLIENT_NAME,artek-a110-hand-grenade,Suspension A110 Hand Grenade,,,« Maison de la Société finlandaise des techniciens » : Artek parle du bâtiment de l'Association des ingénieurs finlandais (Tekniikan talo).,https://www.artek.fi/en/products/pendant-light-a110-hand-grenade : « the building Alvar Aalto created for the Finnish Engineers' Association ».,« conçue pour le bâtiment de l'Association des ingénieurs finlandais à Helsinki ».,examen détaillé
corrigé,faible,Variantes,OPTION_LABEL_ORDER,artek-a110-hand-grenade,Suspension A110 Hand Grenade,,,Ordre « noir câble » / « blanc câble » incorrect et rôle des éléments non nommé (abat-jour / anneau / câble).,Options Finition.,"« Noir / anneau laitonné », « Noir / anneau noir », « Blanc / anneau laitonné », « Blanc / anneau blanc » (câble assorti précisé dans la description).",examen détaillé
à faire,faible,Variantes,MISSING_ARTEK_VARIANT,artek-a110-hand-grenade,Suspension A110 Hand Grenade,,,"Version Artek « duotone blanc/lin, anneau laitonné » (disponibilité limitée) non proposée.","https://www.artek.fi/en/products/pendant-light-a110-hand-grenade (Variants, « Limited availability »).",Ajout facultatif si l'approvisionnement le permet.,examen détaillé
à faire,faible,Tags,TAG_WRONG_PERFORATED,artek-a110-hand-grenade,Suspension A110 Hand Grenade,,,"Tag « abat-jour-perfore » faux : l'abat-jour est plein, seul l'anneau intérieur est perforé.","Photos #9 et #10 ; https://www.artek.fi/en/products/pendant-light-a110-hand-grenade (« perforated inner ring »).",Supprimer « abat-jour-perfore ».,examen détaillé
corrigé,faible,Métachamps,DIMENSIONS_VALUES,artek-a110-hand-grenade,Suspension A110 Hand Grenade,,,"Année, dimensions et matière absentes (constats auto) : valeurs Artek disponibles.","https://www.artek.fi/en/products/pendant-light-a110-hand-grenade (« Alvar Aalto, 1952 », dessin coté 16 / 44 / 13 / 5 / 250).","custom.year = 1952 ; custom.dimensions = « Ø 16 × H 44 cm · Rosace Ø 13 × H 5 cm · Câble : 250 cm » ; custom.material = « Abat-jour en acier thermolaqué · Anneau en acier laitonné ou laqué ».",examen détaillé
à faire,faible,Variantes,WEIGHT_MISSING,artek-a110-hand-grenade,Suspension A110 Hand Grenade,,,Poids d'expédition à 0 kg sur les 4 variantes.,Dossier : weightKg = 0 pour chaque variante.,Saisir le poids colis réel (fiche transporteur/fournisseur) sur chaque variante.,examen détaillé
à faire,faible,Site,SITE_CATEGORY_OBJETS,artek-a110-hand-grenade,Suspension A110 Hand Grenade,,,"L'API du site classe ce produit (type « Suspension ») en catégorie « objets » : le type « suspension » manque dans CATEGORY_MAP de lib/shopify/product-mapper.js (luminaires = applique, lampadaire, lampes…). Impact visible à confirmer (filtres/fil d'Ariane). Vérification du 29 septembre : ce champ « category » de l'API n'est lu par aucune page ni aucun filtre (familles, sous-catégories et filtre Catégorie reposent sur les collections) ; aucun effet visible aujourd'hui, correction de code à faire par hygiène.","site.json : api.category = 'objets', productType = 'suspension' ; lib/shopify/product-mapper.js ligne 12 (aucune entrée 'suspension'/'plafonnier').","Ajouter 'suspension' à la liste luminaires de CATEGORY_MAP (correction de code, hors Shopify).",examen détaillé
à faire,faible,Canaux,NOT_ON_META,artek-a201,Suspension A201,,,Absente du catalogue Facebook & Instagram (117/160 fiches actives y sont).,Shopify Admin (29 septembre 2026),Publier sur Facebook & Instagram si souhaité.,contrôle automatique
à faire,faible,Tags,MADEIN_MISSING,artek-a201,Suspension A201,,,Pas de tag made-in alors que l'origine est « Fabriqué en Chine ».,Shopify Admin (29 septembre 2026),,contrôle automatique
corrigé,faible,Tags,VARIANT_VALUE_TAGS,artek-a201,Suspension A201,,,Tags recopiant des valeurs de variantes : blanc-thermolaquee-laitonne-blanc-cable.,Shopify Admin (29 septembre 2026),Retirer ces tags : les finitions sont déjà portées par les variantes.,contrôle automatique
corrigé,faible,Tags,CODE_TAGS,artek-a201,Suspension A201,,,Tags de référence : a201.,Shopify Admin (29 septembre 2026),,contrôle automatique
corrigé,faible,Options,OPTION_AGREEMENT,artek-a201,Suspension A201,,,Accord « thermolaquée » (acier = masculin) : Blanc thermolaquée / laitonné / blanc câble.,Shopify Admin (29 septembre 2026),"Écrire « thermolaqué » (acier, masculin).",contrôle automatique
corrigé,faible,Photos,ALT_GENERIC,artek-a201,Suspension A201,,,5 photos de galerie avec le même alt générique « Suspension A201 — Artek ».,Shopify Admin (29 septembre 2026),"Écrire un alt décrivant la scène (produit, finition, pièce).",contrôle automatique
corrigé,faible,Variantes,OPTION_LABEL_ORDER,artek-a201,Suspension A201,Blanc thermolaquée / laitonné / blanc câble,#1,"En plus de l'accord (constat auto), l'ordre « blanc câble » n'est pas du français et le rôle de « laitonné » (l'anneau) n'est pas dit.",Option Finition.,"« Blanc thermolaqué / anneau laitonné / câble blanc » (ou simplement « Blanc / anneau laitonné », variante unique).",examen détaillé
à faire,faible,Variantes,WEIGHT_MISSING,artek-a201,Suspension A201,,,Poids d'expédition à 0 kg sur la variante.,Dossier : weightKg = 0 pour chaque variante.,Saisir le poids colis réel (fiche transporteur/fournisseur) sur chaque variante.,examen détaillé
à faire,faible,Site,SITE_CATEGORY_OBJETS,artek-a201,Suspension A201,,,"L'API du site classe ce produit (type « Suspension ») en catégorie « objets » : le type « suspension » manque dans CATEGORY_MAP de lib/shopify/product-mapper.js (luminaires = applique, lampadaire, lampes…). Impact visible à confirmer (filtres/fil d'Ariane). Vérification du 29 septembre : ce champ « category » de l'API n'est lu par aucune page ni aucun filtre (familles, sous-catégories et filtre Catégorie reposent sur les collections) ; aucun effet visible aujourd'hui, correction de code à faire par hygiène.","site.json : api.category = 'objets', productType = 'suspension' ; lib/shopify/product-mapper.js ligne 12 (aucune entrée 'suspension'/'plafonnier').","Ajouter 'suspension' à la liste luminaires de CATEGORY_MAP (correction de code, hors Shopify).",examen détaillé
à faire,faible,Tags,MADEIN_MISSING,artek-a330s-golden-bell,Suspension A330S Golden Bell,,,Pas de tag made-in alors que l'origine est « Fabriqué en Chine ».,Shopify Admin (29 septembre 2026),,contrôle automatique
corrigé,faible,Tags,VARIANT_VALUE_TAGS,artek-a330s-golden-bell,Suspension A330S Golden Bell,,,Tags recopiant des valeurs de variantes : laiton-poli-non-verni.,Shopify Admin (29 septembre 2026),Retirer ces tags : les finitions sont déjà portées par les variantes.,contrôle automatique
corrigé,faible,Tags,CODE_TAGS,artek-a330s-golden-bell,Suspension A330S Golden Bell,,,Tags de référence : a330s-golden-bell.,Shopify Admin (29 septembre 2026),,contrôle automatique
corrigé,faible,Photos,ALT_GENERIC,artek-a330s-golden-bell,Suspension A330S Golden Bell,,,10 photos de galerie avec le même alt générique « Suspension A330S Golden Bell — Artek ».,Shopify Admin (29 septembre 2026),"Écrire un alt décrivant la scène (produit, finition, pièce).",contrôle automatique
à faire,faible,Variantes,MISSING_ARTEK_VARIANT,artek-a330s-golden-bell,Suspension A330S Golden Bell,,,Nouvelle version Artek « laiton laqué rouge brique » absente.,"https://www.artek.fi/en/products/pendant-light-a330s-golden-bell (« Available 3 September … brass, brick red lacquer »).",Ajout facultatif.,examen détaillé
à faire,faible,Photos,GALLERY_WEAK,artek-a330s-golden-bell,Suspension A330S Golden Bell,,#5,"#5 (Artek Helsinki, Noël 2025) : la suspension est minuscule en haut à droite, scène saisonnière datée.",Planche #5 Artek_Helsinki_Christmas_2025_2_new_web.jpg.,Retirer ou placer en fin de galerie.,examen détaillé
à faire,faible,Métachamps,CABLE_DETAILS_INCOMPLETE,artek-a330s-golden-bell,Suspension A330S Golden Bell,,,"Données électriques exactes (E27, 12 W max, 220-240 V, IP20, classe II, Ø 17 × H 20) mais cable_details = « Longueur du câble : 250 cm » sans la couleur, qui varie (blanc ; noir pour le laqué noir et le Savoy, visible sur #10 et #12) ; rosace assortie non mentionnée.","custom.cable_details ; photos #9–#12 ; https://www.artek.fi/en/products/pendant-light-a330s-golden-bell (« Ceiling cup in the same material and finish as the shade »).","« Câble plastique 250 cm, blanc ou noir selon la finition · Rosace assortie ».",examen détaillé
à faire,faible,Variantes,WEIGHT_MISSING,artek-a330s-golden-bell,Suspension A330S Golden Bell,,,Poids d'expédition à 0 kg sur les 5 variantes.,Dossier : weightKg = 0 pour chaque variante.,Saisir le poids colis réel (fiche transporteur/fournisseur) sur chaque variante.,examen détaillé
à faire,faible,Site,SITE_CATEGORY_OBJETS,artek-a330s-golden-bell,Suspension A330S Golden Bell,,,"L'API du site classe ce produit (type « Suspension ») en catégorie « objets » : le type « suspension » manque dans CATEGORY_MAP de lib/shopify/product-mapper.js (luminaires = applique, lampadaire, lampes…). Impact visible à confirmer (filtres/fil d'Ariane). Vérification du 29 septembre : ce champ « category » de l'API n'est lu par aucune page ni aucun filtre (familles, sous-catégories et filtre Catégorie reposent sur les collections) ; aucun effet visible aujourd'hui, correction de code à faire par hygiène.","site.json : api.category = 'objets', productType = 'suspension' ; lib/shopify/product-mapper.js ligne 12 (aucune entrée 'suspension'/'plafonnier').","Ajouter 'suspension' à la liste luminaires de CATEGORY_MAP (correction de code, hors Shopify).",examen détaillé
à faire,faible,Tags,MADEIN_MISSING,artek-a331-beehive,Suspension A331 Beehive,,,Pas de tag made-in alors que l'origine est « Fabriqué en Chine ».,Shopify Admin (29 septembre 2026),,contrôle automatique
corrigé,faible,Métachamps,YEAR_IN_DESC,artek-a331-beehive,Suspension A331 Beehive,,,Année 1953 présente dans la description mais pas dans custom.year.,Shopify Admin (29 septembre 2026),Reporter l’année dans custom.year après vérification.,contrôle automatique
corrigé,faible,Tags,VARIANT_VALUE_TAGS,artek-a331-beehive,Suspension A331 Beehive,,,"Tags recopiant des valeurs de variantes : blanc-thermolaquee-chrome-blanc-cable-plastique, blanc-thermolaquee-laitonne-blanc-cable, noir-thermolaquee-interieur-blanc-laitonne-noir-cable-plastique.",Shopify Admin (29 septembre 2026),Retirer ces tags : les finitions sont déjà portées par les variantes.,contrôle automatique
corrigé,faible,Tags,CODE_TAGS,artek-a331-beehive,Suspension A331 Beehive,,,Tags de référence : a331-beehive.,Shopify Admin (29 septembre 2026),,contrôle automatique
corrigé,faible,Options,OPTION_AGREEMENT,artek-a331-beehive,Suspension A331 Beehive,,,Accord « thermolaquée » (acier = masculin) : Blanc thermolaquée / laitonné / blanc câble | Noir thermolaquée / intérieur blanc / laitonné / noir câble plastique | Blanc thermolaquée / chromé / blanc câble plastique.,Shopify Admin (29 septembre 2026),"Écrire « thermolaqué » (acier, masculin).",contrôle automatique
corrigé,faible,Photos,ALT_GENERIC,artek-a331-beehive,Suspension A331 Beehive,,,7 photos de galerie avec le même alt générique « Suspension A331 Beehive — Artek ».,Shopify Admin (29 septembre 2026),"Écrire un alt décrivant la scène (produit, finition, pièce).",contrôle automatique
corrigé,faible,Variantes,OPTION_LABEL_INCONSISTENT,artek-a331-beehive,Suspension A331 Beehive,,,"Libellés incohérents entre eux : « blanc câble » vs « blanc câble plastique » vs « noir câble plastique » ; la mention « intérieur blanc » n'apparaît que sur la version noire.",Options Finition (3 valeurs).,"« Blanc / anneaux laitonnés », « Blanc / anneaux chromés », « Noir (intérieur blanc) / anneaux laitonnés ».",examen détaillé
à faire,faible,Description,CHROME_OMITTED,artek-a331-beehive,Suspension A331 Beehive,,,"La description ne cite que des « anneaux en acier laitonné » alors qu'une variante vendue a des anneaux chromés ; l'abat-jour est « repoussé à la main » (non dit).","Description ; variante « Blanc thermolaquée / chromé / … » ; https://www.artek.fi/en/products/pendant-light-a331-beehive.",« …un abat-jour en aluminium repoussé à la main et des anneaux en acier laitonné ou chromé ».,examen détaillé
à faire,faible,Tags,FINISH_TAGS_MISSING,artek-a331-beehive,Suspension A331 Beehive,,,"Aucun tag de finition utilisable (laitonne, chrome, noir, blanc) ; seules des recopies de libellés existent.",Tags.,"Remplacer les 3 tags recopiés par « laitonne », « chrome », « blanc », « noir ».",examen détaillé
corrigé,faible,Métachamps,DIMENSIONS_VALUES,artek-a331-beehive,Suspension A331 Beehive,,,"Année, dimensions, matière absentes (constats auto) : valeurs Artek disponibles.","https://www.artek.fi/en/products/pendant-light-a331-beehive (« Alvar Aalto, 1953 », dessin 33 / 30 / 10 / 6 / 250).","custom.year = 1953 ; custom.dimensions = « Ø 33 × H 30 cm · Rosace Ø 10 × H 6 cm · Câble : 250 cm » ; custom.material = « Abat-jour en aluminium repoussé thermolaqué · Anneaux en acier laitonné ou chromé ».",examen détaillé
à faire,faible,Variantes,WEIGHT_MISSING,artek-a331-beehive,Suspension A331 Beehive,,,Poids d'expédition à 0 kg sur les 3 variantes.,Dossier : weightKg = 0 pour chaque variante.,Saisir le poids colis réel (fiche transporteur/fournisseur) sur chaque variante.,examen détaillé
à faire,faible,Site,SITE_CATEGORY_OBJETS,artek-a331-beehive,Suspension A331 Beehive,,,"L'API du site classe ce produit (type « Suspension ») en catégorie « objets » : le type « suspension » manque dans CATEGORY_MAP de lib/shopify/product-mapper.js (luminaires = applique, lampadaire, lampes…). Impact visible à confirmer (filtres/fil d'Ariane). Vérification du 29 septembre : ce champ « category » de l'API n'est lu par aucune page ni aucun filtre (familles, sous-catégories et filtre Catégorie reposent sur les collections) ; aucun effet visible aujourd'hui, correction de code à faire par hygiène.","site.json : api.category = 'objets', productType = 'suspension' ; lib/shopify/product-mapper.js ligne 12 (aucune entrée 'suspension'/'plafonnier').","Ajouter 'suspension' à la liste luminaires de CATEGORY_MAP (correction de code, hors Shopify).",examen détaillé
à faire,faible,Tags,MADEIN_MISSING,artek-a333-turnip,Suspension A333 Turnip,,,Pas de tag made-in alors que l'origine est « Fabriqué en Chine ».,Shopify Admin (29 septembre 2026),,contrôle automatique
corrigé,faible,Tags,CODE_TAGS,artek-a333-turnip,Suspension A333 Turnip,,,Tags de référence : a333-turnip.,Shopify Admin (29 septembre 2026),,contrôle automatique
corrigé,faible,Photos,ALT_GENERIC,artek-a333-turnip,Suspension A333 Turnip,,,3 photos de galerie avec le même alt générique « Suspension A333 Turnip — Artek ».,Shopify Admin (29 septembre 2026),"Écrire un alt décrivant la scène (produit, finition, pièce).",contrôle automatique
à faire,faible,Description,RING_ONE_VARIANT,artek-a333-turnip,Suspension A333 Turnip,,,"« porte à sa base un anneau décoratif en acier laitonné » vaut pour une seule des deux variantes. « l'acier peint » : Artek dit thermolaqué. « cantine du siège » : précision absente chez Artek, à confirmer.","Description ; https://www.artek.fi/en/products/pendant-light-a333-turnip (« created for the National Pensions Institute building »).","« …un anneau en acier laitonné ou laqué blanc » ; retirer « cantine » faute de source.",examen détaillé
à faire,faible,Variantes,MISSING_ARTEK_VARIANT,artek-a333-turnip,Suspension A333 Turnip,,,Version Artek duotone blanc/lin (disponibilité limitée) absente.,https://www.artek.fi/en/products/pendant-light-a333-turnip.,Ajout facultatif.,examen détaillé
corrigé,faible,Tags,DECADE_TAG_MISSING,artek-a333-turnip,Suspension A333 Turnip,,,Pas de tag « annees-1950 » alors que la description et Artek datent le modèle des années 1950.,"Tags ; https://www.artek.fi/en/products/pendant-light-a333-turnip (« Alvar Aalto, 1950's »).",Ajouter « annees-1950 ».,examen détaillé
corrigé,faible,Métachamps,DIMENSIONS_VALUES,artek-a333-turnip,Suspension A333 Turnip,,,Dimensions et matière absentes (constats auto) : valeurs Artek disponibles.,Dessin coté https://www.artek.fi/en/products/pendant-light-a333-turnip (25.5 / 20 / 12 / 10 / 250).,"custom.dimensions = « Ø 25,5 × H 20 cm · Rosace Ø 12 × H 10 cm · Câble : 250 cm » ; custom.material = « Abat-jour en acier repoussé thermolaqué blanc · Anneau en acier laitonné ou laqué blanc ».",examen détaillé
à faire,faible,Variantes,WEIGHT_MISSING,artek-a333-turnip,Suspension A333 Turnip,,,Poids d'expédition à 0 kg sur les 2 variantes.,Dossier : weightKg = 0 pour chaque variante.,Saisir le poids colis réel (fiche transporteur/fournisseur) sur chaque variante.,examen détaillé
à faire,faible,Site,SITE_CATEGORY_OBJETS,artek-a333-turnip,Suspension A333 Turnip,,,"L'API du site classe ce produit (type « Suspension ») en catégorie « objets » : le type « suspension » manque dans CATEGORY_MAP de lib/shopify/product-mapper.js (luminaires = applique, lampadaire, lampes…). Impact visible à confirmer (filtres/fil d'Ariane). Vérification du 29 septembre : ce champ « category » de l'API n'est lu par aucune page ni aucun filtre (familles, sous-catégories et filtre Catégorie reposent sur les collections) ; aucun effet visible aujourd'hui, correction de code à faire par hygiène.","site.json : api.category = 'objets', productType = 'suspension' ; lib/shopify/product-mapper.js ligne 12 (aucune entrée 'suspension'/'plafonnier').","Ajouter 'suspension' à la liste luminaires de CATEGORY_MAP (correction de code, hors Shopify).",examen détaillé
corrigé,faible,Métachamps,YEAR_IN_DESC,artek-a440,Suspension A440,,,Année 1954 présente dans la description mais pas dans custom.year.,Shopify Admin (29 septembre 2026),Reporter l’année dans custom.year après vérification.,contrôle automatique
corrigé,faible,Tags,VARIANT_VALUE_TAGS,artek-a440,Suspension A440,,,Tags recopiant des valeurs de variantes : souffle-bouche-verre-opalin-satine.,Shopify Admin (29 septembre 2026),Retirer ces tags : les finitions sont déjà portées par les variantes.,contrôle automatique
corrigé,faible,Tags,CODE_TAGS,artek-a440,Suspension A440,,,Tags de référence : a440.,Shopify Admin (29 septembre 2026),,contrôle automatique
corrigé,faible,Photos,ALT_GENERIC,artek-a440,Suspension A440,,,5 photos de galerie avec le même alt générique « Suspension A440 — Artek ».,Shopify Admin (29 septembre 2026),"Écrire un alt décrivant la scène (produit, finition, pièce).",contrôle automatique
corrigé,faible,Variantes,OPTION_LABEL,artek-a440,Suspension A440,,#1,Libellé « Soufflé bouche verre opalin / satiné » peu naturel.,Option Finition.,"« Verre opale soufflé bouche, satiné ».",examen détaillé
à faire,faible,Description,UNSOURCED_CLAIM,artek-a440,Suspension A440,,,"« l'un des rares luminaires entièrement en verre créés par Alvar Aalto » : affirmation absente de la page Artek, à confirmer.","Description ; https://www.artek.fi/en/products/pendant-light-a440.",Retirer ou sourcer.,examen détaillé
corrigé,faible,Métachamps,DIMENSIONS_VALUES,artek-a440,Suspension A440,,,"Année, dimensions, matière absentes (constats auto) : valeurs Artek disponibles.","https://www.artek.fi/en/products/pendant-light-a440 (« Alvar Aalto, 1954 », dessin 19 / 23 / 10 / 6 / 200).","custom.year = 1954 ; custom.dimensions = « Ø 19 × H 23 cm · Rosace Ø 10 × H 6 cm · Câble : 200 cm » ; custom.material = « Verre opale soufflé bouche, dépoli ».",examen détaillé
à faire,faible,Variantes,WEIGHT_MISSING,artek-a440,Suspension A440,,,Poids d'expédition à 0 kg sur la variante.,Dossier : weightKg = 0 pour chaque variante.,Saisir le poids colis réel (fiche transporteur/fournisseur) sur chaque variante.,examen détaillé
à faire,faible,Site,SITE_CATEGORY_OBJETS,artek-a440,Suspension A440,,,"L'API du site classe ce produit (type « Suspension ») en catégorie « objets » : le type « suspension » manque dans CATEGORY_MAP de lib/shopify/product-mapper.js (luminaires = applique, lampadaire, lampes…). Impact visible à confirmer (filtres/fil d'Ariane). Vérification du 29 septembre : ce champ « category » de l'API n'est lu par aucune page ni aucun filtre (familles, sous-catégories et filtre Catégorie reposent sur les collections) ; aucun effet visible aujourd'hui, correction de code à faire par hygiène.","site.json : api.category = 'objets', productType = 'suspension' ; lib/shopify/product-mapper.js ligne 12 (aucune entrée 'suspension'/'plafonnier').","Ajouter 'suspension' à la liste luminaires de CATEGORY_MAP (correction de code, hors Shopify).",examen détaillé
à faire,faible,Canaux,NOT_ON_META,artek-a805-angel-wing-eu,Lampadaire A805 Angel Wing,,,Absente du catalogue Facebook & Instagram (117/160 fiches actives y sont).,Shopify Admin (29 septembre 2026),Publier sur Facebook & Instagram si souhaité.,contrôle automatique
corrigé,faible,Tags,EN_MODEL_TAGS,artek-a805-angel-wing-eu,Lampadaire A805 Angel Wing,,,Tags anglais/références fournisseur : a805-angel-wing-eu.,Shopify Admin (29 septembre 2026),"Retirer ces tags, sauf ceux utilisés par le méga-menu (stool-60).",contrôle automatique
corrigé,faible,Tags,CODE_TAGS,artek-a805-angel-wing-eu,Lampadaire A805 Angel Wing,,,Tags de référence : a805-angel-wing-eu.,Shopify Admin (29 septembre 2026),,contrôle automatique
corrigé,faible,Photos,ALT_GENERIC,artek-a805-angel-wing-eu,Lampadaire A805 Angel Wing,,,4 photos de galerie avec le même alt générique « Lampadaire A805 Angel Wing — Artek ».,Shopify Admin (29 septembre 2026),"Écrire un alt décrivant la scène (produit, finition, pièce).",contrôle automatique
à faire,faible,Description,INSTITUTE_NAME,artek-a805-angel-wing-eu,Lampadaire A805 Angel Wing,,,"« l'Institution d'assurances sociales d'Helsinki » : les autres fiches (A808, A622, A811) disent « Institut national des pensions » pour le même client (Kela).","Description A805 / A810 vs A808 / A622 ; https://www.artek.fi/en/products/floor-light-a805-angel-wing (« National Pensions Institute »).",Uniformiser : « l'Institut national des pensions (Kela) à Helsinki ».,examen détaillé
corrigé,faible,Métachamps,MATERIAL_NICKEL_OMITTED,artek-a805-angel-wing-eu,Lampadaire A805 Angel Wing,,,custom.material dit « Tube en laiton » sans mentionner la version nickelée vendue.,"custom.material ; https://www.artek.fi/en/products/floor-light-a805-angel-wing (« Tube: brass, nickel plated »).",« Tube en laiton poli ou laiton nickelé ».,examen détaillé
à faire,faible,Photos,GALLERY_WEAK,artek-a805-angel-wing-eu,Lampadaire A805 Angel Wing,,#3,"#3 : salle de réunion où le lampadaire n'est qu'un petit élément au fond, derrière la table ; peu utile.",Planche #3 Floor_Light_A805.jpg.,Placer en fin de galerie ou retirer.,examen détaillé
à faire,faible,Variantes,WEIGHT_MISSING,artek-a805-angel-wing-eu,Lampadaire A805 Angel Wing,,,Poids d'expédition à 0 kg sur les 2 variantes.,Dossier : weightKg = 0 pour chaque variante.,Saisir le poids colis réel (fiche transporteur/fournisseur) sur chaque variante.,examen détaillé
à faire,faible,Métachamps,YEAR_IN_DESC,artek-a808-eu,Lampadaire A808,,,Année 1955 présente dans la description mais pas dans custom.year.,Shopify Admin (29 septembre 2026),Reporter l’année dans custom.year après vérification.,contrôle automatique
corrigé,faible,Tags,VARIANT_VALUE_TAGS,artek-a808-eu,Lampadaire A808,,,Tags recopiant des valeurs de variantes : blanc-peint-acier.,Shopify Admin (29 septembre 2026),Retirer ces tags : les finitions sont déjà portées par les variantes.,contrôle automatique
corrigé,faible,Tags,EN_MODEL_TAGS,artek-a808-eu,Lampadaire A808,,,Tags anglais/références fournisseur : a808-eu.,Shopify Admin (29 septembre 2026),"Retirer ces tags, sauf ceux utilisés par le méga-menu (stool-60).",contrôle automatique
corrigé,faible,Tags,CODE_TAGS,artek-a808-eu,Lampadaire A808,,,Tags de référence : a808-eu.,Shopify Admin (29 septembre 2026),,contrôle automatique
corrigé,faible,Photos,ALT_GENERIC,artek-a808-eu,Lampadaire A808,,,4 photos de galerie avec le même alt générique « Lampadaire A808 — Artek ».,Shopify Admin (29 septembre 2026),"Écrire un alt décrivant la scène (produit, finition, pièce).",contrôle automatique
corrigé,faible,Métachamps,DIMENSIONS_VALUES,artek-a808-eu,Lampadaire A808,,,"Année, dimensions, matière absentes (constats auto) : valeurs Artek disponibles.","https://www.artek.fi/en/products/floor-light-a808 (« Alvar Aalto, 1955/1956 », dessin 40 / 163).","custom.year = 1955 ; custom.dimensions = « L 40 × H 163 cm · Câble : 250 cm » ; custom.material = « Socle et fût en acier gainé de cuir noir · Tube en laiton poli · Abat-jour en acier laqué blanc ou en laiton poli repoussé à la main ».",examen détaillé
à faire,faible,Variantes,WEIGHT_MISSING,artek-a808-eu,Lampadaire A808,,,Poids d'expédition à 0 kg sur les 2 variantes.,Dossier : weightKg = 0 pour chaque variante.,Saisir le poids colis réel (fiche transporteur/fournisseur) sur chaque variante.,examen détaillé
corrigé,faible,Tags,EN_MODEL_TAGS,artek-a810-eu,Lampadaire A810,,,Tags anglais/références fournisseur : a810-eu.,Shopify Admin (29 septembre 2026),"Retirer ces tags, sauf ceux utilisés par le méga-menu (stool-60).",contrôle automatique
corrigé,faible,Tags,CODE_TAGS,artek-a810-eu,Lampadaire A810,,,Tags de référence : a810-eu.,Shopify Admin (29 septembre 2026),,contrôle automatique
corrigé,faible,Photos,ALT_GENERIC,artek-a810-eu,Lampadaire A810,,,6 photos de galerie avec le même alt générique « Lampadaire A810 — Artek ».,Shopify Admin (29 septembre 2026),"Écrire un alt décrivant la scène (produit, finition, pièce).",contrôle automatique
à faire,faible,Description,INSTITUTE_NAME,artek-a810-eu,Lampadaire A810,,,"« l'Institution d'assurances sociales d'Helsinki » : libellé différent d'« Institut national des pensions » utilisé sur l'A808, l'A811 et l'A622.","Description ; https://www.artek.fi/en/products/floor-light-a810.",Uniformiser : « l'Institut national des pensions (Kela) ».,examen détaillé
corrigé,faible,Photos,ALT_FILENAME_NICKEL,artek-a810-eu,Lampadaire A810,Acier inoxydable,#7,"Le fichier du packshot inox s'appelle « Floor-Light-A810-nickel-tube_on_web.jpg » alors qu'il n'existe pas de version nickelée pour l'A810 (inox poli). L'image montre bien un tube argenté et l'alt est juste ; seul le nom de fichier prête à confusion.","Média #7 ; https://www.artek.fi/en/products/floor-light-a810 (« Tube: stainless steel, polished »).","Aucune correction côté client ; renommer le fichier lors d'un prochain réimport.",examen détaillé
à faire,faible,Variantes,WEIGHT_MISSING,artek-a810-eu,Lampadaire A810,,,Poids d'expédition à 0 kg sur les 2 variantes.,Dossier : weightKg = 0 pour chaque variante.,Saisir le poids colis réel (fiche transporteur/fournisseur) sur chaque variante.,examen détaillé
corrigé,faible,Métachamps,YEAR_IN_DESC,artek-a811-eu,Lampadaire A811,,,Année 1965 présente dans la description mais pas dans custom.year.,Shopify Admin (29 septembre 2026),Reporter l’année dans custom.year après vérification.,contrôle automatique
corrigé,faible,Tags,EN_MODEL_TAGS,artek-a811-eu,Lampadaire A811,,,Tags anglais/références fournisseur : a811-eu.,Shopify Admin (29 septembre 2026),"Retirer ces tags, sauf ceux utilisés par le méga-menu (stool-60).",contrôle automatique
corrigé,faible,Tags,CODE_TAGS,artek-a811-eu,Lampadaire A811,,,Tags de référence : a811-eu.,Shopify Admin (29 septembre 2026),,contrôle automatique
corrigé,faible,Photos,ALT_GENERIC,artek-a811-eu,Lampadaire A811,,,2 photos de galerie avec le même alt générique « Lampadaire A811 — Artek ».,Shopify Admin (29 septembre 2026),"Écrire un alt décrivant la scène (produit, finition, pièce).",contrôle automatique
à faire,faible,Variantes,NICKEL_BASE_METAL,artek-a811-eu,Lampadaire A811,,,"« Laiton nickelé » : la page Artek dit « Tube: steel, nickel-plated », la fiche PDF « nickel plated brass ». Le métal de base est à confirmer.",https://www.artek.fi/en/products/floor-light-a811 (Variants) vs PDF Floor-Light-A811-Factsheet.,"Si possible, libellé neutre « Nickelé » (ou « Tube nickelé »).",examen détaillé
corrigé,faible,Métachamps,DIMENSIONS_VALUES,artek-a811-eu,Lampadaire A811,,,"Année, dimensions, matière absentes (constats auto) : valeurs Artek disponibles.","https://www.artek.fi/en/products/floor-light-a811 (Year: 1965 ; dessin 45 / 160).","custom.year = 1965 ; custom.dimensions = « L 45 × H 160 cm · Câble : 250 cm » ; custom.material = « Socle et fût en acier gainé de cuir noir · Tube en laiton poli ou nickelé · Abat-jour à lamelles d'acier laqué blanc ».",examen détaillé
à faire,faible,Variantes,WEIGHT_MISSING,artek-a811-eu,Lampadaire A811,,,Poids d'expédition à 0 kg sur les 2 variantes.,Dossier : weightKg = 0 pour chaque variante.,Saisir le poids colis réel (fiche transporteur/fournisseur) sur chaque variante.,examen détaillé
corrigé,faible,Tags,GIFT_EXPENSIVE,artek-aalto-table-extendable-97,Table à rallonge Aalto 97 135/190 × 85 cm,,,Tag idee-cadeau sur un produit à partir de 3439.0 €.,Shopify Admin (29 septembre 2026),,contrôle automatique
corrigé,faible,Photos,ALT_GENERIC,artek-aalto-table-extendable-97,Table à rallonge Aalto 97 135/190 × 85 cm,,,3 photos de galerie avec le même alt générique « Table à rallonge Aalto 97 135/190 × 85 cm — Artek ».,Shopify Admin (29 septembre 2026),"Écrire un alt décrivant la scène (produit, finition, pièce).",contrôle automatique
à faire,faible,SEO,SEO_AVAILABILITY_CLAIM,artek-aalto-table-extendable-97,Table à rallonge Aalto 97 135/190 × 85 cm,,,La méta-description annonce une disponibilité à Uccle alors que le stock est à 0 et le délai affiché de 3-4 semaines (vente sur commande).,"SEO : « Table à rallonge Aalto 97 par Alvar Aalto (1956) pour Artek, en bouleau finlandais. De 135 à 190 cm, disponible à Uccle (Bruxelles). » ; variantes qty 0, policy CONTINUE ; site leadTime « 3-4 semaines »",Formuler « à commander chez Mikado Deco à Uccle » ou retirer la mention.,examen détaillé
corrigé,faible,Tags,VARIANT_VALUE_TAGS,artek-aalto-table-foldable-dl81c,Table pliante Aalto DL81C 75/113 × 75 cm,,,"Tags recopiant des valeurs de variantes : clay-linoleum, pistachio-linoleum, vapour-linoleum.",Shopify Admin (29 septembre 2026),Retirer ces tags : les finitions sont déjà portées par les variantes.,contrôle automatique
corrigé,faible,Tags,GIFT_EXPENSIVE,artek-aalto-table-foldable-dl81c,Table pliante Aalto DL81C 75/113 × 75 cm,,,Tag idee-cadeau sur un produit à partir de 1577.0 €.,Shopify Admin (29 septembre 2026),,contrôle automatique
corrigé,faible,Photos,ALT_GENERIC,artek-aalto-table-foldable-dl81c,Table pliante Aalto DL81C 75/113 × 75 cm,,,3 photos de galerie avec le même alt générique « Table pliante Aalto DL81C 75/113 × 75 cm — Artek ».,Shopify Admin (29 septembre 2026),"Écrire un alt décrivant la scène (produit, finition, pièce).",contrôle automatique
corrigé,faible,Titre,TITLE_ROUNDED_DIMENSION,artek-aalto-table-foldable-dl81c,Table pliante Aalto DL81C 75/113 × 75 cm,,,"Le titre et le SEO indiquent 75/113 × 75 cm ; Artek et data/catalog-enrichment/artek-tables.json disent 75/112,5 × 75 cm.","titre « Table pliante Aalto DL81C 75/113 × 75 cm » ; artek-tables.json name « …75/112,5 × 75 cm » ; artek.fi « 75/112,5x75 cm »","Titre « Table pliante Aalto DL81C 75/112,5 × 75 cm ».",examen détaillé
à faire,faible,Photos,SEASONAL_AMBIANCE,artek-aalto-table-foldable-dl81c,Table pliante Aalto DL81C 75/113 × 75 cm,,#2,"Ambiance de Noël 2025 dans le magasin Artek Helsinki ; photo saisonnière datée, table peu mise en valeur.",#2 « Artek_Helsinki_Christmas_2025_2_new_web… »,Reléguer en fin de galerie ou remplacer.,examen détaillé
corrigé,faible,Tags,GIFT_EXPENSIVE,artek-aalto-table-half-round-95,Table demi-ronde Aalto 95 120 × 60 cm,,,Tag idee-cadeau sur un produit à partir de 1382.0 €.,Shopify Admin (29 septembre 2026),,contrôle automatique
corrigé,faible,Photos,ALT_GENERIC,artek-aalto-table-half-round-95,Table demi-ronde Aalto 95 120 × 60 cm,,,3 photos de galerie avec le même alt générique « Table demi-ronde Aalto 95 120 × 60 cm — Artek ».,Shopify Admin (29 septembre 2026),"Écrire un alt décrivant la scène (produit, finition, pièce).",contrôle automatique
à faire,faible,SEO,SEO_AVAILABILITY_CLAIM,artek-aalto-table-half-round-95,Table demi-ronde Aalto 95 120 × 60 cm,,,La méta-description annonce une disponibilité à Uccle alors que le stock est à 0 et le délai affiché de 3-4 semaines (vente sur commande).,"SEO : « Table demi-ronde Aalto 95 par Alvar Aalto (1933) pour Artek, en bouleau finlandais. Idéale contre un mur, disponible à Uccle (Bruxelles). » ; variantes qty 0, policy CONTINUE ; site leadTime « 3-4 semaines »",Formuler « à commander chez Mikado Deco à Uccle » ou retirer la mention.,examen détaillé
corrigé,faible,Tags,GIFT_EXPENSIVE,artek-aalto-table-half-round-96,Table demi-ronde Aalto 96 150 × 75 cm,,,Tag idee-cadeau sur un produit à partir de 1941.0 €.,Shopify Admin (29 septembre 2026),,contrôle automatique
à faire,faible,SEO,SEO_AVAILABILITY_CLAIM,artek-aalto-table-half-round-96,Table demi-ronde Aalto 96 150 × 75 cm,,,La méta-description annonce une disponibilité à Uccle alors que le stock est à 0 et le délai affiché de 3-4 semaines (vente sur commande).,"SEO : « Table demi-ronde Aalto 96 par Alvar Aalto (1933) pour Artek, en bouleau finlandais. Grand format 150 cm, disponible à Uccle (Bruxelles). » ; variantes qty 0, policy CONTINUE ; site leadTime « 3-4 semaines »",Formuler « à commander chez Mikado Deco à Uccle » ou retirer la mention.,examen détaillé
à faire,faible,Photos,NO_AMBIANCE,artek-aalto-table-half-round-96,Table demi-ronde Aalto 96 150 × 75 cm,,#4,Aucune ambiance : la galerie ne contient qu’un gros plan d’échantillons de plateaux.,#4 seule image GALERIE,Ajouter une ambiance Artek de la 96.,examen détaillé
à faire,faible,Données fabricant,ARTEK_DRAWING_ERROR,artek-aalto-table-half-round-96,Table demi-ronde Aalto 96 150 × 75 cm,,,"Sur artek.fi, le dessin coté de la « Table 96 » reprend les cotes de la 95 (120 / 60) alors que le sélecteur indique 150 × 75 cm ; le dépôt et Shopify retiennent à juste titre 150 × 75.","artek.fi/en/products/aalto-table-half-round : figure « Table 96 » (numéros 120, 4, 74, 60) vs bouton « 150x75 cm Table 96 »","Garder 150 × 75 × 74 cm ; ne pas recopier le dessin artek.fi.",examen détaillé
corrigé,faible,Tags,GIFT_EXPENSIVE,artek-aalto-table-rectangular-80a,Table Aalto 80A 120 × 60 cm,,,Tag idee-cadeau sur un produit à partir de 1152.0 €.,Shopify Admin (29 septembre 2026),,contrôle automatique
corrigé,faible,Photos,ALT_GENERIC,artek-aalto-table-rectangular-80a,Table Aalto 80A 120 × 60 cm,,,7 photos de galerie avec le même alt générique « Table Aalto 80A 120 × 60 cm — Artek ».,Shopify Admin (29 septembre 2026),"Écrire un alt décrivant la scène (produit, finition, pièce).",contrôle automatique
à faire,faible,Tags,MISSING_SHAPE_TAG,artek-aalto-table-rectangular-80a,Table Aalto 80A 120 × 60 cm,,,"Aucun tag de forme alors que les tables carrées, rondes et demi-rondes ont table-carree, table-ronde, table-demi-ronde ; les tags table-design et table-en-bois des autres tables Aalto manquent aussi.","tags : aalto-table-rectangular-80a, alvar-aalto, artek, bois-de-bouleau, bouleau, idee-cadeau, intemporel, interieur, lamifie-blanc, linoleum-noir, made-in-finlande, minimaliste, mobilier, mobilier-interieur, repas, salle-a-manger, scandinave, table, table-de-repas, table-de-salle-a-manger","Ajouter table-rectangulaire, table-design, table-en-bois.",examen détaillé
à faire,faible,Photos,UNIDENTIFIED_AMBIANCE,artek-aalto-table-rectangular-80a,Table Aalto 80A 120 × 60 cm,,#3,"Gros plan sur une chaise Lukki ; seul un pied de table est visible, code non identifiable (même image que 80B #2 et 81A #2).",#3 fichier « Lukki-Chair-Aalto-Table-rectangular-_3_web.jpg »,"Retirer ou placer après les ambiances où la 80A est visible (#2, #4).",examen détaillé
à faire,faible,Classement,TAXONOMY_KIDS,artek-aalto-table-rectangular-80a-60cm,Table enfant Aalto 80A 120 × 60 cm H60,,,Table enfant en catégorie Shopify « Dining Tables » (existe : Kids Tables).,Shopify Admin (29 septembre 2026),,contrôle automatique
corrigé,faible,SEO,SEO_EN_WORDS,artek-aalto-table-rectangular-80a-60cm,Table enfant Aalto 80A 120 × 60 cm H60,,,"La méta-description garde des mots anglais (« rectangular », « square », « round ») et « 60cm » sans espace, et ne cite ni créateur ni année.",seo.description du dossier,"« Table enfant Aalto 80A 120 × 60 cm H60, hauteur 60 cm, par Alvar Aalto (1933) — Artek, bouleau finlandais. Livraison en Belgique depuis Mikado Deco. »",examen détaillé
à faire,faible,Description,TERM_INCONSISTENT,artek-aalto-table-rectangular-80a-60cm,Table enfant Aalto 80A 120 × 60 cm H60,,,"La description parle de plateau « stratifié », alors que la variante s'appelle « Lamifié blanc » (ou « Iki blanc hp ») : même matière sous trois noms.","Description : « bouleau, linoléum ou stratifié » ; options du produit",Utiliser partout « lamifié (HPL) blanc ».,examen détaillé
à faire,faible,Prix,KIDS_PRICE_PLAUSIBILITY,artek-aalto-table-rectangular-80a-60cm,Table enfant Aalto 80A 120 × 60 cm H60,,,"Précision au constat KIDS_PRICE_EQUALS_ADULT : reprendre le prix adulte est plausible (même plateau et mêmes pieds en L raccourcis, Artek présente la table enfant comme une Aalto Table à pieds bas), mais c'est à confirmer. Autre point : les trois finitions sont au même prix, alors que sur les tabourets et chaises Artek de la boutique le lamifié et le linoléum coûtent environ 30 € de plus que le bouleau.","Prix identiques aux fiches adultes ; variantes toutes au même prix",Vérifier la liste de prix Artek hauteur 60 cm et l'écart par finition.,examen détaillé
à faire,faible,Variantes,NO_SHIPPING_WEIGHT,artek-aalto-table-rectangular-80a-60cm,Table enfant Aalto 80A 120 × 60 cm H60,,,Aucun poids d'expédition sur les variantes.,Variantes : weight 0,Renseigner le poids.,examen détaillé
à faire,faible,Métachamps,DIMENSIONS_VALUE,artek-aalto-table-rectangular-80a-60cm,Table enfant Aalto 80A 120 × 60 cm H60,,,"Précision aux constats NO_DIMENSIONS, NO_YEAR, NO_ORIGIN.","cotes lues dans les identifiants « number_* » du schéma SVG « Materials and Dimensions » de la page artek.fi aalto-childrens-table-rectangular, dessin 80A : 120 × 60, H 60","custom.dimensions = « 80A 120 × 60 cm H60 » ; custom.year = 1933 ; custom.origin : « Fabriqué en Finlande (plateau bouleau : Finlande ou Allemagne) ».",examen détaillé
corrigé,faible,Tags,GIFT_EXPENSIVE,artek-aalto-table-rectangular-80b,Table Aalto 80B 100 × 60 cm,,,Tag idee-cadeau sur un produit à partir de 1069.0 €.,Shopify Admin (29 septembre 2026),,contrôle automatique
corrigé,faible,Photos,ALT_GENERIC,artek-aalto-table-rectangular-80b,Table Aalto 80B 100 × 60 cm,,,8 photos de galerie avec le même alt générique « Table Aalto 80B 100 × 60 cm — Artek ».,Shopify Admin (29 septembre 2026),"Écrire un alt décrivant la scène (produit, finition, pièce).",contrôle automatique
à faire,faible,Tags,MISSING_SHAPE_TAG,artek-aalto-table-rectangular-80b,Table Aalto 80B 100 × 60 cm,,,"Aucun tag de forme alors que les tables carrées, rondes et demi-rondes ont table-carree, table-ronde, table-demi-ronde ; les tags table-design et table-en-bois des autres tables Aalto manquent aussi.","tags : aalto-table-rectangular-80b, alvar-aalto, artek, bois-de-bouleau, bouleau, idee-cadeau, intemporel, interieur, lamifie-blanc, linoleum-noir, made-in-finlande, minimaliste, mobilier, mobilier-interieur, repas, salle-a-manger, scandinave, table, table-de-repas, table-de-salle-a-manger","Ajouter table-rectangulaire, table-design, table-en-bois.",examen détaillé
à faire,faible,Photos,UNIDENTIFIED_AMBIANCE,artek-aalto-table-rectangular-80b,Table Aalto 80B 100 × 60 cm,,#2,"Gros plan Lukki (même image que 80A #3 et 81A #2), table non identifiable.",#2 « Lukki-Chair-Aalto-Table-rectangular.jpg »,Retirer ou reléguer en fin de galerie.,examen détaillé
à faire,faible,Classement,TAXONOMY_KIDS,artek-aalto-table-rectangular-80b-60cm,Table enfant Aalto 80B 100 × 60 cm H60,,,Table enfant en catégorie Shopify « Dining Tables » (existe : Kids Tables).,Shopify Admin (29 septembre 2026),,contrôle automatique
corrigé,faible,Tags,VARIANT_VALUE_TAGS,artek-aalto-table-rectangular-80b-60cm,Table enfant Aalto 80B 100 × 60 cm H60,,,Tags recopiant des valeurs de variantes : iki-blanc-hp.,Shopify Admin (29 septembre 2026),Retirer ces tags : les finitions sont déjà portées par les variantes.,contrôle automatique
corrigé,faible,Photos,ALT_EN,artek-aalto-table-rectangular-80b-60cm,Table enfant Aalto 80B 100 × 60 cm H60,,,Alt en anglais : « Table enfant Aalto 80B 100 × 60 cm H60 — Iki blanc hp ».,Shopify Admin (29 septembre 2026),,contrôle automatique
partiellement corrigé,faible,Variantes,VARIANT_ORDER,artek-aalto-table-rectangular-80b-60cm,Table enfant Aalto 80B 100 × 60 cm H60,,,"L'ordre des finitions (Bouleau, Linoléum noir, Iki blanc hp) diffère de celui des autres tables enfant (Bouleau, Lamifié blanc, Linoléum noir).",Options du produit,"Renommer « Iki blanc hp » en « Lamifié blanc », le placer en 2e position et remplacer le tag « iki-blanc-hp » par « lamifie-blanc ».",examen détaillé
corrigé,faible,SEO,SEO_EN_WORDS,artek-aalto-table-rectangular-80b-60cm,Table enfant Aalto 80B 100 × 60 cm H60,,,"La méta-description garde des mots anglais (« rectangular », « square », « round ») et « 60cm » sans espace, et ne cite ni créateur ni année.",seo.description du dossier,"« Table enfant Aalto 80B 100 × 60 cm H60, hauteur 60 cm, par Alvar Aalto (1933) — Artek, bouleau finlandais. Livraison en Belgique depuis Mikado Deco. »",examen détaillé
à faire,faible,Description,TERM_INCONSISTENT,artek-aalto-table-rectangular-80b-60cm,Table enfant Aalto 80B 100 × 60 cm H60,,,"La description parle de plateau « stratifié », alors que la variante s'appelle « Lamifié blanc » (ou « Iki blanc hp ») : même matière sous trois noms.","Description : « bouleau, linoléum ou stratifié » ; options du produit",Utiliser partout « lamifié (HPL) blanc ».,examen détaillé
à faire,faible,Prix,KIDS_PRICE_PLAUSIBILITY,artek-aalto-table-rectangular-80b-60cm,Table enfant Aalto 80B 100 × 60 cm H60,,,"Précision au constat KIDS_PRICE_EQUALS_ADULT : reprendre le prix adulte est plausible (même plateau et mêmes pieds en L raccourcis, Artek présente la table enfant comme une Aalto Table à pieds bas), mais c'est à confirmer. Autre point : les trois finitions sont au même prix, alors que sur les tabourets et chaises Artek de la boutique le lamifié et le linoléum coûtent environ 30 € de plus que le bouleau.","Prix identiques aux fiches adultes ; variantes toutes au même prix",Vérifier la liste de prix Artek hauteur 60 cm et l'écart par finition.,examen détaillé
à faire,faible,Variantes,NO_SHIPPING_WEIGHT,artek-aalto-table-rectangular-80b-60cm,Table enfant Aalto 80B 100 × 60 cm H60,,,Aucun poids d'expédition sur les variantes.,Variantes : weight 0,Renseigner le poids.,examen détaillé
à faire,faible,Métachamps,DIMENSIONS_VALUE,artek-aalto-table-rectangular-80b-60cm,Table enfant Aalto 80B 100 × 60 cm H60,,,"Précision aux constats NO_DIMENSIONS, NO_YEAR, NO_ORIGIN.","Dimension adulte 80B : artek.fi aalto-table-rectangular, dessin « Table 80B » : 100 × 60 ; aucune donnée enfant","custom.dimensions = « 80B 100 × 60 cm H60 » ; custom.year = 1933 ; custom.origin : « Fabriqué en Finlande (plateau bouleau : Finlande ou Allemagne) ».",examen détaillé
corrigé,faible,Tags,GIFT_EXPENSIVE,artek-aalto-table-rectangular-81a,Table Aalto 81A 150 × 75 cm,,,Tag idee-cadeau sur un produit à partir de 1659.0 €.,Shopify Admin (29 septembre 2026),,contrôle automatique
corrigé,faible,Photos,ALT_GENERIC,artek-aalto-table-rectangular-81a,Table Aalto 81A 150 × 75 cm,,,5 photos de galerie avec le même alt générique « Table Aalto 81A 150 × 75 cm — Artek ».,Shopify Admin (29 septembre 2026),"Écrire un alt décrivant la scène (produit, finition, pièce).",contrôle automatique
à faire,faible,Tags,MISSING_SHAPE_TAG,artek-aalto-table-rectangular-81a,Table Aalto 81A 150 × 75 cm,,,"Aucun tag de forme alors que les tables carrées, rondes et demi-rondes ont table-carree, table-ronde, table-demi-ronde ; les tags table-design et table-en-bois des autres tables Aalto manquent aussi.","tags : aalto-table-rectangular-81a, alvar-aalto, artek, bois-de-bouleau, bouleau, idee-cadeau, intemporel, interieur, lamifie-blanc, linoleum-noir, made-in-finlande, minimaliste, mobilier, mobilier-interieur, repas, salle-a-manger, scandinave, table, table-de-repas, table-de-salle-a-manger","Ajouter table-rectangulaire, table-design, table-en-bois.",examen détaillé
à faire,faible,Photos,UNIDENTIFIED_AMBIANCE,artek-aalto-table-rectangular-81a,Table Aalto 81A 150 × 75 cm,,#2,"Gros plan Lukki, table non identifiable (image partagée avec 80A/80B).",#2 « Lukki-Chair-Aalto-Table.jpg »,Retirer ou reléguer.,examen détaillé
à faire,faible,Photos,NO_81A_AMBIANCE,artek-aalto-table-rectangular-81a,Table Aalto 81A 150 × 75 cm,,,Aucune ambiance montrant réellement une 81A (les seules ambiances sont #2 Lukki et #3 enfant).,"galerie #2, #3, #8",Ajouter une ambiance Artek de la 81A.,examen détaillé
à faire,faible,Classement,TAXONOMY_KIDS,artek-aalto-table-rectangular-81a-60cm,Table enfant Aalto 81A 150 × 75 cm H60,,,Table enfant en catégorie Shopify « Dining Tables » (existe : Kids Tables).,Shopify Admin (29 septembre 2026),,contrôle automatique
corrigé,faible,SEO,SEO_EN_WORDS,artek-aalto-table-rectangular-81a-60cm,Table enfant Aalto 81A 150 × 75 cm H60,,,"La méta-description garde des mots anglais (« rectangular », « square », « round ») et « 60cm » sans espace, et ne cite ni créateur ni année.",seo.description du dossier,"« Table enfant Aalto 81A 150 × 75 cm H60, hauteur 60 cm, par Alvar Aalto (1933) — Artek, bouleau finlandais. Livraison en Belgique depuis Mikado Deco. »",examen détaillé
à faire,faible,Description,TERM_INCONSISTENT,artek-aalto-table-rectangular-81a-60cm,Table enfant Aalto 81A 150 × 75 cm H60,,,"La description parle de plateau « stratifié », alors que la variante s'appelle « Lamifié blanc » (ou « Iki blanc hp ») : même matière sous trois noms.","Description : « bouleau, linoléum ou stratifié » ; options du produit",Utiliser partout « lamifié (HPL) blanc ».,examen détaillé
à faire,faible,Prix,KIDS_PRICE_PLAUSIBILITY,artek-aalto-table-rectangular-81a-60cm,Table enfant Aalto 81A 150 × 75 cm H60,,,"Précision au constat KIDS_PRICE_EQUALS_ADULT : reprendre le prix adulte est plausible (même plateau et mêmes pieds en L raccourcis, Artek présente la table enfant comme une Aalto Table à pieds bas), mais c'est à confirmer. Autre point : les trois finitions sont au même prix, alors que sur les tabourets et chaises Artek de la boutique le lamifié et le linoléum coûtent environ 30 € de plus que le bouleau.","Prix identiques aux fiches adultes ; variantes toutes au même prix",Vérifier la liste de prix Artek hauteur 60 cm et l'écart par finition.,examen détaillé
à faire,faible,Variantes,NO_SHIPPING_WEIGHT,artek-aalto-table-rectangular-81a-60cm,Table enfant Aalto 81A 150 × 75 cm H60,,,Aucun poids d'expédition sur les variantes.,Variantes : weight 0,Renseigner le poids.,examen détaillé
à faire,faible,Métachamps,DIMENSIONS_VALUE,artek-aalto-table-rectangular-81a-60cm,Table enfant Aalto 81A 150 × 75 cm H60,,,"Précision aux constats NO_DIMENSIONS, NO_YEAR, NO_ORIGIN.","cotes lues dans les identifiants « number_* » du schéma SVG « Materials and Dimensions » de la page artek.fi aalto-childrens-table-rectangular, dessin 81A : 150 × 75, H 60","custom.dimensions = « 81A 150 × 75 cm H60 » ; custom.year = 1933 ; custom.origin : « Fabriqué en Finlande (plateau bouleau : Finlande ou Allemagne) ».",examen détaillé
corrigé,faible,Tags,VARIANT_VALUE_TAGS,artek-aalto-table-rectangular-81b,Table Aalto 81B 120 × 75 cm,,,"Tags recopiant des valeurs de variantes : bouleau-verni-naturel-lamifie-blanc, bouleau-verni-naturel-linoleum-noir.",Shopify Admin (29 septembre 2026),Retirer ces tags : les finitions sont déjà portées par les variantes.,contrôle automatique
à faire,faible,Tags,FINISH_NOT_TAGGED,artek-aalto-table-rectangular-81b,Table Aalto 81B 120 × 75 cm,,,"Finitions proposées sans tag : lamifie-blanc, linoleum-noir.",Shopify Admin (29 septembre 2026),"Ajouter les tags de finition manquants, ou supprimer tous les tags de finition si le filtrage se fait par variante.",contrôle automatique
corrigé,faible,Tags,GIFT_EXPENSIVE,artek-aalto-table-rectangular-81b,Table Aalto 81B 120 × 75 cm,,,Tag idee-cadeau sur un produit à partir de 1246.0 €.,Shopify Admin (29 septembre 2026),,contrôle automatique
corrigé,faible,Photos,ALT_GENERIC,artek-aalto-table-rectangular-81b,Table Aalto 81B 120 × 75 cm,,,8 photos de galerie avec le même alt générique « Table Aalto 81B 120 × 75 cm — Artek ».,Shopify Admin (29 septembre 2026),"Écrire un alt décrivant la scène (produit, finition, pièce).",contrôle automatique
à faire,faible,Tags,MISSING_SHAPE_TAG,artek-aalto-table-rectangular-81b,Table Aalto 81B 120 × 75 cm,,,"Aucun tag de forme alors que les tables carrées, rondes et demi-rondes ont table-carree, table-ronde, table-demi-ronde ; les tags table-design et table-en-bois des autres tables Aalto manquent aussi.","tags : aalto-table-rectangular-81b, alvar-aalto, artek, bois-de-bouleau, bouleau, bouleau-sauvage, bouleau-verni-naturel-lamifie-blanc, bouleau-verni-naturel-linoleum-noir, idee-cadeau, intemporel, interieur, made-in-finlande, minimaliste, mobilier, mobilier-interieur, repas, salle-a-manger, scandinave, table, table-de-repas, table-de-salle-a-manger","Ajouter table-rectangulaire, table-design, table-en-bois.",examen détaillé
à faire,faible,Photos,UNIDENTIFIED_AMBIANCE,artek-aalto-table-rectangular-81b,Table Aalto 81B 120 × 75 cm,,#3,"Gros plan Lukki, table peu visible.",#3 « Lukki-Chair-Aalto-Table-rectangular-81B.jpg »,Reléguer après #2.,examen détaillé
corrigé,faible,Variantes,INCONSISTENT_LABELS,artek-aalto-table-rectangular-81b,Table Aalto 81B 120 × 75 cm,Bouleau verni naturel / lamifié blanc,,"Libellés « Bouleau verni naturel / lamifié blanc » et « Bouleau verni naturel / linoléum noir » alors que les autres tables Aalto (80A, 81A, 82A…) disent « Lamifié blanc » et « Linoléum noir » pour la même finition Artek (« birch/white laminate », « birch/black linoleum »).","options du produit ; shop.artek.fi/products/aalto-table-81b.json : variantes « birch », « wild birch », « birch/white laminate », « birch/black linoleum »",Renommer en « Lamifié blanc » et « Linoléum noir » (pieds bouleau).,examen détaillé
à faire,faible,Classement,TAXONOMY_KIDS,artek-aalto-table-rectangular-81b-60cm,Table enfant Aalto 81B 120 × 75 cm H60,,,Table enfant en catégorie Shopify « Dining Tables » (existe : Kids Tables).,Shopify Admin (29 septembre 2026),,contrôle automatique
corrigé,faible,Photos,ALT_GENERIC,artek-aalto-table-rectangular-81b-60cm,Table enfant Aalto 81B 120 × 75 cm H60,,,2 photos de galerie avec le même alt générique « Table enfant Aalto 81B 120 × 75 cm H60 — Artek ».,Shopify Admin (29 septembre 2026),"Écrire un alt décrivant la scène (produit, finition, pièce).",contrôle automatique
corrigé,faible,SEO,SEO_EN_WORDS,artek-aalto-table-rectangular-81b-60cm,Table enfant Aalto 81B 120 × 75 cm H60,,,"La méta-description garde des mots anglais (« rectangular », « square », « round ») et « 60cm » sans espace, et ne cite ni créateur ni année.",seo.description du dossier,"« Table enfant Aalto 81B 120 × 75 cm H60, hauteur 60 cm, par Alvar Aalto (1933) — Artek, bouleau finlandais. Livraison en Belgique depuis Mikado Deco. »",examen détaillé
à faire,faible,Description,TERM_INCONSISTENT,artek-aalto-table-rectangular-81b-60cm,Table enfant Aalto 81B 120 × 75 cm H60,,,"La description parle de plateau « stratifié », alors que la variante s'appelle « Lamifié blanc » (ou « Iki blanc hp ») : même matière sous trois noms.","Description : « bouleau, linoléum ou stratifié » ; options du produit",Utiliser partout « lamifié (HPL) blanc ».,examen détaillé
à faire,faible,Prix,KIDS_PRICE_PLAUSIBILITY,artek-aalto-table-rectangular-81b-60cm,Table enfant Aalto 81B 120 × 75 cm H60,,,"Précision au constat KIDS_PRICE_EQUALS_ADULT : reprendre le prix adulte est plausible (même plateau et mêmes pieds en L raccourcis, Artek présente la table enfant comme une Aalto Table à pieds bas), mais c'est à confirmer. Autre point : les trois finitions sont au même prix, alors que sur les tabourets et chaises Artek de la boutique le lamifié et le linoléum coûtent environ 30 € de plus que le bouleau.","Prix identiques aux fiches adultes ; variantes toutes au même prix",Vérifier la liste de prix Artek hauteur 60 cm et l'écart par finition.,examen détaillé
à faire,faible,Variantes,NO_SHIPPING_WEIGHT,artek-aalto-table-rectangular-81b-60cm,Table enfant Aalto 81B 120 × 75 cm H60,,,Aucun poids d'expédition sur les variantes.,Variantes : weight 0,Renseigner le poids.,examen détaillé
à faire,faible,Métachamps,DIMENSIONS_VALUE,artek-aalto-table-rectangular-81b-60cm,Table enfant Aalto 81B 120 × 75 cm H60,,,"Précision aux constats NO_DIMENSIONS, NO_YEAR, NO_ORIGIN.","cotes lues dans les identifiants « number_* » du schéma SVG « Materials and Dimensions » de la page artek.fi aalto-childrens-table-rectangular, dessin 81B : 120 × 75, H 60","custom.dimensions = « 81B 120 × 75 cm H60 » ; custom.year = 1933 ; custom.origin : « Fabriqué en Finlande (plateau bouleau : Finlande ou Allemagne) ».",examen détaillé
corrigé,faible,Tags,GIFT_EXPENSIVE,artek-aalto-table-rectangular-82a,Table Aalto 82A 150 × 85 cm,,,Tag idee-cadeau sur un produit à partir de 2055.0 €.,Shopify Admin (29 septembre 2026),,contrôle automatique
corrigé,faible,Photos,ALT_GENERIC,artek-aalto-table-rectangular-82a,Table Aalto 82A 150 × 85 cm,,,4 photos de galerie avec le même alt générique « Table Aalto 82A 150 × 85 cm — Artek ».,Shopify Admin (29 septembre 2026),"Écrire un alt décrivant la scène (produit, finition, pièce).",contrôle automatique
à faire,faible,Tags,MISSING_SHAPE_TAG,artek-aalto-table-rectangular-82a,Table Aalto 82A 150 × 85 cm,,,"Aucun tag de forme alors que les tables carrées, rondes et demi-rondes ont table-carree, table-ronde, table-demi-ronde ; les tags table-design et table-en-bois des autres tables Aalto manquent aussi.","tags : aalto-table-rectangular-82a, alvar-aalto, artek, bois-de-bouleau, bouleau, idee-cadeau, intemporel, interieur, lamifie-blanc, linoleum-noir, made-in-finlande, minimaliste, mobilier, mobilier-interieur, repas, salle-a-manger, scandinave, table, table-de-repas, table-de-salle-a-manger","Ajouter table-rectangulaire, table-design, table-en-bois.",examen détaillé
à faire,faible,Photos,AMBIANCE_FINISH_UNCLEAR,artek-aalto-table-rectangular-82a,Table Aalto 82A 150 × 85 cm,,#6,"Le nom de fichier annonce un plateau lamifié blanc, la vignette montre un plateau clair peu lisible ; sans gravité, ambiance cohérente.",#6 « Chair-66-Aalto-Table-rectangular-82A-white-laminate_webjpg.jpg » (double extension),"Rien à changer ; renommer l’alt « Table Aalto 82A lamifié blanc avec chaises 66 ».",examen détaillé
corrigé,faible,Tags,GIFT_EXPENSIVE,artek-aalto-table-rectangular-82b,Table Aalto 82B 135 × 85 cm,,,Tag idee-cadeau sur un produit à partir de 1672.0 €.,Shopify Admin (29 septembre 2026),,contrôle automatique
corrigé,faible,Photos,ALT_GENERIC,artek-aalto-table-rectangular-82b,Table Aalto 82B 135 × 85 cm,,,4 photos de galerie avec le même alt générique « Table Aalto 82B 135 × 85 cm — Artek ».,Shopify Admin (29 septembre 2026),"Écrire un alt décrivant la scène (produit, finition, pièce).",contrôle automatique
à faire,faible,Tags,MISSING_SHAPE_TAG,artek-aalto-table-rectangular-82b,Table Aalto 82B 135 × 85 cm,,,"Aucun tag de forme alors que les tables carrées, rondes et demi-rondes ont table-carree, table-ronde, table-demi-ronde ; les tags table-design et table-en-bois des autres tables Aalto manquent aussi.","tags : aalto-table-rectangular-82b, alvar-aalto, artek, bois-de-bouleau, bouleau, idee-cadeau, intemporel, interieur, lamifie-blanc, linoleum-noir, made-in-finlande, minimaliste, mobilier, mobilier-interieur, repas, salle-a-manger, scandinave, table, table-de-repas, table-de-salle-a-manger","Ajouter table-rectangulaire, table-design, table-en-bois.",examen détaillé
corrigé,faible,Tags,VARIANT_VALUE_TAGS,artek-aalto-table-rectangular-83,Table Aalto 83 182 × 91 cm,,,"Tags recopiant des valeurs de variantes : bouleau-teinte-noyer-chene-veneer-teinte-noyer, bouleau-verni-naturel-lamifie-blanc, bouleau-verni-naturel-linoleum-noir.",Shopify Admin (29 septembre 2026),Retirer ces tags : les finitions sont déjà portées par les variantes.,contrôle automatique
à faire,faible,Tags,FINISH_NOT_TAGGED,artek-aalto-table-rectangular-83,Table Aalto 83 182 × 91 cm,,,"Finitions proposées sans tag : lamifie-blanc, linoleum-noir, teinte-noyer.",Shopify Admin (29 septembre 2026),"Ajouter les tags de finition manquants, ou supprimer tous les tags de finition si le filtrage se fait par variante.",contrôle automatique
corrigé,faible,Tags,GIFT_EXPENSIVE,artek-aalto-table-rectangular-83,Table Aalto 83 182 × 91 cm,,,Tag idee-cadeau sur un produit à partir de 2355.0 €.,Shopify Admin (29 septembre 2026),,contrôle automatique
à faire,faible,Photos,LOW_RES,artek-aalto-table-rectangular-83,Table Aalto 83 182 × 91 cm,,,Image basse définition 749×749 (galerie) : Armchair_45_Aalto_Table_83.jpg.,Shopify Admin (29 septembre 2026),Remplacer par l’original haute définition (≥ 1 500 px).,contrôle automatique
corrigé,faible,Photos,ALT_EN,artek-aalto-table-rectangular-83,Table Aalto 83 182 × 91 cm,,,Alt en anglais : « Table Aalto 83 182 × 91 cm — Bouleau teinté noyer / chêne veneer teinté noyer ».,Shopify Admin (29 septembre 2026),,contrôle automatique
corrigé,faible,Photos,ALT_GENERIC,artek-aalto-table-rectangular-83,Table Aalto 83 182 × 91 cm,,,5 photos de galerie avec le même alt générique « Table Aalto 83 182 × 91 cm — Artek ».,Shopify Admin (29 septembre 2026),"Écrire un alt décrivant la scène (produit, finition, pièce).",contrôle automatique
à faire,faible,Tags,MISSING_SHAPE_TAG,artek-aalto-table-rectangular-83,Table Aalto 83 182 × 91 cm,,,"Aucun tag de forme alors que les tables carrées, rondes et demi-rondes ont table-carree, table-ronde, table-demi-ronde ; les tags table-design et table-en-bois des autres tables Aalto manquent aussi.","tags : aalto-table-rectangular-83, alvar-aalto, artek, bois-de-bouleau, bouleau, bouleau-sauvage, bouleau-teinte-noyer-chene-veneer-teinte-noyer, bouleau-verni-naturel-lamifie-blanc, bouleau-verni-naturel-linoleum-noir, idee-cadeau, intemporel, interieur, made-in-finlande, minimaliste, mobilier, mobilier-interieur, repas, salle-a-manger, scandinave, table, table-de-repas, table-de-salle-a-manger","Ajouter table-rectangulaire, table-design, table-en-bois.",examen détaillé
à faire,faible,Photos,MAIN_IS_WILD_BIRCH,artek-aalto-table-rectangular-83,Table Aalto 83 182 × 91 cm,Bouleau sauvage,#1,"La photo principale est l’image de la variante « Bouleau sauvage » (nœuds visibles) : la carte montre cette finition et la fiche s’ouvre dessus au lieu de « Bouleau », la finition standard classée en premier.","#1 lié à « Bouleau sauvage » ; #7 lié à « Bouleau »",Mettre #7 en photo principale.,examen détaillé
corrigé,faible,Variantes,INCONSISTENT_LABELS,artek-aalto-table-rectangular-83,Table Aalto 83 182 × 91 cm,Bouleau verni naturel / lamifié blanc,,"« Bouleau verni naturel / lamifié blanc » et « … / linoléum noir » : libellés différents de ceux de 80A, 82A, 86, etc. (« Lamifié blanc », « Linoléum noir »).",options du produit,Harmoniser en « Lamifié blanc » et « Linoléum noir ».,examen détaillé
à faire,faible,Description,FINISHES_NOT_DESCRIBED,artek-aalto-table-rectangular-83,Table Aalto 83 182 × 91 cm,,,"La description ne mentionne que bouleau, linoléum et stratifié, pas les finitions bouleau sauvage et teinté noyer (plateau chêne) vendues sur la fiche.","description : « Le plateau est disponible en bouleau, linoléum ou stratifié »",Ajouter une phrase sur le bouleau sauvage et le teinté noyer à plateau chêne.,examen détaillé
corrigé,faible,Tags,GIFT_EXPENSIVE,artek-aalto-table-rectangular-86,Table Aalto 86 210 × 100 cm,,,Tag idee-cadeau sur un produit à partir de 3034.0 €.,Shopify Admin (29 septembre 2026),,contrôle automatique
corrigé,faible,Photos,ALT_GENERIC,artek-aalto-table-rectangular-86,Table Aalto 86 210 × 100 cm,,,3 photos de galerie avec le même alt générique « Table Aalto 86 210 × 100 cm — Artek ».,Shopify Admin (29 septembre 2026),"Écrire un alt décrivant la scène (produit, finition, pièce).",contrôle automatique
à faire,faible,Tags,MISSING_SHAPE_TAG,artek-aalto-table-rectangular-86,Table Aalto 86 210 × 100 cm,,,"Aucun tag de forme alors que les tables carrées, rondes et demi-rondes ont table-carree, table-ronde, table-demi-ronde ; les tags table-design et table-en-bois des autres tables Aalto manquent aussi.","tags : aalto-table-rectangular-86, alvar-aalto, artek, bois-de-bouleau, bouleau, idee-cadeau, intemporel, interieur, lamifie-blanc, linoleum-noir, made-in-finlande, minimaliste, mobilier, mobilier-interieur, repas, salle-a-manger, scandinave, table, table-de-repas, table-de-salle-a-manger","Ajouter table-rectangulaire, table-design, table-en-bois.",examen détaillé
corrigé,faible,Tags,GIFT_EXPENSIVE,artek-aalto-table-rectangular-86a,Table Aalto 86A 240 × 100 cm,,,Tag idee-cadeau sur un produit à partir de 3502.0 €.,Shopify Admin (29 septembre 2026),,contrôle automatique
corrigé,faible,Photos,ALT_GENERIC,artek-aalto-table-rectangular-86a,Table Aalto 86A 240 × 100 cm,,,2 photos de galerie avec le même alt générique « Table Aalto 86A 240 × 100 cm — Artek ».,Shopify Admin (29 septembre 2026),"Écrire un alt décrivant la scène (produit, finition, pièce).",contrôle automatique
à faire,faible,Tags,MISSING_SHAPE_TAG,artek-aalto-table-rectangular-86a,Table Aalto 86A 240 × 100 cm,,,"Aucun tag de forme alors que les tables carrées, rondes et demi-rondes ont table-carree, table-ronde, table-demi-ronde ; les tags table-design et table-en-bois des autres tables Aalto manquent aussi.","tags : aalto-table-rectangular-86a, alvar-aalto, artek, bois-de-bouleau, bouleau, idee-cadeau, intemporel, interieur, lamifie-blanc, linoleum-noir, made-in-finlande, minimaliste, mobilier, mobilier-interieur, repas, salle-a-manger, scandinave, table, table-de-repas, table-de-salle-a-manger","Ajouter table-rectangulaire, table-design, table-en-bois.",examen détaillé
à faire,faible,Photos,UNIDENTIFIED_AMBIANCE,artek-aalto-table-rectangular-86a,Table Aalto 86A 240 × 100 cm,,#2,"Seule ambiance : gros plan d’un coin de table lamifié blanc avec chaises 69 ; le code (86A) n’est pas identifiable.",#2 « Aalto-table-rectangular_white-laminate_Chair-69_web.jpg »,Ajouter une ambiance Artek montrant une 86A entière.,examen détaillé
corrigé,faible,Tags,VARIANT_VALUE_TAGS,artek-aalto-table-round-90a,Table Aalto 90A Ø 100 cm,,,"Tags recopiant des valeurs de variantes : bouleau-verni-naturel-lamifie-blanc, bouleau-verni-naturel-linoleum-noir.",Shopify Admin (29 septembre 2026),Retirer ces tags : les finitions sont déjà portées par les variantes.,contrôle automatique
à faire,faible,Tags,FINISH_NOT_TAGGED,artek-aalto-table-round-90a,Table Aalto 90A Ø 100 cm,,,"Finitions proposées sans tag : lamifie-blanc, linoleum-noir.",Shopify Admin (29 septembre 2026),"Ajouter les tags de finition manquants, ou supprimer tous les tags de finition si le filtrage se fait par variante.",contrôle automatique
corrigé,faible,Tags,GIFT_EXPENSIVE,artek-aalto-table-round-90a,Table Aalto 90A Ø 100 cm,,,Tag idee-cadeau sur un produit à partir de 1348.0 €.,Shopify Admin (29 septembre 2026),,contrôle automatique
corrigé,faible,Photos,ALT_GENERIC,artek-aalto-table-round-90a,Table Aalto 90A Ø 100 cm,,,4 photos de galerie avec le même alt générique « Table Aalto 90A Ø 100 cm — Artek ».,Shopify Admin (29 septembre 2026),"Écrire un alt décrivant la scène (produit, finition, pièce).",contrôle automatique
corrigé,faible,Variantes,INCONSISTENT_LABELS,artek-aalto-table-round-90a,Table Aalto 90A Ø 100 cm,Bouleau verni naturel / lamifié blanc,,Libellés « Bouleau verni naturel / lamifié blanc » et « … / linoléum noir » alors que la 91 dit « Lamifié blanc » et « Linoléum noir » pour les mêmes finitions.,options 90A vs 91,Harmoniser en « Lamifié blanc » et « Linoléum noir ».,examen détaillé
à faire,faible,Photos,SINGLE_AMBIANCE,artek-aalto-table-round-90a,Table Aalto 90A Ø 100 cm,,#2,Une seule vraie ambiance (#2).,galerie,Ajouter une ambiance Artek de la 90A.,examen détaillé
à faire,faible,Classement,TAXONOMY_KIDS,artek-aalto-table-round-90a-60cm,Table enfant Aalto 90A Ø 100 cm H60,,,Table enfant en catégorie Shopify « Dining Tables » (existe : Kids Tables).,Shopify Admin (29 septembre 2026),,contrôle automatique
corrigé,faible,SEO,SEO_EN_WORDS,artek-aalto-table-round-90a-60cm,Table enfant Aalto 90A Ø 100 cm H60,,,"La méta-description garde des mots anglais (« rectangular », « square », « round ») et « 60cm » sans espace, et ne cite ni créateur ni année.",seo.description du dossier,"« Table enfant Aalto 90A Ø 100 cm H60, hauteur 60 cm, par Alvar Aalto (1933) — Artek, bouleau finlandais. Livraison en Belgique depuis Mikado Deco. »",examen détaillé
à faire,faible,Description,TERM_INCONSISTENT,artek-aalto-table-round-90a-60cm,Table enfant Aalto 90A Ø 100 cm H60,,,"La description parle de plateau « stratifié », alors que la variante s'appelle « Lamifié blanc » (ou « Iki blanc hp ») : même matière sous trois noms.","Description : « bouleau, linoléum ou stratifié » ; options du produit",Utiliser partout « lamifié (HPL) blanc ».,examen détaillé
à faire,faible,Prix,KIDS_PRICE_PLAUSIBILITY,artek-aalto-table-round-90a-60cm,Table enfant Aalto 90A Ø 100 cm H60,,,"Précision au constat KIDS_PRICE_EQUALS_ADULT : reprendre le prix adulte est plausible (même plateau et mêmes pieds en L raccourcis, Artek présente la table enfant comme une Aalto Table à pieds bas), mais c'est à confirmer. Autre point : les trois finitions sont au même prix, alors que sur les tabourets et chaises Artek de la boutique le lamifié et le linoléum coûtent environ 30 € de plus que le bouleau.","Prix identiques aux fiches adultes ; variantes toutes au même prix",Vérifier la liste de prix Artek hauteur 60 cm et l'écart par finition.,examen détaillé
à faire,faible,Variantes,NO_SHIPPING_WEIGHT,artek-aalto-table-round-90a-60cm,Table enfant Aalto 90A Ø 100 cm H60,,,Aucun poids d'expédition sur les variantes.,Variantes : weight 0,Renseigner le poids.,examen détaillé
à faire,faible,Métachamps,DIMENSIONS_VALUE,artek-aalto-table-round-90a-60cm,Table enfant Aalto 90A Ø 100 cm H60,,,"Précision aux constats NO_DIMENSIONS, NO_YEAR, NO_ORIGIN.","cotes lues dans les identifiants « number_* » du schéma SVG « Materials and Dimensions » de la page artek.fi aalto-childrens-table-round : Ø 100, H 60","custom.dimensions = « 90A Ø 100 cm H60 » ; custom.year = 1933 ; custom.origin : « Fabriqué en Finlande (plateau bouleau : Finlande ou Allemagne) ».",examen détaillé
corrigé,faible,Tags,VARIANT_VALUE_TAGS,artek-aalto-table-round-90b,Table Aalto 90B Ø 75 cm,,,"Tags recopiant des valeurs de variantes : bouleau-verni-naturel-lamifie-blanc, bouleau-verni-naturel-linoleum-noir.",Shopify Admin (29 septembre 2026),Retirer ces tags : les finitions sont déjà portées par les variantes.,contrôle automatique
à faire,faible,Tags,FINISH_NOT_TAGGED,artek-aalto-table-round-90b,Table Aalto 90B Ø 75 cm,,,"Finitions proposées sans tag : lamifie-blanc, linoleum-noir.",Shopify Admin (29 septembre 2026),"Ajouter les tags de finition manquants, ou supprimer tous les tags de finition si le filtrage se fait par variante.",contrôle automatique
corrigé,faible,Photos,ALT_GENERIC,artek-aalto-table-round-90b,Table Aalto 90B Ø 75 cm,,,3 photos de galerie avec le même alt générique « Table Aalto 90B Ø 75 cm — Artek ».,Shopify Admin (29 septembre 2026),"Écrire un alt décrivant la scène (produit, finition, pièce).",contrôle automatique
à faire,faible,SEO,SEO_AVAILABILITY_CLAIM,artek-aalto-table-round-90b,Table Aalto 90B Ø 75 cm,,,La méta-description annonce une disponibilité à Uccle alors que le stock est à 0 et le délai affiché de 3-4 semaines (vente sur commande).,"SEO : « Table Aalto round 90B signée Alvar Aalto pour Artek, en bouleau finlandais. Modèle à trois pieds pour petits espaces, en vente à Uccle (Bruxelles). » ; variantes qty 0, policy CONTINUE ; site leadTime « 3-4 semaines »",Formuler « à commander chez Mikado Deco à Uccle » ou retirer la mention.,examen détaillé
corrigé,faible,Variantes,INCONSISTENT_LABELS,artek-aalto-table-round-90b,Table Aalto 90B Ø 75 cm,Bouleau verni naturel / lamifié blanc,,« Bouleau verni naturel / lamifié blanc » et « … / linoléum noir » : libellés différents des autres tables Aalto.,options,Harmoniser en « Lamifié blanc » et « Linoléum noir ».,examen détaillé
à faire,faible,Photos,PRODUCT_BARELY_VISIBLE,artek-aalto-table-round-90b,Table Aalto 90B Ø 75 cm,,#3,"Ambiance centrée sur le paravent 100 ; la petite table ronde est en arrière-plan.",#3 « Artek-Gems-from-the-Archive-In-situ-Screen-100B_-Screen-100C… »,Reléguer en fin de galerie.,examen détaillé
corrigé,faible,Tags,VARIANT_VALUE_TAGS,artek-aalto-table-round-91,Table Aalto 91 Ø 125 cm,,,Tags recopiant des valeurs de variantes : bouleau-teinte-noyer.,Shopify Admin (29 septembre 2026),Retirer ces tags : les finitions sont déjà portées par les variantes.,contrôle automatique
à faire,faible,Tags,FINISH_NOT_TAGGED,artek-aalto-table-round-91,Table Aalto 91 Ø 125 cm,,,Finitions proposées sans tag : teinte-noyer.,Shopify Admin (29 septembre 2026),"Ajouter les tags de finition manquants, ou supprimer tous les tags de finition si le filtrage se fait par variante.",contrôle automatique
corrigé,faible,Tags,GIFT_EXPENSIVE,artek-aalto-table-round-91,Table Aalto 91 Ø 125 cm,,,Tag idee-cadeau sur un produit à partir de 2177.0 €.,Shopify Admin (29 septembre 2026),,contrôle automatique
à faire,faible,Photos,LOW_RES,artek-aalto-table-round-91,Table Aalto 91 Ø 125 cm,,,Image basse définition 750×750 (galerie) : Aalto_Table_91_walnut_Armchair_45.jpg.,Shopify Admin (29 septembre 2026),Remplacer par l’original haute définition (≥ 1 500 px).,contrôle automatique
corrigé,faible,Photos,ALT_GENERIC,artek-aalto-table-round-91,Table Aalto 91 Ø 125 cm,,,8 photos de galerie avec le même alt générique « Table Aalto 91 Ø 125 cm — Artek ».,Shopify Admin (29 septembre 2026),"Écrire un alt décrivant la scène (produit, finition, pièce).",contrôle automatique
à faire,faible,Photos,PRODUCT_BARELY_VISIBLE,artek-aalto-table-round-91,Table Aalto 91 Ø 125 cm,,#6,"Ambiance centrée sur le paravent 100A ; la table 91 n’est visible qu’en bord d’image.",#6 « Artek-Gems-from-the-Archive-In-situ-Screen-100A… »,Retirer ou reléguer.,examen détaillé
à faire,faible,Description,FINISHES_NOT_DESCRIBED,artek-aalto-table-round-91,Table Aalto 91 Ø 125 cm,,,La description ne mentionne pas la finition teinté noyer vendue sur la fiche.,description,Ajouter la finition teinté noyer (plateau chêne).,examen détaillé
corrigé,faible,Photos,ALT_GENERIC,artek-aalto-table-square-80c,Table Aalto 80C 60 × 60 cm,,,6 photos de galerie avec le même alt générique « Table Aalto 80C 60 × 60 cm — Artek ».,Shopify Admin (29 septembre 2026),"Écrire un alt décrivant la scène (produit, finition, pièce).",contrôle automatique
à faire,faible,SEO,SEO_AVAILABILITY_CLAIM,artek-aalto-table-square-80c,Table Aalto 80C 60 × 60 cm,,,La méta-description annonce une disponibilité à Uccle alors que le stock est à 0 et le délai affiché de 3-4 semaines (vente sur commande).,"SEO : « Table Aalto square 80C signée Alvar Aalto pour Artek, en bouleau finlandais. Modèle élancé idéal en petit espace, disponible à Uccle (Bruxelles). » ; variantes qty 0, policy CONTINUE ; site leadTime « 3-4 semaines »",Formuler « à commander chez Mikado Deco à Uccle » ou retirer la mention.,examen détaillé
à faire,faible,Classement,TAXONOMY_KIDS,artek-aalto-table-square-80c-60cm,Table enfant Aalto 80C 60 × 60 cm H60,,,Table enfant en catégorie Shopify « Dining Tables » (existe : Kids Tables).,Shopify Admin (29 septembre 2026),,contrôle automatique
corrigé,faible,Tags,VARIANT_VALUE_TAGS,artek-aalto-table-square-80c-60cm,Table enfant Aalto 80C 60 × 60 cm H60,,,Tags recopiant des valeurs de variantes : iki-blanc-hp.,Shopify Admin (29 septembre 2026),Retirer ces tags : les finitions sont déjà portées par les variantes.,contrôle automatique
corrigé,faible,Photos,ALT_EN,artek-aalto-table-square-80c-60cm,Table enfant Aalto 80C 60 × 60 cm H60,,,Alt en anglais : « Table enfant Aalto 80C 60 × 60 cm H60 — Iki blanc hp ».,Shopify Admin (29 septembre 2026),,contrôle automatique
partiellement corrigé,faible,Variantes,VARIANT_ORDER,artek-aalto-table-square-80c-60cm,Table enfant Aalto 80C 60 × 60 cm H60,,,« Iki blanc hp » en dernière position et pas de tag « lamifie-blanc » (contrairement à la 81C).,Options et tags du dossier,"Renommer en « Lamifié blanc », remettre en 2e position, remplacer le tag.",examen détaillé
corrigé,faible,SEO,SEO_EN_WORDS,artek-aalto-table-square-80c-60cm,Table enfant Aalto 80C 60 × 60 cm H60,,,"La méta-description garde des mots anglais (« rectangular », « square », « round ») et « 60cm » sans espace, et ne cite ni créateur ni année.",seo.description du dossier,"« Table enfant Aalto 80C 60 × 60 cm H60, hauteur 60 cm, par Alvar Aalto (1933) — Artek, bouleau finlandais. Livraison en Belgique depuis Mikado Deco. »",examen détaillé
à faire,faible,Prix,KIDS_PRICE_PLAUSIBILITY,artek-aalto-table-square-80c-60cm,Table enfant Aalto 80C 60 × 60 cm H60,,,"Précision au constat KIDS_PRICE_EQUALS_ADULT : reprendre le prix adulte est plausible (même plateau et mêmes pieds en L raccourcis, Artek présente la table enfant comme une Aalto Table à pieds bas), mais c'est à confirmer. Autre point : les trois finitions sont au même prix, alors que sur les tabourets et chaises Artek de la boutique le lamifié et le linoléum coûtent environ 30 € de plus que le bouleau.","Prix identiques aux fiches adultes ; variantes toutes au même prix",Vérifier la liste de prix Artek hauteur 60 cm et l'écart par finition.,examen détaillé
à faire,faible,Variantes,NO_SHIPPING_WEIGHT,artek-aalto-table-square-80c-60cm,Table enfant Aalto 80C 60 × 60 cm H60,,,Aucun poids d'expédition sur les variantes.,Variantes : weight 0,Renseigner le poids.,examen détaillé
à faire,faible,Métachamps,DIMENSIONS_VALUE,artek-aalto-table-square-80c-60cm,Table enfant Aalto 80C 60 × 60 cm H60,,,"Précision aux constats NO_DIMENSIONS, NO_YEAR, NO_ORIGIN.","Dimension adulte 80C : artek.fi aalto-table-square, dessin « Table 80C » : 60 × 60","custom.dimensions = « 80C 60 × 60 cm H60 » ; custom.year = 1933 ; custom.origin : « Fabriqué en Finlande (plateau bouleau : Finlande ou Allemagne) ».",examen détaillé
à faire,faible,Description,TERM_INCONSISTENT,artek-aalto-table-square-80c-60cm,Table enfant Aalto 80C 60 × 60 cm H60,,,La description parle de « stratifié blanc » alors que l'option s'appelle « Iki blanc hp ».,"Description ; options",Uniformiser en « lamifié (HPL) blanc ».,examen détaillé
corrigé,faible,Photos,ALT_GENERIC,artek-aalto-table-square-81c,Table Aalto 81C 75 × 75 cm,,,6 photos de galerie avec le même alt générique « Table Aalto 81C 75 × 75 cm — Artek ».,Shopify Admin (29 septembre 2026),"Écrire un alt décrivant la scène (produit, finition, pièce).",contrôle automatique
à faire,faible,SEO,SEO_AVAILABILITY_CLAIM,artek-aalto-table-square-81c,Table Aalto 81C 75 × 75 cm,,,La méta-description annonce une disponibilité à Uccle alors que le stock est à 0 et le délai affiché de 3-4 semaines (vente sur commande).,"SEO : « Table Aalto square 81C signée Alvar Aalto pour Artek, en bouleau finlandais. Format compact pour petits espaces, en vente à la boutique d'Uccle. » ; variantes qty 0, policy CONTINUE ; site leadTime « 3-4 semaines »",Formuler « à commander chez Mikado Deco à Uccle » ou retirer la mention.,examen détaillé
à faire,faible,Photos,ABSTRACT_DETAIL,artek-aalto-table-square-81c,Table Aalto 81C 75 × 75 cm,,#3,"Gros plan abstrait (assiette sur plateau blanc, formes orange) où la table n’est pas identifiable ; même image que 84 #5.",#3 « Aalto_table_web.jpg »,Retirer ou placer en fin de galerie.,examen détaillé
à faire,faible,Classement,TAXONOMY_KIDS,artek-aalto-table-square-81c-60cm,Table enfant Aalto 81C 75 × 75 cm H60,,,Table enfant en catégorie Shopify « Dining Tables » (existe : Kids Tables).,Shopify Admin (29 septembre 2026),,contrôle automatique
corrigé,faible,SEO,SEO_EN_WORDS,artek-aalto-table-square-81c-60cm,Table enfant Aalto 81C 75 × 75 cm H60,,,"La méta-description garde des mots anglais (« rectangular », « square », « round ») et « 60cm » sans espace, et ne cite ni créateur ni année.",seo.description du dossier,"« Table enfant Aalto 81C 75 × 75 cm H60, hauteur 60 cm, par Alvar Aalto (1933) — Artek, bouleau finlandais. Livraison en Belgique depuis Mikado Deco. »",examen détaillé
à faire,faible,Description,TERM_INCONSISTENT,artek-aalto-table-square-81c-60cm,Table enfant Aalto 81C 75 × 75 cm H60,,,"La description parle de plateau « stratifié », alors que la variante s'appelle « Lamifié blanc » (ou « Iki blanc hp ») : même matière sous trois noms.","Description : « bouleau, linoléum ou stratifié » ; options du produit",Utiliser partout « lamifié (HPL) blanc ».,examen détaillé
à faire,faible,Prix,KIDS_PRICE_PLAUSIBILITY,artek-aalto-table-square-81c-60cm,Table enfant Aalto 81C 75 × 75 cm H60,,,"Précision au constat KIDS_PRICE_EQUALS_ADULT : reprendre le prix adulte est plausible (même plateau et mêmes pieds en L raccourcis, Artek présente la table enfant comme une Aalto Table à pieds bas), mais c'est à confirmer. Autre point : les trois finitions sont au même prix, alors que sur les tabourets et chaises Artek de la boutique le lamifié et le linoléum coûtent environ 30 € de plus que le bouleau.","Prix identiques aux fiches adultes ; variantes toutes au même prix",Vérifier la liste de prix Artek hauteur 60 cm et l'écart par finition.,examen détaillé
à faire,faible,Variantes,NO_SHIPPING_WEIGHT,artek-aalto-table-square-81c-60cm,Table enfant Aalto 81C 75 × 75 cm H60,,,Aucun poids d'expédition sur les variantes.,Variantes : weight 0,Renseigner le poids.,examen détaillé
à faire,faible,Métachamps,DIMENSIONS_VALUE,artek-aalto-table-square-81c-60cm,Table enfant Aalto 81C 75 × 75 cm H60,,,"Précision aux constats NO_DIMENSIONS, NO_YEAR, NO_ORIGIN.","cotes lues dans les identifiants « number_* » du schéma SVG « Materials and Dimensions » de la page artek.fi aalto-childrens-table-square, dessin « Table 81C » : 75 × 75, H 60","custom.dimensions = « 81C 75 × 75 cm H60 » ; custom.year = 1933 ; custom.origin : « Fabriqué en Finlande (plateau bouleau : Finlande ou Allemagne) ».",examen détaillé
corrigé,faible,Tags,GIFT_EXPENSIVE,artek-aalto-table-square-84,Table Aalto 84 120 × 120 cm,,,Tag idee-cadeau sur un produit à partir de 2112.0 €.,Shopify Admin (29 septembre 2026),,contrôle automatique
corrigé,faible,Photos,ALT_GENERIC,artek-aalto-table-square-84,Table Aalto 84 120 × 120 cm,,,3 photos de galerie avec le même alt générique « Table Aalto 84 120 × 120 cm — Artek ».,Shopify Admin (29 septembre 2026),"Écrire un alt décrivant la scène (produit, finition, pièce).",contrôle automatique
à faire,faible,Photos,ABSTRACT_DETAIL,artek-aalto-table-square-84,Table Aalto 84 120 × 120 cm,,#5,"Gros plan abstrait (assiette, formes orange), table non identifiable ; doublon de 81C #3.",#5 « Aalto_table_top_web.jpg »,Retirer ou reléguer.,examen détaillé
à faire,faible,Tags,MADEIN_MISSING,artek-ama500,Suspension AMA500,,,Pas de tag made-in alors que l'origine est « Fabriqué en Chine ».,Shopify Admin (29 septembre 2026),,contrôle automatique
corrigé,faible,Tags,VARIANT_VALUE_TAGS,artek-ama500,Suspension AMA500,,,Tags recopiant des valeurs de variantes : blanc-thermolaquee-laitonne-blanc-cable.,Shopify Admin (29 septembre 2026),Retirer ces tags : les finitions sont déjà portées par les variantes.,contrôle automatique
corrigé,faible,Tags,CODE_TAGS,artek-ama500,Suspension AMA500,,,Tags de référence : ama500.,Shopify Admin (29 septembre 2026),,contrôle automatique
corrigé,faible,Options,OPTION_AGREEMENT,artek-ama500,Suspension AMA500,,,Accord « thermolaquée » (acier = masculin) : Blanc thermolaquée / laitonné / blanc câble.,Shopify Admin (29 septembre 2026),"Écrire « thermolaqué » (acier, masculin).",contrôle automatique
corrigé,faible,Photos,ALT_GENERIC,artek-ama500,Suspension AMA500,,,5 photos de galerie avec le même alt générique « Suspension AMA500 — Artek ».,Shopify Admin (29 septembre 2026),"Écrire un alt décrivant la scène (produit, finition, pièce).",contrôle automatique
à faire,faible,Description,VILLA_MAIREA_CLAIM,artek-ama500,Suspension AMA500,,,« conçu à l'origine en 1941 pour la Villa Mairea » : Artek dit seulement qu'une version vert profond est suspendue dans la bibliothèque de la Villa Mairea (achevée en 1939). La destination d'origine est à confirmer.,https://www.artek.fi/en/products/pendant-light-ama500 : « a classic variation from the deep green version hanging in the library of the Aaltos' masterpiece Villa Mairea ».,"« Une version vert profond éclaire la bibliothèque de la Villa Mairea, chef-d'œuvre des Aalto » (formulation Artek).",examen détaillé
corrigé,faible,Variantes,OPTION_LABEL_ORDER,artek-ama500,Suspension AMA500,Blanc thermolaquée / laitonné / blanc câble,#1,"Ordre « blanc câble » incorrect ; rôle de « laitonné » non précisé.",Option Finition.,« Blanc thermolaqué / anneau laitonné / câble blanc ».,examen détaillé
à faire,faible,Métachamps,DIMENSIONS_VALUES,artek-ama500,Suspension AMA500,,,Dimensions et matière absentes (constats auto) : valeurs Artek disponibles.,Dessin coté https://www.artek.fi/en/products/pendant-light-ama500.,"custom.dimensions = « Ø 32 × H 23 cm · Rosace Ø 12 cm · Câble : 250 cm » (à confirmer sur le dessin) ; custom.material = « Abat-jour en tôle d'acier formée thermolaquée · Anneau en acier laitonné ».",examen détaillé
à faire,faible,Variantes,WEIGHT_MISSING,artek-ama500,Suspension AMA500,,,Poids d'expédition à 0 kg sur la variante.,Dossier : weightKg = 0 pour chaque variante.,Saisir le poids colis réel (fiche transporteur/fournisseur) sur chaque variante.,examen détaillé
à faire,faible,Site,SITE_CATEGORY_OBJETS,artek-ama500,Suspension AMA500,,,"L'API du site classe ce produit (type « Suspension ») en catégorie « objets » : le type « suspension » manque dans CATEGORY_MAP de lib/shopify/product-mapper.js (luminaires = applique, lampadaire, lampes…). Impact visible à confirmer (filtres/fil d'Ariane). Vérification du 29 septembre : ce champ « category » de l'API n'est lu par aucune page ni aucun filtre (familles, sous-catégories et filtre Catégorie reposent sur les collections) ; aucun effet visible aujourd'hui, correction de code à faire par hygiène.","site.json : api.category = 'objets', productType = 'suspension' ; lib/shopify/product-mapper.js ligne 12 (aucune entrée 'suspension'/'plafonnier').","Ajouter 'suspension' à la liste luminaires de CATEGORY_MAP (correction de code, hors Shopify).",examen détaillé
corrigé,faible,Tags,VARIANT_VALUE_TAGS,artek-architect-s-tools,Accessoire Architect's Tools,,,"Tags recopiant des valeurs de variantes : architect-s-scale-aluminium-20-cm-1-2-5-1-5-1-20-1-50-1-100, folding-ruler-hetre-laque-noir-2-m, level-aluminium-40-cm, ruler-hetre-20-cm, ruler-hetre-30-cm, tape-measure-blanc-3-m.",Shopify Admin (29 septembre 2026),Retirer ces tags : les finitions sont déjà portées par les variantes.,contrôle automatique
corrigé,faible,Tags,EN_MODEL_TAGS,artek-architect-s-tools,Accessoire Architect's Tools,,,"Tags anglais/références fournisseur : architect-s-scale-aluminium-20-cm-1-2-5-1-5-1-20-1-50-1-100, architects-tools, folding-ruler-hetre-laque-noir-2-m, level-aluminium-40-cm, ruler-hetre-20-cm, ruler-hetre-30-cm, tape-measure-blanc-3-m.",Shopify Admin (29 septembre 2026),"Retirer ces tags, sauf ceux utilisés par le méga-menu (stool-60).",contrôle automatique
à faire,faible,Tags,FINISH_NOT_TAGGED,artek-architect-s-tools,Accessoire Architect's Tools,,,Finitions proposées sans tag : laque-noir.,Shopify Admin (29 septembre 2026),"Ajouter les tags de finition manquants, ou supprimer tous les tags de finition si le filtrage se fait par variante.",contrôle automatique
à faire,faible,Photos,VARIANT_NOT_SQUARE,artek-architect-s-tools,Accessoire Architect's Tools,,,Image de variante non carrée 4096×2731 : Ruler_30cm-1847586.jpg (carte carrée recadrée).,Shopify Admin (29 septembre 2026),,contrôle automatique
à faire,faible,Photos,VARIANT_NOT_SQUARE,artek-architect-s-tools,Accessoire Architect's Tools,,,Image de variante non carrée 4096×2731 : Architects-Scale-1846723.jpg (carte carrée recadrée).,Shopify Admin (29 septembre 2026),,contrôle automatique
à faire,faible,Photos,VARIANT_NOT_SQUARE,artek-architect-s-tools,Accessoire Architect's Tools,,,Image de variante non carrée 4096×2731 : Tape_Measure-1844713.jpg (carte carrée recadrée).,Shopify Admin (29 septembre 2026),,contrôle automatique
à faire,faible,Photos,VARIANT_NOT_SQUARE,artek-architect-s-tools,Accessoire Architect's Tools,,,Image de variante non carrée 4096×2731 : Folding_Ruler-1842194.jpg (carte carrée recadrée).,Shopify Admin (29 septembre 2026),,contrôle automatique
à faire,faible,Photos,VARIANT_NOT_SQUARE,artek-architect-s-tools,Accessoire Architect's Tools,,,Image de variante non carrée 4096×2731 : Level-1834778.jpg (carte carrée recadrée).,Shopify Admin (29 septembre 2026),,contrôle automatique
à faire,faible,Métachamps,FACTS_MISSING,artek-architect-s-tools,Accessoire Architect's Tools,,,"Précision sur NO_YEAR, NO_ORIGIN et NO_MATERIAL : valeurs connues chez Artek.","artek.fi/en/products/ruler (2011, Beech, Made in Germany) ; level, tape-measure, folding-ruler, architects-scale : 2011, Made in Germany","custom.year = 2011 ; custom.origin = « Fabriqué en Allemagne » ; custom.material = « Hêtre, aluminium, plastique et métal selon l'outil » ; custom.dimensions = « Règle 20 ou 30 cm · échelle 20 cm · mètre ruban 3 m · mètre pliant 2 m · niveau 40 cm ».",examen détaillé
corrigé,faible,Description,DESC_EN,artek-architect-s-tools,Accessoire Architect's Tools,,,La description générique contient un mot anglais (« collection Accessories ») et ne décrit aucun des outils.,description Admin,"Décrire les cinq outils en français, avec leurs matières et longueurs.",examen détaillé
corrigé,faible,Tags,TAGS_VARIANTS,artek-architect-s-tools,Accessoire Architect's Tools,,,"Les tags recopient les libellés de variantes, y compris l'erreur « 1-2-5 ». Il manque aluminium et laque-noir.",tag architect-s-scale-aluminium-20-cm-1-2-5-1-5-1-20-1-50-1-100,"Supprimer les six tags recopiés et ajouter aluminium, papeterie/bureau.",examen détaillé
à faire,faible,Variantes,WEIGHT_MISSING,artek-architect-s-tools,Accessoire Architect's Tools,,,Aucun poids d'expédition sur les variantes (weightKg = 0).,dossier : weightKg 0 sur toutes les variantes,Renseigner le poids d'expédition de chaque variante.,examen détaillé
à faire,faible,Tags,EN_MODEL_TAGS,artek-armchair-400,Fauteuil 400 Tank,,,"Tags anglais/références fournisseur : armchair-400, lounge.",Shopify Admin (29 septembre 2026),"Retirer ces tags, sauf ceux utilisés par le méga-menu (stool-60).",contrôle automatique
à faire,faible,Tags,FINISH_NOT_TAGGED,artek-armchair-400,Fauteuil 400 Tank,,,Finitions proposées sans tag : teinte-noyer.,Shopify Admin (29 septembre 2026),"Ajouter les tags de finition manquants, ou supprimer tous les tags de finition si le filtrage se fait par variante.",contrôle automatique
corrigé,faible,Photos,ALT_GENERIC,artek-armchair-400,Fauteuil 400 Tank,,,4 photos de galerie avec le même alt générique « Fauteuil 400 Tank — Artek ».,Shopify Admin (29 septembre 2026),"Écrire un alt décrivant la scène (produit, finition, pièce).",contrôle automatique
corrigé,faible,Variantes,ZEBRA_COLOUR,artek-armchair-400,Fauteuil 400 Tank,,,"« Bouleau — tissu Zebra » ne précise pas le coloris, alors qu’Artek vend un Zebra noir/blanc (sur bouleau verni) et un Zebra brun/blanc (sur teinté noyer). La photo #1 montre le noir/blanc.","artek.fi : « Zebra black / white » et « Zebra brown / white » ; photo #1",« Bouleau — tissu Zebra noir/blanc » (libellé et alt).,examen détaillé
à faire,faible,Tags,TAG_AALTO_DUP,artek-armchair-400,Fauteuil 400 Tank,,,Le tag « aalto » fait doublon avec « alvar-aalto ».,tags,Supprimer « aalto » (idem 401 et 402).,examen détaillé
à faire,faible,Variantes,NO_WEIGHT,artek-armchair-400,Fauteuil 400 Tank,,,Poids d’expédition à 0 kg sur toutes les variantes.,dossier : weightKg = 0 pour chaque variante,Renseigner le poids d’expédition (fiche transporteur Artek) pour chaque variante.,examen détaillé
à faire,faible,Tags,EN_MODEL_TAGS,artek-armchair-401,Fauteuil 401,,,"Tags anglais/références fournisseur : armchair-401, lounge.",Shopify Admin (29 septembre 2026),"Retirer ces tags, sauf ceux utilisés par le méga-menu (stool-60).",contrôle automatique
corrigé,faible,Photos,ALT_GALLERY_AS_VARIANT,artek-armchair-401,Fauteuil 401,,,"La photo de galerie #2 (ambiance Polo) porte l’alt de variante « Fauteuil 401 — Bouleau — tissu Polo », alors que le packshot #1 de cette variante a un alt générique (constat automatique). Les deux alts sont inversés dans leur logique.","#1 alt « Fauteuil 401 — Artek » ; #2 alt « Fauteuil 401 — Bouleau — tissu Polo »","#1 : « Fauteuil 401 — Bouleau — tissu Polo » ; #2 : « Fauteuil 401 en tissu Polo rayé dans un salon ».",examen détaillé
à faire,faible,Variantes,NO_WEIGHT,artek-armchair-401,Fauteuil 401,,,Poids d’expédition à 0 kg sur toutes les variantes.,dossier : weightKg = 0 pour chaque variante,Renseigner le poids d’expédition (fiche transporteur Artek) pour chaque variante.,examen détaillé
à faire,faible,Canaux,NOT_ON_META,artek-armchair-402,Fauteuil 402,,,Absente du catalogue Facebook & Instagram (117/160 fiches actives y sont).,Shopify Admin (29 septembre 2026),Publier sur Facebook & Instagram si souhaité.,contrôle automatique
à faire,faible,Tags,EN_MODEL_TAGS,artek-armchair-402,Fauteuil 402,,,"Tags anglais/références fournisseur : armchair-402, lounge.",Shopify Admin (29 septembre 2026),"Retirer ces tags, sauf ceux utilisés par le méga-menu (stool-60).",contrôle automatique
à faire,faible,Tags,FINISH_NOT_TAGGED,artek-armchair-402,Fauteuil 402,,,Finitions proposées sans tag : teinte-miel.,Shopify Admin (29 septembre 2026),"Ajouter les tags de finition manquants, ou supprimer tous les tags de finition si le filtrage se fait par variante.",contrôle automatique
corrigé,faible,Photos,ALT_GENERIC,artek-armchair-402,Fauteuil 402,,,2 photos de galerie avec le même alt générique « Fauteuil 402 — Artek ».,Shopify Admin (29 septembre 2026),"Écrire un alt décrivant la scène (produit, finition, pièce).",contrôle automatique
à faire,faible,Site,CHANNEL_ONLINE_STORE,artek-armchair-402,Fauteuil 402,,,"Le produit n’est publié ni sur « Online Store » ni sur Meta, contrairement au 400 et au 401 (canaux : Point of Sale, Mikado Deco Headless).",dossier channels,Aligner les canaux sur les autres fauteuils Aalto (à confirmer si Online Store sert encore).,examen détaillé
à faire,faible,Variantes,NO_WEIGHT,artek-armchair-402,Fauteuil 402,,,Poids d’expédition à 0 kg sur toutes les variantes.,dossier : weightKg = 0 pour chaque variante,Renseigner le poids d’expédition (fiche transporteur Artek) pour chaque variante.,examen détaillé
à faire,faible,Tags,EN_MODEL_TAGS,artek-armchair-406,Fauteuil 406,,,"Tags anglais/références fournisseur : armchair-406, lounge.",Shopify Admin (29 septembre 2026),"Retirer ces tags, sauf ceux utilisés par le méga-menu (stool-60).",contrôle automatique
corrigé,faible,Variantes,LABEL_NOIR_NOIR,artek-armchair-406,Fauteuil 406,,,Libellé « Sangle noir/noir » alors qu’Artek parle de sangle « black ».,"artek.fi : « Seat: linen, black webbing »",« Sangle noire ».,examen détaillé
à faire,faible,Variantes,NO_WEIGHT,artek-armchair-406,Fauteuil 406,,,Poids d’expédition à 0 kg sur toutes les variantes.,dossier : weightKg = 0 pour chaque variante,Renseigner le poids d’expédition (fiche transporteur Artek) pour chaque variante.,examen détaillé
à faire,faible,Tags,EN_MODEL_TAGS,artek-armchair-41-paimio,Fauteuil 41 Paimio,,,"Tags anglais/références fournisseur : armchair-41-paimio, lounge.",Shopify Admin (29 septembre 2026),"Retirer ces tags, sauf ceux utilisés par le méga-menu (stool-60).",contrôle automatique
corrigé,faible,Photos,ALT_GENERIC,artek-armchair-41-paimio,Fauteuil 41 Paimio,,,4 photos de galerie avec le même alt générique « Fauteuil 41 Paimio — Artek ».,Shopify Admin (29 septembre 2026),"Écrire un alt décrivant la scène (produit, finition, pièce).",contrôle automatique
à faire,faible,Variantes,WEBBING_FRAME_NOT_STATED,artek-armchair-41-paimio,Fauteuil 41 Paimio,,,"Les libellés ne précisent pas que la structure est en bouleau verni incolore, ce qui est vrai pour les deux finitions (information utile mais non trompeuse).","artek.fi : « Frame: birch, clear lacquer » pour les deux variantes","Facultatif : « Structure bouleau verni, coque laquée blanche/noire ».",examen détaillé
à faire,faible,Variantes,NO_WEIGHT,artek-armchair-41-paimio,Fauteuil 41 Paimio,,,Poids d’expédition à 0 kg sur toutes les variantes.,dossier : weightKg = 0 pour chaque variante,Renseigner le poids d’expédition (fiche transporteur Artek) pour chaque variante.,examen détaillé
à faire,faible,Tags,EN_MODEL_TAGS,artek-armchair-42,Fauteuil 42,,,"Tags anglais/références fournisseur : armchair-42, lounge.",Shopify Admin (29 septembre 2026),"Retirer ces tags, sauf ceux utilisés par le méga-menu (stool-60).",contrôle automatique
corrigé,faible,Photos,ALT_GENERIC,artek-armchair-42,Fauteuil 42,,,3 photos de galerie avec le même alt générique « Fauteuil 42 — Artek ».,Shopify Admin (29 septembre 2026),"Écrire un alt décrivant la scène (produit, finition, pièce).",contrôle automatique
à faire,faible,Description,DESC_NICKNAME,artek-armchair-42,Fauteuil 42,,,Le surnom est donné en anglais approximatif : « Little Paimio ». Artek écrit « Small Paimio ».,"Description : « aussi connu sous le nom de « Little Paimio » » ; artek.fi : « Armchair 42 – or “Small Paimio” »",Écrire « surnommé « Small Paimio » (petit Paimio) ».,examen détaillé
à faire,faible,Variantes,NO_WEIGHT,artek-armchair-42,Fauteuil 42,,,Poids d’expédition à 0 kg sur toutes les variantes.,dossier : weightKg = 0 pour chaque variante,Renseigner le poids d’expédition (fiche transporteur Artek) pour chaque variante.,examen détaillé
corrigé,faible,Tags,EN_MODEL_TAGS,artek-armchair-45,Fauteuil 45,,,Tags anglais/références fournisseur : armchair-45.,Shopify Admin (29 septembre 2026),"Retirer ces tags, sauf ceux utilisés par le méga-menu (stool-60).",contrôle automatique
à faire,faible,Tags,FINISH_NOT_TAGGED,artek-armchair-45,Fauteuil 45,,,"Finitions proposées sans tag : laque-noir, teinte-miel, teinte-noyer.",Shopify Admin (29 septembre 2026),"Ajouter les tags de finition manquants, ou supprimer tous les tags de finition si le filtrage se fait par variante.",contrôle automatique
corrigé,faible,Photos,ALT_GENERIC,artek-armchair-45,Fauteuil 45,,,10 photos de galerie avec le même alt générique « Fauteuil 45 — Artek ».,Shopify Admin (29 septembre 2026),"Écrire un alt décrivant la scène (produit, finition, pièce).",contrôle automatique
à faire,faible,Description,DESC_DELIVERY_CLAIM,artek-armchair-45,Fauteuil 45,,,La mention « Livré monté » n’apparaît pas chez Artek (à confirmer auprès du fournisseur).,"Description : « Livré monté. » ; aucune mention sur artek.fi","Vérifier auprès d’Artek, sinon supprimer.",examen détaillé
à faire,faible,Variantes,LABEL_ARMREST_PIPED,artek-armchair-45,Fauteuil 45,,,"Variante « … accoudoirs enroulés cuir Elegance noyer » : Artek parle d’accoudoirs passepoilés (« piped leather »). Le fichier #16 évoque plutôt un enroulement (« leather-winding ») ; libellé à confirmer auprès d’Artek.","artek.fi : « Armrests: walnut Elegance piped leather » ; #16 Armchair-45-clear-lacquered_-quilted-leather-cognac_-leather-winding-armrests","Confirmer avec Artek, puis écrire « accoudoirs passepoilés cuir Elegance noyer » si c’est le cas.",examen détaillé
à faire,faible,Variantes,LABEL_CLEAR_LACQUER,artek-armchair-45,Fauteuil 45,,,"« Verni transparent » : sur les autres fiches Aalto, la même finition est écrite « Bouleau » (sans précision) ; harmoniser le vocabulaire.",Options 45 « Verni transparent » vs 400/401/402 « Bouleau — … »,"Choisir une formule unique, par ex. « Bouleau verni ».",examen détaillé
à faire,faible,Tags,TAG_NOYER,artek-armchair-45,Fauteuil 45,,,Le tag « noyer » laisse croire à du bois de noyer. Il s’agit seulement d’une teinte de bouleau (« Teinté noyer »).,"Tags : noyer ; options « Teinté noyer, … »","Remplacer par « teinte-noyer » (et ajouter teinte-miel, laque-noir : constat automatique).",examen détaillé
à faire,faible,Classement,DINING_ARMCHAIR,artek-armchair-45,Fauteuil 45,,,"Assise à 45,5 cm : c’est un fauteuil de table, qu’Artek range dans « Chairs ». Avec le type « Fauteuil », il n’est visible que dans les fauteuils de salon, pas dans Chaises.","artek.fi fil d’Ariane « Chairs » ; dimensions assise 45,5 cm ; description « chaise de salle à manger »",Garder le type « Fauteuil » (tag « chaise » déjà présent) mais envisager de l’ajouter manuellement à une sélection Chaises/salle à manger.,examen détaillé
à faire,faible,Photos,GALLERY_SMALL,artek-armchair-45,Fauteuil 45,,,"8 des 10 photos de galerie ne font que 1000 × 1000 px (#4 à #9, #17, #18), contre 2000 px pour les packshots.","dossier media #4–#9, #17, #18 : 1000×1000",Remplacer par les versions haute définition Artek si disponibles.,examen détaillé
à faire,faible,Variantes,NO_WEIGHT,artek-armchair-45,Fauteuil 45,,,Poids d’expédition à 0 kg sur toutes les variantes.,dossier : weightKg = 0 pour chaque variante,Renseigner le poids d’expédition (fiche transporteur Artek) pour chaque variante.,examen détaillé
corrigé,faible,Tags,EN_MODEL_TAGS,artek-aslak-chair,Chaise Aslak,,,Tags anglais/références fournisseur : aslak-chair.,Shopify Admin (29 septembre 2026),"Retirer ces tags, sauf ceux utilisés par le méga-menu (stool-60).",contrôle automatique
corrigé,faible,Photos,ALT_GENERIC,artek-aslak-chair,Chaise Aslak,,,4 photos de galerie avec le même alt générique « Chaise Aslak — Artek ».,Shopify Admin (29 septembre 2026),"Écrire un alt décrivant la scène (produit, finition, pièce).",contrôle automatique
à faire,faible,Tags,TAG_MISSING_HETRE,artek-aslak-chair,Chaise Aslak,,,Pas de tag d'essence alors que la chaise est entièrement en hêtre.,"Description : « En hêtre, la chaise Aslak… »",Ajouter hetre.,examen détaillé
à faire,faible,Variantes,NO_WEIGHT,artek-aslak-chair,Chaise Aslak,,,Poids d'expédition à 0 sur les 5 variantes.,dossier : weightKg = 0 pour chaque variante,Renseigner le poids d'expédition réel (fiche transporteur Artek) sur chaque variante.,examen détaillé
corrigé,faible,Tags,VARIANT_VALUE_TAGS,artek-atelier-chair,Chaise Atelier,,,"Tags recopiant des valeurs de variantes : hetre-laque-noir, hetre-laque-rouge-fonce, hetre-laque-vert.",Shopify Admin (29 septembre 2026),Retirer ces tags : les finitions sont déjà portées par les variantes.,contrôle automatique
corrigé,faible,Tags,EN_MODEL_TAGS,artek-atelier-chair,Chaise Atelier,,,Tags anglais/références fournisseur : atelier-chair.,Shopify Admin (29 septembre 2026),"Retirer ces tags, sauf ceux utilisés par le méga-menu (stool-60).",contrôle automatique
à faire,faible,Tags,FINISH_NOT_TAGGED,artek-atelier-chair,Chaise Atelier,,,"Finitions proposées sans tag : laque-noir, laque-vert, laque-rouge.",Shopify Admin (29 septembre 2026),"Ajouter les tags de finition manquants, ou supprimer tous les tags de finition si le filtrage se fait par variante.",contrôle automatique
corrigé,faible,Photos,ALT_GENERIC,artek-atelier-chair,Chaise Atelier,,,5 photos de galerie avec le même alt générique « Chaise Atelier — Artek ».,Shopify Admin (29 septembre 2026),"Écrire un alt décrivant la scène (produit, finition, pièce).",contrôle automatique
corrigé,faible,Variantes,LABEL_NATURAL,artek-atelier-chair,Chaise Atelier,,,"« Hêtre », « Frêne », « Chêne » ne disent pas qu'il s'agit d'un vernis incolore, alors que les laqués sont décrits (« Hêtre / laqué noir »).","artek.fi : « Solid beech, clear lacquer »","Libellés : « Hêtre verni naturel », « Frêne verni naturel », « Chêne verni naturel ».",examen détaillé
à faire,faible,Description,DESC_ASSEMBLY_UNVERIFIED,artek-atelier-chair,Chaise Atelier,,,« Livrée montée » n'est pas indiqué par Artek (à confirmer auprès du fournisseur).,"Description Mikado ; aucune mention sur artek.fi",Confirmer auprès d'Artek ou retirer la mention.,examen détaillé
à faire,faible,Variantes,NO_WEIGHT,artek-atelier-chair,Chaise Atelier,,,Poids d'expédition à 0 sur les 6 variantes.,dossier : weightKg = 0 pour chaque variante,Renseigner le poids d'expédition réel (fiche transporteur Artek) sur chaque variante.,examen détaillé
corrigé,faible,Métachamps,YEAR_IN_DESC,artek-bench-153a,Banc 153A,,,Année 1945 présente dans la description mais pas dans custom.year.,Shopify Admin (29 septembre 2026),Reporter l’année dans custom.year après vérification.,contrôle automatique
corrigé,faible,Tags,VARIANT_VALUE_TAGS,artek-bench-153a,Banc 153A,,,"Tags recopiant des valeurs de variantes : bouleau-sauvage-verni-naturel, bouleau-verni-naturel, verni-naturel.",Shopify Admin (29 septembre 2026),Retirer ces tags : les finitions sont déjà portées par les variantes.,contrôle automatique
corrigé,faible,Tags,EN_MODEL_TAGS,artek-bench-153a,Banc 153A,,,Tags anglais/références fournisseur : bench-153a.,Shopify Admin (29 septembre 2026),"Retirer ces tags, sauf ceux utilisés par le méga-menu (stool-60).",contrôle automatique
à faire,faible,Tags,FINISH_NOT_TAGGED,artek-bench-153a,Banc 153A,,,Finitions proposées sans tag : bouleau-sauvage.,Shopify Admin (29 septembre 2026),"Ajouter les tags de finition manquants, ou supprimer tous les tags de finition si le filtrage se fait par variante.",contrôle automatique
corrigé,faible,Photos,LOW_RES,artek-bench-153a,Banc 153A,,,Image basse définition 776×776 (galerie) : Forest-Collection_web_e6bab51a-4a72-41cf-82a1-f0dfeaf258a2.jpg.,Shopify Admin (29 septembre 2026),Remplacer par l’original haute définition (≥ 1 500 px).,contrôle automatique
corrigé,faible,Photos,ALT_GENERIC,artek-bench-153a,Banc 153A,,,4 photos de galerie avec le même alt générique « Banc 153A — Artek ».,Shopify Admin (29 septembre 2026),"Écrire un alt décrivant la scène (produit, finition, pièce).",contrôle automatique
à faire,faible,Photos,FEATURED_SPECIAL_FINISH,artek-bench-153a,Banc 153A,,#1,"La photo principale et la variante ouverte par défaut sont le bouleau sauvage, une finition particulière avec nœuds, plutôt que le bouleau verni standard.",#1 [PRINCIPALE] → Bouleau sauvage verni naturel / À lattes (nœuds visibles sur un pied),Mettre #6 (Bouleau verni naturel / À lattes) en photo principale.,examen détaillé
corrigé,faible,Tags,TAGS_VARIANT_COPY,artek-bench-153a,Banc 153A,,,"Les tags bouleau-verni-naturel et verni-naturel sont des doublons ; bois-massif est inexact pour le plateau plein.",Tags du dossier,"Garder bouleau, laque-blanc, laque-noir ; ajouter bouleau-sauvage ; retirer verni-naturel.",examen détaillé
corrigé,faible,Tags,VARIANT_VALUE_TAGS,artek-bench-153b,Banc 153B,,,"Tags recopiant des valeurs de variantes : bouleau-sauvage-verni-naturel, bouleau-verni-naturel, verni-naturel.",Shopify Admin (29 septembre 2026),Retirer ces tags : les finitions sont déjà portées par les variantes.,contrôle automatique
corrigé,faible,Tags,EN_MODEL_TAGS,artek-bench-153b,Banc 153B,,,Tags anglais/références fournisseur : bench-153b.,Shopify Admin (29 septembre 2026),"Retirer ces tags, sauf ceux utilisés par le méga-menu (stool-60).",contrôle automatique
à faire,faible,Tags,FINISH_NOT_TAGGED,artek-bench-153b,Banc 153B,,,Finitions proposées sans tag : bouleau-sauvage.,Shopify Admin (29 septembre 2026),"Ajouter les tags de finition manquants, ou supprimer tous les tags de finition si le filtrage se fait par variante.",contrôle automatique
corrigé,faible,Photos,ALT_GENERIC,artek-bench-153b,Banc 153B,,,13 photos de galerie avec le même alt générique « Banc 153B — Artek ».,Shopify Admin (29 septembre 2026),"Écrire un alt décrivant la scène (produit, finition, pièce).",contrôle automatique
à faire,faible,Photos,FEATURED_LOW_RES,artek-bench-153b,Banc 153B,,#1,La photo principale ne fait que 874 px (constat LOW_RES). Précision : une version Artek nette existe pour la même finition.,#1 packshot-766fc2018676a7aef2323198f66f97b4.png 874×874,Remplacer par le packshot Artek « Bench 153B slatted top clear lacquer » en 2000 px.,examen détaillé
corrigé,faible,Tags,EN_MODEL_TAGS,artek-bench-167,Banc 167,,,Tags anglais/références fournisseur : bench-167.,Shopify Admin (29 septembre 2026),"Retirer ces tags, sauf ceux utilisés par le méga-menu (stool-60).",contrôle automatique
à faire,faible,Tags,FINISH_NOT_TAGGED,artek-bench-167,Banc 167,,,"Finitions proposées sans tag : laque-blanc, laque-noir.",Shopify Admin (29 septembre 2026),"Ajouter les tags de finition manquants, ou supprimer tous les tags de finition si le filtrage se fait par variante.",contrôle automatique
corrigé,faible,Photos,ALT_GENERIC,artek-bench-167,Banc 167,,,2 photos de galerie avec le même alt générique « Banc 167 — Artek ».,Shopify Admin (29 septembre 2026),"Écrire un alt décrivant la scène (produit, finition, pièce).",contrôle automatique
à faire,faible,Variantes,LABEL_INCONSISTENT,artek-bench-167,Banc 167,Bouleau — cuir Prestige cognac,,"« Bouleau » n'est pas écrit comme sur les bancs voisins (« Verni naturel » sur le 168B, « Bouleau verni naturel » sur le 153A).",Options du 167 et du 168B,"« Bouleau verni naturel — cuir Prestige cognac », à harmoniser avec les autres bancs.",examen détaillé
partiellement corrigé,faible,Tags,TAGS_MISSING,artek-bench-167,Banc 167,,,"Tags lacunaires : aalto fait doublon avec alvar-aalto ; il manque interieur, mobilier-interieur, bouleau, banc-d-entree et salon.",Tags : 12 seulement,"Retirer aalto ; ajouter interieur, mobilier-interieur, bouleau, laque-blanc, laque-noir et banc-d-entree.",examen détaillé
corrigé,faible,Métachamps,YEAR_IN_DESC,artek-bench-168b,Banc 168B,,,Année 1945 présente dans la description mais pas dans custom.year.,Shopify Admin (29 septembre 2026),Reporter l’année dans custom.year après vérification.,contrôle automatique
à faire,faible,Tags,VARIANT_VALUE_TAGS,artek-bench-168b,Banc 168B,,,Tags recopiant des valeurs de variantes : verni-naturel.,Shopify Admin (29 septembre 2026),Retirer ces tags : les finitions sont déjà portées par les variantes.,contrôle automatique
corrigé,faible,Tags,EN_MODEL_TAGS,artek-bench-168b,Banc 168B,,,Tags anglais/références fournisseur : bench-168b.,Shopify Admin (29 septembre 2026),"Retirer ces tags, sauf ceux utilisés par le méga-menu (stool-60).",contrôle automatique
corrigé,faible,Photos,ALT_GENERIC,artek-bench-168b,Banc 168B,,,2 photos de galerie avec le même alt générique « Banc 168B — Artek ».,Shopify Admin (29 septembre 2026),"Écrire un alt décrivant la scène (produit, finition, pièce).",contrôle automatique
à faire,faible,Variantes,ARTEK_UPHOLSTERED_MISSING,artek-bench-168b,Banc 168B,,,Les versions rembourrées tissu ou cuir d'Artek ne sont pas proposées.,artek.fi/bench-168b : « available with a solid or upholstered top »,Facultatif : ajouter les versions rembourrées avec un vrai choix de revêtement.,examen détaillé
à faire,faible,Description,DESC_TABLE_NAME,artek-bench-168b,Banc 168B,,,« associé à un lit ou à la Table 83 » : le nom du produit est « table rectangulaire Aalto 83 ».,artek.fi : « with the rectangular Aalto rectangular table 83 »,« …ou à la table rectangulaire Aalto 83 ».,examen détaillé
à faire,faible,Tags,TAG_BOIS_MASSIF,artek-bench-168b,Banc 168B,,,Le tag bois-massif est inexact pour un plateau plaqué.,Tags : bois-massif,Remplacer par bouleau.,examen détaillé
corrigé,faible,Tags,EN_MODEL_TAGS,artek-cabinet-250,Buffet 250,,,Tags anglais/références fournisseur : cabinet-250.,Shopify Admin (29 septembre 2026),"Retirer ces tags, sauf ceux utilisés par le méga-menu (stool-60).",contrôle automatique
corrigé,faible,Photos,ALT_GENERIC,artek-cabinet-250,Buffet 250,,,4 photos de galerie avec le même alt générique « Buffet 250 — Artek ».,Shopify Admin (29 septembre 2026),"Écrire un alt décrivant la scène (produit, finition, pièce).",contrôle automatique
corrigé,faible,Photos,ALT_GALLERY,artek-cabinet-250,Buffet 250,,"#2, #3, #4, #5","Alts génériques ; #4 (scène Moomin) et #5 (scène de Noël, buffet petit à gauche) sont des ambiances saisonnières où le buffet est secondaire.","sheet #4 Artek-_-Moomin-S1-2025-in-situ_web.png, #5 Artek_Helsinki_Christmas_2025","Alts descriptifs (« Buffet 250 portes ouvertes », « Buffet 250 fermé dans un salon »…) ; placer #5 en dernier ou le retirer.",examen détaillé
corrigé,faible,Tags,TAG_CLEANUP,artek-cabinet-250,Buffet 250,,,"Manquent annees-1930, bouleau ; cabinet-250 est une référence anglaise.",dossier tags,"Ajouter annees-1930, bouleau ; retirer cabinet-250.",examen détaillé
à faire,faible,Site,API_CATEGORY,artek-cabinet-250,Buffet 250,,,"L'API du site classe ce buffet en catégorie « objets » (à confirmer : effet sur fil d'Ariane / filtres). Vérification du 29 septembre : ce champ « category » de l'API n'est lu par aucune page ni aucun filtre (familles, sous-catégories et filtre Catégorie reposent sur les collections) ; aucun effet visible aujourd'hui, correction de code à faire par hygiène.","site.json api.category = « objets », productType « buffet »",Vérifier la règle de calcul de category pour le type Buffet (attendu : rangements).,examen détaillé
à faire,faible,Variantes,WEIGHT_MISSING,artek-cabinet-250,Buffet 250,,,Poids d'expédition à 0 kg sur toutes les variantes.,dossier : weightKg = 0 pour chaque variante,Renseigner le poids d'expédition réel de chaque variante (fiche transporteur Artek).,examen détaillé
corrigé,faible,Tags,DECADE_MISSING,artek-ceiling-light-a622,Plafonnier A622,,,Pas de tag de décennie (année 1953).,Shopify Admin (29 septembre 2026),Ajouter le tag de décennie.,contrôle automatique
corrigé,faible,Tags,EN_MODEL_TAGS,artek-ceiling-light-a622,Plafonnier A622,,,Tags anglais/références fournisseur : ceiling-light-a622.,Shopify Admin (29 septembre 2026),"Retirer ces tags, sauf ceux utilisés par le méga-menu (stool-60).",contrôle automatique
corrigé,faible,Tags,CODE_TAGS,artek-ceiling-light-a622,Plafonnier A622,,,"Tags de référence : a622a, a622b.",Shopify Admin (29 septembre 2026),,contrôle automatique
corrigé,faible,Photos,ALT_GENERIC,artek-ceiling-light-a622,Plafonnier A622,,,3 photos de galerie avec le même alt générique « Plafonnier A622 — Artek ».,Shopify Admin (29 septembre 2026),"Écrire un alt décrivant la scène (produit, finition, pièce).",contrôle automatique
à faire,faible,Photos,PACKSHOT_SIZE_UNVERIFIABLE,artek-ceiling-light-a622,Plafonnier A622,,"#1, #5","Les packshots #1 (A622A) et #5 (A622B) ont les mêmes proportions (les deux tailles sont homothétiques, 57/23 ≈ 46,5/18,5) : rien ne montre la différence de taille, et l'attribution de chaque image ne peut pas être vérifiée visuellement (à confirmer par la source).","Planche #1 packshot-ac063c2f….png, #5 artek-ceiling-light-a622b-white.jpg.",Ajouter la cote Ø dans l'alt (« A622A — Ø 57 cm ») et un dessin coté par taille (alt « Dessin de dimensions — … »).,examen détaillé
corrigé,faible,Photos,GALLERY_DUPLICATE,artek-ceiling-light-a622,Plafonnier A622,,"#3, #4","#4 est le même cliché que #3 (plafonnier allumé devant la fenêtre), simplement recadré : doublon.",Planche #3 Ceiling_light_A622_On_2_web.jpg / #4 5576794_Ceiling_light_A622_On_w_….jpg.,Supprimer #4.,examen détaillé
corrigé,faible,Photos,PACKSHOT_IN_AMBIANCE,artek-ceiling-light-a622,Plafonnier A622,,"#6, #7","#6 et #7 sont des rendus produit sur fond gris (A622A, A622B) non liés à une variante : ils s'affichent comme ambiances.","Planche #6, #7 (GALERIE, alt « A622A » / « A622B »).","Les garder en fin de galerie ou les retirer ; pas d'impact commande.",examen détaillé
corrigé,faible,Métachamps,DIMENSIONS_VALUES,artek-ceiling-light-a622,Plafonnier A622,,,Dimensions et matière absentes (constats auto) : valeurs Artek disponibles.,Dessins cotés https://www.artek.fi/en/products/ceiling-light-a622 (57 / 23 et 46.5 / 18.5).,"custom.dimensions = « A622A : Ø 57 × H 23 cm · A622B : Ø 46,5 × H 18,5 cm » ; custom.material = « Abat-jour à lamelles d'acier rivetées à la main, laqué blanc ».",examen détaillé
à faire,faible,Variantes,WEIGHT_MISSING,artek-ceiling-light-a622,Plafonnier A622,,,Poids d'expédition à 0 kg sur les 2 variantes.,Dossier : weightKg = 0 pour chaque variante.,Saisir le poids colis réel (fiche transporteur/fournisseur) sur chaque variante.,examen détaillé
à faire,faible,Site,SITE_CATEGORY_OBJETS,artek-ceiling-light-a622,Plafonnier A622,,,"L'API du site classe ce produit (type « Plafonnier ») en catégorie « objets » : le type « plafonnier » manque dans CATEGORY_MAP de lib/shopify/product-mapper.js (luminaires = applique, lampadaire, lampes…). Impact visible à confirmer (filtres/fil d'Ariane). Vérification du 29 septembre : ce champ « category » de l'API n'est lu par aucune page ni aucun filtre (familles, sous-catégories et filtre Catégorie reposent sur les collections) ; aucun effet visible aujourd'hui, correction de code à faire par hygiène.","site.json : api.category = 'objets', productType = 'plafonnier' ; lib/shopify/product-mapper.js ligne 12 (aucune entrée 'suspension'/'plafonnier').","Ajouter 'plafonnier' à la liste luminaires de CATEGORY_MAP (correction de code, hors Shopify).",examen détaillé
corrigé,faible,Métachamps,YEAR_IN_DESC,artek-chair-611,Chaise 611,,,Année 1929 présente dans la description mais pas dans custom.year.,Shopify Admin (29 septembre 2026),Reporter l’année dans custom.year après vérification.,contrôle automatique
corrigé,faible,Tags,EN_MODEL_TAGS,artek-chair-611,Chaise 611,,,Tags anglais/références fournisseur : chair-611.,Shopify Admin (29 septembre 2026),"Retirer ces tags, sauf ceux utilisés par le méga-menu (stool-60).",contrôle automatique
à faire,faible,Tags,FINISH_NOT_TAGGED,artek-chair-611,Chaise 611,,,Finitions proposées sans tag : laque-noir.,Shopify Admin (29 septembre 2026),"Ajouter les tags de finition manquants, ou supprimer tous les tags de finition si le filtrage se fait par variante.",contrôle automatique
corrigé,faible,Photos,ALT_GENERIC,artek-chair-611,Chaise 611,,,6 photos de galerie avec le même alt générique « Chaise 611 — Artek ».,Shopify Admin (29 septembre 2026),"Écrire un alt décrivant la scène (produit, finition, pièce).",contrôle automatique
à faire,faible,Description,DESC_STACK,artek-chair-611,Chaise 611,,,"La description annonce 4 chaises empilables ; la fiche technique Artek indique 5 (le texte Artek dit 4 : Artek se contredit).",artek.fi : « Stackable up to five chairs » + schéma « max. 5 » vs texte « stacks up to four chairs »,"Confirmer auprès d'Artek ; à défaut écrire « empilable (jusqu'à 5 selon la fiche technique Artek) ».",examen détaillé
à faire,faible,Variantes,VARIANT_BLACK_LACQUER_NATURAL_BLACK,artek-chair-611,Chaise 611,"Laqué noir, sangle naturel/noir",#15,"« Laqué noir, sangle naturel/noir » n'apparaît pas dans la liste d'exemples Artek (qui s'arrête à noir, noir/bleu, noir/marron pour la version laquée noire) ; une photo Artek existe toutefois (#15).","artek.fi « Several versions… Here are some examples » ; photo #15 artek-chair-611-black-lacquered-natural-black-webbing.jpg",Confirmer la disponibilité auprès d'Artek.,examen détaillé
corrigé,faible,Variantes,LABEL_NOIR_NOIR,artek-chair-611,Chaise 611,,,« sangle noir/noir » est maladroit (sangle unie noire) et « Verni naturel » diffère du vocabulaire des autres chaises Aalto (« Bouleau »).,"Options : « Verni naturel, sangle noir/noir », « Laqué noir, sangle noir/noir » ; artek.fi « black webbing »","« Bouleau verni, sangle noire » / « Laqué noir, sangle noire » ; harmoniser « Bouleau verni » sur les autres libellés.",examen détaillé
corrigé,faible,Tags,VARIANT_COPY_TAGS,artek-chair-611,Chaise 611,,,"10 tags recopient les variantes, sous forme illisible : laque-noir-naturel-noir-sangle, laque-noir-noir-bleu-sangle, laque-noir-noir-marron-sangle, laque-noir-noir-noir-sangle, naturel-blanc-sangle, naturel-noir-sangle, naturel-rouge-sangle, noir-bleu-sangle, noir-marron-sangle, noir-noir-sangle. Manquent laque-noir, lin, sangle.",Tags du dossier,"Supprimer ces 10 tags ; ajouter laque-noir, bouleau, lin, sangle.",examen détaillé
à faire,faible,Variantes,NO_WEIGHT,artek-chair-611,Chaise 611,,,Poids d'expédition à 0 sur les 10 variantes.,dossier : weightKg = 0 pour chaque variante,Renseigner le poids d'expédition réel (fiche transporteur Artek) sur chaque variante.,examen détaillé
corrigé,faible,Tags,EN_MODEL_TAGS,artek-chair-65,Chaise 65,,,Tags anglais/références fournisseur : chair-65.,Shopify Admin (29 septembre 2026),"Retirer ces tags, sauf ceux utilisés par le méga-menu (stool-60).",contrôle automatique
corrigé,faible,Photos,ALT_GENERIC,artek-chair-65,Chaise 65,,,3 photos de galerie avec le même alt générique « Chaise 65 — Artek ».,Shopify Admin (29 septembre 2026),"Écrire un alt décrivant la scène (produit, finition, pièce).",contrôle automatique
à faire,faible,Variantes,VARIANT_UPHOLSTERED_MISSING,artek-chair-65,Chaise 65,,,Les versions à assise rembourrée tissu ou cuir proposées par Artek ne sont pas au catalogue.,artek.fi : « …or upholstered in leather or fabric »,Facultatif : ajouter une variante cuir ou tissu si la gamme doit être complète.,examen détaillé
corrigé,faible,Classement,CATEGORY_CHILD_SIBLING,artek-chair-65,Chaise 65,,,"La description ne signale pas la version enfant N65 ; les ambiances #2 et #3 (chambres d'enfant) montrent bien la Chaise 65 adulte.","Photos #2, #3 ; artek.fi : « a smaller sibling, Children's Chair NE65 »","Aucune correction obligatoire ; alt #2/#3 : « Chaise 65 bouleau, assise linoléum noir, bureau d'enfant » / « Chaise 65 laquée blanc ».",examen détaillé
corrigé,faible,Tags,VARIANT_VALUE_TAGS,artek-chair-66,Chaise 66,,,"Tags recopiant des valeurs de variantes : bouleau-lamifie-blanc, bouleau-linoleum-noir.",Shopify Admin (29 septembre 2026),Retirer ces tags : les finitions sont déjà portées par les variantes.,contrôle automatique
corrigé,faible,Tags,EN_MODEL_TAGS,artek-chair-66,Chaise 66,,,Tags anglais/références fournisseur : chair-66.,Shopify Admin (29 septembre 2026),"Retirer ces tags, sauf ceux utilisés par le méga-menu (stool-60).",contrôle automatique
à faire,faible,Tags,FINISH_NOT_TAGGED,artek-chair-66,Chaise 66,,,"Finitions proposées sans tag : lamifie-blanc, linoleum-noir.",Shopify Admin (29 septembre 2026),"Ajouter les tags de finition manquants, ou supprimer tous les tags de finition si le filtrage se fait par variante.",contrôle automatique
à faire,faible,Photos,LOW_RES,artek-chair-66,Chaise 66,,,Image basse définition 750×750 (galerie) : artek-chair-66-wild-birch-detail-magnifying-glass-interior.jpg.,Shopify Admin (29 septembre 2026),Remplacer par l’original haute définition (≥ 1 500 px).,contrôle automatique
corrigé,faible,Photos,ALT_GENERIC,artek-chair-66,Chaise 66,,,5 photos de galerie avec le même alt générique « Chaise 66 — Artek ».,Shopify Admin (29 septembre 2026),"Écrire un alt décrivant la scène (produit, finition, pièce).",contrôle automatique
à faire,faible,Variantes,LABEL_INCONSISTENT_65_68_69,artek-chair-66,Chaise 66,,,"« Bouleau / lamifié blanc » et « Bouleau / linoléum noir » alors que les Chaises 65, 68 et 69 disent « Lamifié blanc », « Linoléum noir » pour la même finition.",Options chair-66 vs chair-65/68/69,"Harmoniser les 4 fiches sur une même forme, par ex. « Bouleau / assise lamifié blanc », « Bouleau / assise linoléum noir ».",examen détaillé
à faire,faible,Tags,TAG_MISSING,artek-chair-66,Chaise 66,,,"Les tags lamifie-blanc et linoleum-noir manquent (remplacés par des recopies de variantes bouleau-lamifie-blanc, bouleau-linoleum-noir).",Tags du dossier,Remplacer par lamifie-blanc et linoleum-noir.,examen détaillé
à faire,faible,Variantes,VARIANT_UPHOLSTERED_MISSING,artek-chair-66,Chaise 66,,,Versions rembourrées tissu/cuir Artek non proposées.,artek.fi : liste des variantes,Facultatif.,examen détaillé
à faire,faible,Variantes,NO_WEIGHT,artek-chair-66,Chaise 66,,,Poids d'expédition à 0 sur les 6 variantes.,dossier : weightKg = 0 pour chaque variante,Renseigner le poids d'expédition réel (fiche transporteur Artek) sur chaque variante.,examen détaillé
corrigé,faible,Tags,EN_MODEL_TAGS,artek-chair-68,Chaise 68,,,Tags anglais/références fournisseur : chair-68.,Shopify Admin (29 septembre 2026),"Retirer ces tags, sauf ceux utilisés par le méga-menu (stool-60).",contrôle automatique
corrigé,faible,Photos,ALT_GENERIC,artek-chair-68,Chaise 68,,,3 photos de galerie avec le même alt générique « Chaise 68 — Artek ».,Shopify Admin (29 septembre 2026),"Écrire un alt décrivant la scène (produit, finition, pièce).",contrôle automatique
corrigé,faible,Description,DESC_THIN,artek-chair-68,Chaise 68,,,"Description d'une phrase, sans mention du dossier trois pièces à barre cintrée qui distingue la 68 des 65/66/69.","artek.fi : « The seat back is formed from three separate pieces, including a slender curved rail »","Ajouter : « Son dossier se compose de trois pièces, dont une fine traverse cintrée qui soutient le dos ; l'assise ronde est généreuse. »",examen détaillé
corrigé,faible,Photos,ALT_GALLERY_OTHER_MODELS,artek-chair-68,Chaise 68,,,"Les ambiances #2 et #4 montrent ensemble les chaises 65, 66, 68 et 69 : acceptable, mais l'alt générique n'aide pas à repérer la 68.","Fichiers #2 artek-aalto-table-82a-rectangular-stool-60-chair-65-66-68-69…, #4 …chair-65-66-68-69-white-barn…","Alt : « Chaises 65, 66, 68 et 69 laquées blanc autour d'une table Aalto 82A ».",examen détaillé
à faire,faible,Variantes,NO_WEIGHT,artek-chair-68,Chaise 68,,,Poids d'expédition à 0 sur les 5 variantes.,dossier : weightKg = 0 pour chaque variante,Renseigner le poids d'expédition réel (fiche transporteur Artek) sur chaque variante.,examen détaillé
corrigé,faible,Tags,VARIANT_VALUE_TAGS,artek-chair-69,Chaise 69,,,"Tags recopiant des valeurs de variantes : bouleau-laque-blanc, bouleau-laque-jaune, bouleau-laque-noir, bouleau-laque-orange, bouleau-laque-petrole, bouleau-laque-vert.",Shopify Admin (29 septembre 2026),Retirer ces tags : les finitions sont déjà portées par les variantes.,contrôle automatique
à faire,faible,Tags,FINISH_NOT_TAGGED,artek-chair-69,Chaise 69,,,"Finitions proposées sans tag : laque-orange, laque-jaune, laque-vert, laque-petrole.",Shopify Admin (29 septembre 2026),"Ajouter les tags de finition manquants, ou supprimer tous les tags de finition si le filtrage se fait par variante.",contrôle automatique
à faire,faible,Description,DESC_NO_DESIGNER,artek-chair-69,Chaise 69,,,La description ne nomme pas le créateur (Alvar Aalto).,Shopify Admin (29 septembre 2026),,contrôle automatique
corrigé,faible,Photos,ALT_GENERIC,artek-chair-69,Chaise 69,,,4 photos de galerie avec le même alt générique « Chaise 69 — Artek ».,Shopify Admin (29 septembre 2026),"Écrire un alt décrivant la scène (produit, finition, pièce).",contrôle automatique
à faire,faible,Tags,TAG_CONTEMPORAIN,artek-chair-69,Chaise 69,,,"Tag contemporain inexact pour un dessin de 1935 ; manquent bois-courbe, design-classique, chaise-de-salle-a-manger présents sur les 65/66/68.","Tags ; artek.fi « Alvar Aalto, 1935 »","Retirer contemporain ; ajouter bois-courbe, design-classique, chaise-de-salle-a-manger.",examen détaillé
à faire,faible,Variantes,NO_WEIGHT,artek-chair-69,Chaise 69,,,Poids d'expédition à 0 sur les 11 variantes.,dossier : weightKg = 0 pour chaque variante,Renseigner le poids d'expédition réel (fiche transporteur Artek) sur chaque variante.,examen détaillé
corrigé,faible,Tags,EN_MODEL_TAGS,artek-childrens-chair-n65,Chaise enfant N65,,,Tags anglais/références fournisseur : childrens-chair-n65.,Shopify Admin (29 septembre 2026),"Retirer ces tags, sauf ceux utilisés par le méga-menu (stool-60).",contrôle automatique
corrigé,faible,Photos,ALT_GENERIC,artek-childrens-chair-n65,Chaise enfant N65,,,2 photos de galerie avec le même alt générique « Chaise enfant N65 — Artek ».,Shopify Admin (29 septembre 2026),"Écrire un alt décrivant la scène (produit, finition, pièce).",contrôle automatique
partiellement corrigé,faible,Tags,TAG_WRONG,artek-childrens-chair-n65,Chaise enfant N65,,,"Les tags « salle-a-manger » et « salon » ne conviennent pas à une chaise enfant ; « idee-cadeau » est discutable pour un siège à 441 €. « chambre-enfant » et « mobilier-enfant » suffisent.",Tags du dossier,"Retirer « salle-a-manger », « salon », « idee-cadeau ».",examen détaillé
corrigé,faible,Métachamps,DIMENSIONS_VALUE,artek-childrens-chair-n65,Chaise enfant N65,,,Précision au constat NO_DIMENSIONS.,cotes lues dans les identifiants « number_* » du schéma SVG « Materials and Dimensions » de la page artek.fi (childrens-chair-n65),"custom.dimensions = « l. 35 × P. 38 cm, hauteur d'assise 37,5 cm, H 60 cm » ; custom.year = 1935.",examen détaillé
à faire,faible,Variantes,NO_SHIPPING_WEIGHT,artek-childrens-chair-n65,Chaise enfant N65,,,Aucun poids d'expédition.,Variantes : weight 0,Renseigner le poids.,examen détaillé
corrigé,faible,Photos,ALT_GALLERY_UNINFORMATIVE,artek-childrens-chair-n65,Chaise enfant N65,,"#2, #3",Les galeries #2 et #3 montrent la N65 avec la table enfant 81B mais ont l'alt générique.,"Photos #2, #3 (fichiers …N65-and-Aalto-Table-81B-in-situ…)",Alt : « Chaises enfant N65 et table enfant Aalto 81B en situation ».,examen détaillé
corrigé,faible,Tags,EN_MODEL_TAGS,artek-childrens-stool-ne60,Tabouret enfant NE60,,,Tags anglais/références fournisseur : childrens-stool-ne60.,Shopify Admin (29 septembre 2026),"Retirer ces tags, sauf ceux utilisés par le méga-menu (stool-60).",contrôle automatique
partiellement corrigé,faible,Tags,TAG_WRONG,artek-childrens-stool-ne60,Tabouret enfant NE60,,,"Le tag « cuisine » ne correspond pas à un tabouret enfant de 38 cm ; « tabouret-bas » et « tabouret-pour-enfant » suffisent.","Tags du dossier ; H 38 cm (Artek)",Retirer « cuisine ».,examen détaillé
à faire,faible,Variantes,NO_SHIPPING_WEIGHT,artek-childrens-stool-ne60,Tabouret enfant NE60,,,Aucun poids d'expédition sur les 3 variantes (0 g).,Variantes : weight 0,Renseigner le poids réel (fiche Artek/fournisseur).,examen détaillé
corrigé,faible,Métachamps,DIMENSIONS_VALUE,artek-childrens-stool-ne60,Tabouret enfant NE60,,,Précision au constat NO_DIMENSIONS.,cotes lues dans les identifiants « number_* » du schéma SVG « Materials and Dimensions » de la page artek.fi (childrens-stool-ne60) : 38 / 38,"custom.dimensions = « H 38 cm, encombrement 38 cm » ; custom.year = 1934.",examen détaillé
à faire,faible,SEO,SEO_NO_DESIGNER,artek-clothes-tree-160,Porte-manteau 160,,,SEO sans le créateur Anna-Maija Jaatinen.,Shopify Admin (29 septembre 2026),,contrôle automatique
corrigé,faible,Tags,VARIANT_VALUE_TAGS,artek-clothes-tree-160,Porte-manteau 160,,,"Tags recopiant des valeurs de variantes : tronc-laque-noir, tronc-verni-naturel.",Shopify Admin (29 septembre 2026),Retirer ces tags : les finitions sont déjà portées par les variantes.,contrôle automatique
corrigé,faible,Tags,EN_MODEL_TAGS,artek-clothes-tree-160,Porte-manteau 160,,,Tags anglais/références fournisseur : clothes-tree-160.,Shopify Admin (29 septembre 2026),"Retirer ces tags, sauf ceux utilisés par le méga-menu (stool-60).",contrôle automatique
à faire,faible,Tags,FINISH_NOT_TAGGED,artek-clothes-tree-160,Porte-manteau 160,,,Finitions proposées sans tag : laque-noir.,Shopify Admin (29 septembre 2026),"Ajouter les tags de finition manquants, ou supprimer tous les tags de finition si le filtrage se fait par variante.",contrôle automatique
à faire,faible,Classement,TYPE_PATERE,artek-clothes-tree-160,Porte-manteau 160,,,Type « Patère » pour un porte-manteau sur pied.,collections.json,Type « Porte-manteau » + ajout de ce type à la règle rangement.,examen détaillé
à faire,faible,Variantes,LABEL_FOOT,artek-clothes-tree-160,Porte-manteau 160,,,"Libellés « Tronc … » sans le pied noir (commun aux deux) : acceptable ; option pourrait s'appeler « Tronc ».","artek.fi « Foot: metal, black lacquer »","Option « Tronc » : « Bouleau verni naturel », « Bouleau laqué noir ».",examen détaillé
à faire,faible,Variantes,WEIGHT_MISSING,artek-clothes-tree-160,Porte-manteau 160,,,Poids d'expédition à 0 kg sur toutes les variantes.,dossier : weightKg = 0 pour chaque variante,Renseigner le poids d'expédition réel de chaque variante (fiche transporteur Artek).,examen détaillé
à faire,faible,SEO,SEO_NO_DESIGNER,artek-day-bed-710-back-cushions,Coussins dossier pour lit de repos 710 (Lot de 2),,,SEO sans le créateur Alvar Aalto.,Shopify Admin (29 septembre 2026),,contrôle automatique
corrigé,faible,Tags,DECADE_MISSING,artek-day-bed-710-back-cushions,Coussins dossier pour lit de repos 710 (Lot de 2),,,Pas de tag de décennie (année 1933).,Shopify Admin (29 septembre 2026),Ajouter le tag de décennie.,contrôle automatique
corrigé,faible,Tags,EN_MODEL_TAGS,artek-day-bed-710-back-cushions,Coussins dossier pour lit de repos 710 (Lot de 2),,,Tags anglais/références fournisseur : day-bed-710-back-cushions.,Shopify Admin (29 septembre 2026),"Retirer ces tags, sauf ceux utilisés par le méga-menu (stool-60).",contrôle automatique
corrigé,faible,Description,DESC_NO_DESIGNER,artek-day-bed-710-back-cushions,Coussins dossier pour lit de repos 710 (Lot de 2),,,La description ne nomme pas le créateur (Alvar Aalto).,Shopify Admin (29 septembre 2026),,contrôle automatique
corrigé,faible,Description,DESC_EN,artek-day-bed-710-back-cushions,Coussins dossier pour lit de repos 710 (Lot de 2),,,"Anglicismes : « Day Bed 710 », « collection Sofas ».",description Admin,« Coussins de dossier (lot de 2) pour le lit de repos 710 d'Alvar Aalto (1933)… ».,examen détaillé
"accepté : vente par classe, sur devis ou en caisse",faible,Variantes,SANS_HOUSSE,artek-day-bed-710-back-cushions,Coussins dossier pour lit de repos 710 (Lot de 2),,,"La variante « Sans housse » (343 €) n'est pas expliquée : s'agit-il de la mousse seule, ou d'une version à habiller avec le tissu du client (COM) ? À confirmer auprès d'Artek.","variante Sans housse, SKU ART-DB710BC-27000703","Expliquer la variante dans son libellé ou la description, ou la retirer.",examen détaillé
à faire,faible,Variantes,WEIGHT_MISSING,artek-day-bed-710-back-cushions,Coussins dossier pour lit de repos 710 (Lot de 2),,,Aucun poids d'expédition sur les variantes (weightKg = 0).,dossier : weightKg 0 sur toutes les variantes,Renseigner le poids d'expédition de chaque variante.,examen détaillé
à faire,faible,Canaux,NOT_ON_META,artek-day-bed-710-frame,Lit de repos 710,,,Absente du catalogue Facebook & Instagram (117/160 fiches actives y sont).,Shopify Admin (29 septembre 2026),Publier sur Facebook & Instagram si souhaité.,contrôle automatique
à faire,faible,SEO,SEO_NO_DESIGNER,artek-day-bed-710-frame,Lit de repos 710,,,SEO sans le créateur Alvar Aalto.,Shopify Admin (29 septembre 2026),,contrôle automatique
corrigé,faible,Tags,DECADE_MISSING,artek-day-bed-710-frame,Lit de repos 710,,,Pas de tag de décennie (année 1933).,Shopify Admin (29 septembre 2026),Ajouter le tag de décennie.,contrôle automatique
corrigé,faible,Tags,EN_MODEL_TAGS,artek-day-bed-710-frame,Lit de repos 710,,,Tags anglais/références fournisseur : day-bed-710-frame.,Shopify Admin (29 septembre 2026),"Retirer ces tags, sauf ceux utilisés par le méga-menu (stool-60).",contrôle automatique
à faire,faible,Description,DESC_NO_DESIGNER,artek-day-bed-710-frame,Lit de repos 710,,,La description ne nomme pas le créateur (Alvar Aalto).,Shopify Admin (29 septembre 2026),,contrôle automatique
partiellement corrigé,faible,Tags,TAGS,artek-day-bed-710-frame,Lit de repos 710,,,Il manque le tag de décennie « annees-1930 ». Le tag « day-bed-710-frame » est une référence anglaise.,tags Admin,Ajouter annees-1930 et supprimer day-bed-710-frame.,examen détaillé
corrigé,faible,Photos,ALT_GENERIC,artek-day-bed-710-frame,Lit de repos 710,,,Les alts #1 et #2 sont identiques et génériques (« Lit de repos 710 — Artek »). Ils n'indiquent pas que le matelas et les coussins visibles ne sont pas compris.,alts #1 et #2,"#1 : « Lit de repos 710, cadre en bouleau (matelas et coussins non inclus) » ; #2 : « Lit de repos 710 avec matelas et coussins Hallingdal gris clair, vendus séparément ».",examen détaillé
à faire,faible,SEO,SEO_NO_DESIGNER,artek-day-bed-710-mattress,Matelas pour lit de repos 710,,,SEO sans le créateur Alvar Aalto.,Shopify Admin (29 septembre 2026),,contrôle automatique
corrigé,faible,Tags,DECADE_MISSING,artek-day-bed-710-mattress,Matelas pour lit de repos 710,,,Pas de tag de décennie (année 1933).,Shopify Admin (29 septembre 2026),Ajouter le tag de décennie.,contrôle automatique
corrigé,faible,Tags,EN_MODEL_TAGS,artek-day-bed-710-mattress,Matelas pour lit de repos 710,,,Tags anglais/références fournisseur : day-bed-710-mattress.,Shopify Admin (29 septembre 2026),"Retirer ces tags, sauf ceux utilisés par le méga-menu (stool-60).",contrôle automatique
corrigé,faible,Description,DESC_NO_DESIGNER,artek-day-bed-710-mattress,Matelas pour lit de repos 710,,,La description ne nomme pas le créateur (Alvar Aalto).,Shopify Admin (29 septembre 2026),,contrôle automatique
corrigé,faible,Description,DESC_EN,artek-day-bed-710-mattress,Matelas pour lit de repos 710,,,"Anglicismes : « Day Bed 710 », « collection Sofas ».",description Admin,"« Matelas pour le lit de repos 710 d'Alvar Aalto (1933), housse amovible… ».",examen détaillé
"accepté : vente par classe, sur devis ou en caisse",faible,Variantes,SANS_HOUSSE,artek-day-bed-710-mattress,Matelas pour lit de repos 710,,,"La variante « Sans housse » (534 €) n'est pas expliquée (mousse nue, ou version à habiller avec le tissu du client ?). À confirmer auprès d'Artek.",SKU ART-DB710M-27000501,Expliquer la variante ou la retirer.,examen détaillé
à faire,faible,Variantes,WEIGHT_MISSING,artek-day-bed-710-mattress,Matelas pour lit de repos 710,,,Aucun poids d'expédition sur les variantes (weightKg = 0).,dossier : weightKg 0 sur toutes les variantes,Renseigner le poids d'expédition de chaque variante.,examen détaillé
corrigé,faible,Tags,EN_MODEL_TAGS,artek-domus-chair,Chaise Domus,,,Tags anglais/références fournisseur : domus-chair.,Shopify Admin (29 septembre 2026),"Retirer ces tags, sauf ceux utilisés par le méga-menu (stool-60).",contrôle automatique
à faire,faible,Tags,FINISH_NOT_TAGGED,artek-domus-chair,Chaise Domus,,,"Finitions proposées sans tag : teinte-miel, teinte-noyer.",Shopify Admin (29 septembre 2026),"Ajouter les tags de finition manquants, ou supprimer tous les tags de finition si le filtrage se fait par variante.",contrôle automatique
corrigé,faible,Photos,ALT_GENERIC,artek-domus-chair,Chaise Domus,,,10 photos de galerie avec le même alt générique « Chaise Domus — Artek ».,Shopify Admin (29 septembre 2026),"Écrire un alt décrivant la scène (produit, finition, pièce).",contrôle automatique
partiellement corrigé,faible,Tags,TAGS_MISSING,artek-domus-chair,Chaise Domus,,,"Seulement 11 tags : manquent chene, empilable/chaise-empilable (Artek : empilable par 4), chaise-avec-accoudoirs, interieur, chaise-de-repas, salle-a-manger, teinte-noir/teinte-miel/teinte-noyer.","Tags du dossier ; artek.fi « Stackable up to four chairs »",Ajouter ces tags.,examen détaillé
à faire,faible,Description,DESC_ASSEMBLY_UNVERIFIED,artek-domus-chair,Chaise Domus,,,"« Livrée assemblée, avec patins en feutre installés » : non indiqué par Artek (à confirmer).",Description Mikado,Confirmer auprès d'Artek.,examen détaillé
à faire,faible,Variantes,NO_WEIGHT,artek-domus-chair,Chaise Domus,,,Poids d'expédition à 0 sur les 5 variantes.,dossier : weightKg = 0 pour chaque variante,Renseigner le poids d'expédition réel (fiche transporteur Artek) sur chaque variante.,examen détaillé
corrigé,faible,Tags,EN_MODEL_TAGS,artek-domus-chair-seat-and-back-upholstered,Chaise Domus assise et dossier rembourrés,,,Tags anglais/références fournisseur : domus-chair-seat-and-back-upholstered.,Shopify Admin (29 septembre 2026),"Retirer ces tags, sauf ceux utilisés par le méga-menu (stool-60).",contrôle automatique
à faire,faible,Tags,FINISH_NOT_TAGGED,artek-domus-chair-seat-and-back-upholstered,Chaise Domus assise et dossier rembourrés,,,"Finitions proposées sans tag : teinte-miel, teinte-noyer.",Shopify Admin (29 septembre 2026),"Ajouter les tags de finition manquants, ou supprimer tous les tags de finition si le filtrage se fait par variante.",contrôle automatique
corrigé,faible,Photos,ALT_GENERIC,artek-domus-chair-seat-and-back-upholstered,Chaise Domus assise et dossier rembourrés,,,8 photos de galerie avec le même alt générique « Chaise Domus assise et dossier rembourrés — Artek ».,Shopify Admin (29 septembre 2026),"Écrire un alt décrivant la scène (produit, finition, pièce).",contrôle automatique
corrigé,faible,Variantes,LABEL_CASE_NAMES,artek-domus-chair-seat-and-back-upholstered,Chaise Domus assise et dossier rembourrés,,,"Noms de collections de tissus/cuirs en minuscules (hola, wow re, prestige, spectrum) et casse incohérente (« beige / Rose »), « wow cream / blanc » sans « Re », barres obliques ambiguës (« bleu / ocre » ressemble à un nouveau niveau de composition).","Options 5, 7, 9 ; fichiers #13 « Wow-Re-Blueocre », #17 « Wow-Re-creamwhite » ; Artek : « Wow RE beige/pink », « Wow RE cream and white »","Ex. : « Bouleau teinté miel / tissu Wow RE bleu-ocre / passepoil cuir Prestige nougat » ; « Bouleau teinté noyer / tissu Wow RE beige-rose / passepoil cuir Prestige cognac » ; « Chêne / tissu Wow RE crème-blanc / passepoil cuir Prestige nougat » ; capitaliser Hola, Prestige, Spectrum.",examen détaillé
corrigé,faible,Photos,ALT_FORMAT,artek-domus-chair-seat-and-back-upholstered,Chaise Domus assise et dossier rembourrés,,#15,"L'alt de #15 est rédigé dans un autre format que les autres (« Chaise Domus — bouleau noyer, tissu Wow Re beige/rose… »).",Photo #15,Aligner sur le libellé corrigé de la variante.,examen détaillé
corrigé,faible,Photos,GALLERY_NEAR_DUPLICATE,artek-domus-chair-seat-and-back-upholstered,Chaise Domus assise et dossier rembourrés,,,"Les ambiances #2 et #3 sont deux prises quasi identiques de la même scène (table ronde, suspension, Domus verte et noyer).",Photos #2 Layered-02 et #3 Layered-01,Retirer l'une des deux.,examen détaillé
partiellement corrigé,faible,Tags,TAGS_MISSING,artek-domus-chair-seat-and-back-upholstered,Chaise Domus assise et dossier rembourrés,,,"Seulement 10 tags : manquent chene, tissu, cuir, made-in-finlande, interieur, chaise-avec-accoudoirs, chaise-rembourree, teinte-noir/miel/noyer.",Tags du dossier,Ajouter ces tags.,examen détaillé
corrigé,faible,Description,DESC_TAPISSEES,artek-domus-chair-seat-and-back-upholstered,Chaise Domus assise et dossier rembourrés,,,"« Dix nouvelles éditions tapissées » : mot « tapissées » incohérent avec le titre « rembourrés » ; « Depuis 80 ans » deviendra faux avec le temps.",Description Mikado,"« Dix éditions rembourrées… » ; remplacer « Depuis 80 ans » par « Depuis 1946 ».",examen détaillé
à faire,faible,Variantes,NO_WEIGHT,artek-domus-chair-seat-and-back-upholstered,Chaise Domus assise et dossier rembourrés,,,Poids d'expédition à 0 sur les 10 variantes.,dossier : weightKg = 0 pour chaque variante,Renseigner le poids d'expédition réel (fiche transporteur Artek) sur chaque variante.,examen détaillé
à faire,faible,Canaux,NOT_ON_META,artek-domus-chair-seat-upholstered,Chaise Domus assise rembourrée,,,Absente du catalogue Facebook & Instagram (117/160 fiches actives y sont).,Shopify Admin (29 septembre 2026),Publier sur Facebook & Instagram si souhaité.,contrôle automatique
corrigé,faible,Tags,EN_MODEL_TAGS,artek-domus-chair-seat-upholstered,Chaise Domus assise rembourrée,,,Tags anglais/références fournisseur : domus-chair-seat-upholstered.,Shopify Admin (29 septembre 2026),"Retirer ces tags, sauf ceux utilisés par le méga-menu (stool-60).",contrôle automatique
corrigé,faible,SEO,SEO_TITLE_LONG,artek-domus-chair-seat-upholstered,Chaise Domus assise rembourrée,,,Titre SEO de 70 caractères (tronqué par Google au-delà d’environ 60).,Shopify Admin (29 septembre 2026),Raccourcir à ≈ 60 caractères.,contrôle automatique
corrigé,faible,Photos,ALT_GENERIC,artek-domus-chair-seat-upholstered,Chaise Domus assise rembourrée,,,2 photos de galerie avec le même alt générique « Chaise Domus assise rembourrée — Artek ».,Shopify Admin (29 septembre 2026),"Écrire un alt décrivant la scène (produit, finition, pièce).",contrôle automatique
à faire,faible,Variantes,LABEL_INCONSISTENT,artek-domus-chair-seat-upholstered,Chaise Domus assise rembourrée,,,"« Teinté noir — cuir noir » omet l'essence (bouleau) et utilise « — » alors que la fiche Domus bois dit « Bouleau / teinté noir » ; le cuir n'est pas nommé (Prestige).","Options ; artek.fi « Seat: leather upholstery, sorensen prestige black »","« Bouleau / cuir Prestige noir », « Bouleau teinté noir / cuir Prestige noir », « Chêne / cuir Prestige noir ».",examen détaillé
à faire,faible,Variantes,SKU_SUFFIX,artek-domus-chair-seat-upholstered,Chaise Domus assise rembourrée,,,"Les 3 SKU partagent la même référence 28105102 suffixée NAT/TNO/CHE, alors que chaque finition Artek a son propre code.",SKU ART-DCSU-28105102-NAT/-TNO/-CHE,Vérifier les codes Artek réels par finition.,examen détaillé
partiellement corrigé,faible,Tags,TAGS_MISSING,artek-domus-chair-seat-upholstered,Chaise Domus assise rembourrée,,,"Manquent bouleau, chene, teinte-noir, made-in-finlande, interieur, chaise-avec-accoudoirs ; le tag domus est isolé.",Tags du dossier,Ajouter ces tags.,examen détaillé
à faire,faible,Variantes,NO_WEIGHT,artek-domus-chair-seat-upholstered,Chaise Domus assise rembourrée,,,Poids d'expédition à 0 sur les 3 variantes.,dossier : weightKg = 0 pour chaque variante,Renseigner le poids d'expédition réel (fiche transporteur Artek) sur chaque variante.,examen détaillé
à faire,faible,Tags,EN_MODEL_TAGS,artek-domus-lounge-chair,Fauteuil Domus,,,"Tags anglais/références fournisseur : domus-lounge-chair, lounge.",Shopify Admin (29 septembre 2026),"Retirer ces tags, sauf ceux utilisés par le méga-menu (stool-60).",contrôle automatique
à faire,faible,Tags,FINISH_NOT_TAGGED,artek-domus-lounge-chair,Fauteuil Domus,,,"Finitions proposées sans tag : laque-noir, teinte-miel.",Shopify Admin (29 septembre 2026),"Ajouter les tags de finition manquants, ou supprimer tous les tags de finition si le filtrage se fait par variante.",contrôle automatique
à faire,faible,Variantes,LABEL_INCONSISTENT,artek-domus-lounge-chair,Fauteuil Domus,,,"Les libellés « Bouleau » et « Chêne » ne disent pas « verni incolore ». Ils utilisent aussi « Bouleau / laqué noir », alors que le Domus rembourré écrit « Laqué noir — cuir noir » (séparateurs et formulation différents pour la même structure).","Options : « Bouleau », « Bouleau / laqué noir », « Bouleau / teinté miel », « Chêne » ; produit voisin : « Laqué noir — cuir noir »","Harmoniser : « Bouleau verni », « Bouleau laqué noir », « Bouleau teinté miel », « Chêne verni » (et la même syntaxe sur le Domus rembourré).",examen détaillé
à faire,faible,Variantes,NO_WEIGHT,artek-domus-lounge-chair,Fauteuil Domus,,,Poids d’expédition à 0 kg sur toutes les variantes.,dossier : weightKg = 0 pour chaque variante,Renseigner le poids d’expédition (fiche transporteur Artek) pour chaque variante.,examen détaillé
à faire,faible,Canaux,NOT_ON_META,artek-domus-lounge-chair-upholstered,Fauteuil Domus rembourré,,,Absente du catalogue Facebook & Instagram (117/160 fiches actives y sont).,Shopify Admin (29 septembre 2026),Publier sur Facebook & Instagram si souhaité.,contrôle automatique
à faire,faible,Tags,EN_MODEL_TAGS,artek-domus-lounge-chair-upholstered,Fauteuil Domus rembourré,,,"Tags anglais/références fournisseur : domus-lounge-chair-upholstered, lounge.",Shopify Admin (29 septembre 2026),"Retirer ces tags, sauf ceux utilisés par le méga-menu (stool-60).",contrôle automatique
à faire,faible,Tags,FINISH_NOT_TAGGED,artek-domus-lounge-chair-upholstered,Fauteuil Domus rembourré,,,Finitions proposées sans tag : laque-noir.,Shopify Admin (29 septembre 2026),"Ajouter les tags de finition manquants, ou supprimer tous les tags de finition si le filtrage se fait par variante.",contrôle automatique
à faire,faible,Variantes,LABEL_INCONSISTENT,artek-domus-lounge-chair-upholstered,Fauteuil Domus rembourré,,,« Laqué noir — cuir noir » et « Chêne — cuir noir » ne suivent pas la syntaxe du Domus bois (« Bouleau / laqué noir »).,options des deux fiches Domus,"Harmoniser, par ex. « Bouleau laqué noir — cuir noir », « Chêne verni — cuir noir ».",examen détaillé
à faire,faible,Variantes,NO_WEIGHT,artek-domus-lounge-chair-upholstered,Fauteuil Domus rembourré,,,Poids d’expédition à 0 kg sur toutes les variantes.,dossier : weightKg = 0 pour chaque variante,Renseigner le poids d’expédition (fiche transporteur Artek) pour chaque variante.,examen détaillé
corrigé,faible,Tags,EN_MODEL_TAGS,artek-felt-glides,Patins feutre (Lot de 4),,,Tags anglais/références fournisseur : felt-glides.,Shopify Admin (29 septembre 2026),"Retirer ces tags, sauf ceux utilisés par le méga-menu (stool-60).",contrôle automatique
à faire,faible,Prix,SAME_PRICE_3_SIZES,artek-felt-glides,Patins feutre (Lot de 4),,,"Les trois tailles sont au même prix (20 €) et au même coût (8,80) ; à vérifier sur le tarif fournisseur (les grands patins sont en principe plus chers).","Variantes ART-FG-27004901/02/03 : price 20, cost 8.8",Contrôler le coût d'achat par taille et ajuster.,examen détaillé
à faire,faible,Tags,TAG_DESIGNER_WRONG,artek-felt-glides,Patins feutre (Lot de 4),,,"Tags « aalto » et « alvar-aalto » sur un accessoire sans créateur ; tag anglais felt-glides.",Tags Admin,"Retirer aalto, alvar-aalto, felt-glides.",examen détaillé
retiré de la vente en ligne (arrêté chez Artek),faible,Tags,EN_MODEL_TAGS,artek-h55-fabric,Tissu H55 (au mètre),,,Tags anglais/références fournisseur : h55-fabric.,Shopify Admin (29 septembre 2026),"Retirer ces tags, sauf ceux utilisés par le méga-menu (stool-60).",contrôle automatique
retiré de la vente en ligne (arrêté chez Artek),faible,Photos,VARIANT_NOT_SQUARE,artek-h55-fabric,Tissu H55 (au mètre),,,Image de variante non carrée 543×313 : artek-artek-h55-fabric-00.png (carte carrée recadrée).,Shopify Admin (29 septembre 2026),,contrôle automatique
retiré de la vente en ligne (arrêté chez Artek),faible,Métachamps,WIDTH_UNVERIFIED,artek-h55-fabric,Tissu H55 (au mètre),,,Laize « 140 cm » non vérifiable (revendeurs : 150 cm pour la toile de coton).,"custom.dimensions ; résultats revendeurs",Confirmer la laize avec la qualité réellement vendue.,examen détaillé
corrigé,faible,Tags,EN_MODEL_TAGS,artek-high-chair-k65,Chaise de bar K65,,,Tags anglais/références fournisseur : high-chair-k65.,Shopify Admin (29 septembre 2026),"Retirer ces tags, sauf ceux utilisés par le méga-menu (stool-60).",contrôle automatique
corrigé,faible,Photos,ALT_GENERIC,artek-high-chair-k65,Chaise de bar K65,,,2 photos de galerie avec le même alt générique « Chaise de bar K65 — Artek ».,Shopify Admin (29 septembre 2026),"Écrire un alt décrivant la scène (produit, finition, pièce).",contrôle automatique
à faire,faible,Description,CHAISE_HAUTE_TERM,artek-high-chair-k65,Chaise de bar K65,,,"La description parle de « chaise haute K65 » : en français, « chaise haute » désigne surtout une chaise pour bébé ; le titre dit « Chaise de bar K65 ».",Description : « la chaise haute K65 d'Alvar Aalto »,"Écrire « chaise de bar K65 » ou « chaise haute de comptoir K65 » ; ajouter « dessinée en 1935 ».",examen détaillé
partiellement corrigé,faible,Tags,TAG_WRONG,artek-high-chair-k65,Chaise de bar K65,,,"« tabouret-de-bar » est inexact (chaise à dossier) ; « salon » est hors sujet pour une chaise de comptoir.","Tags du dossier ; artek.fi : « low seat back »","Retirer « tabouret-de-bar » et « salon » ; ajouter « annees-1930 ».",examen détaillé
à faire,faible,Classement,SITE_CATEGORY_OBJETS,artek-high-chair-k65,Chaise de bar K65,,,"L'API produit du site renvoie category « objets » pour ce type « Chaise de bar » : le mappeur ne connaît ni « chaise de bar » ni « tabouret de bar » et bascule sur « objets » (sous-catégorie vide). Vérification du 29 septembre : ce champ « category » de l'API n'est lu par aucune page ni aucun filtre (familles, sous-catégories et filtre Catégorie reposent sur les collections) ; aucun effet visible aujourd'hui, correction de code à faire par hygiène.","site.json : api.category = « objets », subcategory = « » ; lib/shopify/product-mapper.js CATEGORY_MAP.assises = ['chaise','chaise haute',…] sans « chaise de bar »","Ajouter « chaise de bar » et « tabouret de bar » à CATEGORY_MAP.assises (modification de code, hors audit) et vérifier le fil d'Ariane et les filtres.",examen détaillé
à faire,faible,Variantes,NO_SHIPPING_WEIGHT,artek-high-chair-k65,Chaise de bar K65,,,Aucun poids d'expédition sur les 5 variantes.,Variantes : weight 0,Renseigner le poids.,examen détaillé
à faire,faible,Prix,PRICE_VS_BAR_STOOL,artek-high-chair-k65,Chaise de bar K65,,,"La chaise K65 (avec dossier) est moins chère (547–602 €) que le tabouret sans dossier Bar Stool 64 (627–682 €). À confirmer, ce n'est pas forcément une erreur.",artek-high-chair-k65 vs chaise-de-bar-64-h65/h75,Vérifier les deux tarifs fournisseur.,examen détaillé
corrigé,faible,Photos,ALT_GALLERY_UNINFORMATIVE,artek-high-chair-k65,Chaise de bar K65,,"#2, #3","Alts des galeries génériques : #2 = rangée de K65 bouleau à un comptoir, #3 = K65 laqué noir dans l'atelier Aalto.","Photos #2, #3","Alts descriptifs : « Chaises de bar K65 bouleau au comptoir d'un restaurant », « Chaise de bar K65 laquée noire en situation ».",examen détaillé
corrigé,faible,Tags,EN_MODEL_TAGS,artek-inner-cushion,Coussin de garnissage,,,Tags anglais/références fournisseur : inner-cushion.,Shopify Admin (29 septembre 2026),"Retirer ces tags, sauf ceux utilisés par le méga-menu (stool-60).",contrôle automatique
à faire,faible,Variantes,MISSING_40x60,artek-inner-cushion,Coussin de garnissage,,,Taille 40 × 60 cm absente (utile seulement si la housse Zebra 40 × 60 est ajoutée).,shop.artek.fi/products/inner-cushion-40-x-60-cm,À ajouter seulement avec la housse Zebra 40 × 60.,examen détaillé
à faire,faible,Canaux,NOT_ON_META,artek-jl341,Suspension JL341,,,Absente du catalogue Facebook & Instagram (117/160 fiches actives y sont).,Shopify Admin (29 septembre 2026),Publier sur Facebook & Instagram si souhaité.,contrôle automatique
corrigé,faible,Tags,VARIANT_VALUE_TAGS,artek-jl341,Suspension JL341,,,Tags recopiant des valeurs de variantes : laque-blanc-inferieur-reflecteurs-laiton-poli.,Shopify Admin (29 septembre 2026),Retirer ces tags : les finitions sont déjà portées par les variantes.,contrôle automatique
corrigé,faible,Tags,CODE_TAGS,artek-jl341,Suspension JL341,,,Tags de référence : jl341.,Shopify Admin (29 septembre 2026),,contrôle automatique
corrigé,faible,Photos,ALT_GENERIC,artek-jl341,Suspension JL341,,,4 photos de galerie avec le même alt générique « Suspension JL341 — Artek ».,Shopify Admin (29 septembre 2026),"Écrire un alt décrivant la scène (produit, finition, pièce).",contrôle automatique
corrigé,faible,Variantes,OPTION_LABEL,artek-jl341,Suspension JL341,Laqué blanc / inférieur réflecteurs laiton poli,#4,Libellé « Laqué blanc / inférieur réflecteurs laiton poli » : ordre des mots incorrect.,"Option ; https://www.artek.fi/en/products/pendant-light-jl341 (« With lower reflectors in white or brass »).",« Blanc / réflecteurs inférieurs en laiton poli » et « Blanc / réflecteurs blancs ».,examen détaillé
corrigé,faible,Tags,TAG_VARIANT_COPY,artek-jl341,Suspension JL341,,,"Tag « laque-blanc-inferieur-reflecteurs-laiton-poli » (recopie, constat auto) ; le tag de finition utile « laiton-poli » manque.",Tags.,Remplacer par « laiton-poli ».,examen détaillé
à faire,faible,Variantes,WEIGHT_MISSING,artek-jl341,Suspension JL341,,,Poids d'expédition à 0 kg sur les 2 variantes.,Dossier : weightKg = 0 pour chaque variante.,Saisir le poids colis réel (fiche transporteur/fournisseur) sur chaque variante.,examen détaillé
à faire,faible,Site,SITE_CATEGORY_OBJETS,artek-jl341,Suspension JL341,,,"L'API du site classe ce produit (type « Suspension ») en catégorie « objets » : le type « suspension » manque dans CATEGORY_MAP de lib/shopify/product-mapper.js (luminaires = applique, lampadaire, lampes…). Impact visible à confirmer (filtres/fil d'Ariane). Vérification du 29 septembre : ce champ « category » de l'API n'est lu par aucune page ni aucun filtre (familles, sous-catégories et filtre Catégorie reposent sur les collections) ; aucun effet visible aujourd'hui, correction de code à faire par hygiène.","site.json : api.category = 'objets', productType = 'suspension' ; lib/shopify/product-mapper.js ligne 12 (aucune entrée 'suspension'/'plafonnier').","Ajouter 'suspension' à la liste luminaires de CATEGORY_MAP (correction de code, hors Shopify).",examen détaillé
corrigé,faible,Métachamps,YEAR_IN_DESC,artek-kaari-bureau-mural,Étagère Kaari Bureau Mural,,,Année 2015 présente dans la description mais pas dans custom.year.,Shopify Admin (29 septembre 2026),Reporter l’année dans custom.year après vérification.,contrôle automatique
corrigé,faible,Tags,VARIANT_VALUE_TAGS,artek-kaari-bureau-mural,Étagère Kaari Bureau Mural,,,"Tags recopiant des valeurs de variantes : bureau-100-x-55-cm, bureau-200-x-55-cm.",Shopify Admin (29 septembre 2026),Retirer ces tags : les finitions sont déjà portées par les variantes.,contrôle automatique
corrigé,faible,Tags,GIFT_EXPENSIVE,artek-kaari-bureau-mural,Étagère Kaari Bureau Mural,,,Tag idee-cadeau sur un produit à partir de 2114.0 €.,Shopify Admin (29 septembre 2026),,contrôle automatique
corrigé,faible,Photos,ALT_GENERIC,artek-kaari-bureau-mural,Étagère Kaari Bureau Mural,,,5 photos de galerie avec le même alt générique « Étagère Kaari Bureau Mural — Artek ».,Shopify Admin (29 septembre 2026),"Écrire un alt décrivant la scène (produit, finition, pièce).",contrôle automatique
à faire,faible,Description,DESC_HPL,artek-kaari-bureau-mural,Étagère Kaari Bureau Mural,,,« surface brillante en HPL » : la fiche matériaux et le PDF Kaari indiquent de la mélamine noire brillante (la page Artek dit toutefois « glossy HPL » dans son texte) — à confirmer.,"https://www.artek.fi/downloads/Kaari-Collection-2021-4957224.pdf : « Shelves with melamine/linoleum surface » ; artek.fi « Shelf surface: Melamin, Linoleum »",« tablettes en mélamine noire brillante ».,examen détaillé
corrigé,faible,Tags,GIFT_TAG,artek-kaari-bureau-mural,Étagère Kaari Bureau Mural,,,"Tag idee-cadeau sur un meuble mural à plus de 2 000 € ; tags bureau-100-x-55-cm / bureau-200-x-55-cm inutiles ; manquent made-in-allemagne, chene, linoleum.",dossier tags,"Retirer idee-cadeau et les tags de taille ; ajouter chene, linoleum, kaari.",examen détaillé
corrigé,faible,Photos,ALT_GALLERY,artek-kaari-bureau-mural,Étagère Kaari Bureau Mural,,#2–#6,5 alts génériques.,sheet,"Décrire (avec chaise Aslak, Atelier, REB010…).",examen détaillé
à faire,faible,Variantes,WEIGHT_MISSING,artek-kaari-bureau-mural,Étagère Kaari Bureau Mural,,,Poids d'expédition à 0 kg sur toutes les variantes.,dossier : weightKg = 0 pour chaque variante,Renseigner le poids d'expédition réel de chaque variante (fiche transporteur Artek).,examen détaillé
à faire,faible,Canaux,NOT_ON_META,artek-kaari-desk-reb005,Bureau Kaari REB005 150 × 65 cm,,,Absente du catalogue Facebook & Instagram (117/160 fiches actives y sont).,Shopify Admin (29 septembre 2026),Publier sur Facebook & Instagram si souhaité.,contrôle automatique
corrigé,faible,Tags,EN_MODEL_TAGS,artek-kaari-desk-reb005,Bureau Kaari REB005 150 × 65 cm,,,Tags anglais/références fournisseur : table.,Shopify Admin (29 septembre 2026),"Retirer ces tags, sauf ceux utilisés par le méga-menu (stool-60).",contrôle automatique
à faire,faible,Tags,FINISH_NOT_TAGGED,artek-kaari-desk-reb005,Bureau Kaari REB005 150 × 65 cm,,,Finitions proposées sans tag : linoleum-noir.,Shopify Admin (29 septembre 2026),"Ajouter les tags de finition manquants, ou supprimer tous les tags de finition si le filtrage se fait par variante.",contrôle automatique
corrigé,faible,Photos,ALT_GENERIC,artek-kaari-desk-reb005,Bureau Kaari REB005 150 × 65 cm,,,4 photos de galerie avec le même alt générique « Bureau Kaari REB005 150 × 65 cm — Artek ».,Shopify Admin (29 septembre 2026),"Écrire un alt décrivant la scène (produit, finition, pièce).",contrôle automatique
corrigé,faible,Variantes,LABEL_CONSISTENCY,artek-kaari-desk-reb005,Bureau Kaari REB005 150 × 65 cm,,,"« Chêne noir » = chêne laqué noir chez Artek ; vocabulaire différent de REB007 (« Chêne laqué noir ») et REB006 (« Teinté noir »).","artek.fi « Legs: oak, black lacquer »",« Chêne laqué noir » sur toutes les fiches Kaari.,examen détaillé
à faire,faible,Description,DESC_TERMS,artek-kaari-desk-reb005,Bureau Kaari REB005 150 × 65 cm,,,"Description dit « stratifié » alors que les variantes disent « lamifié » ; « REB 005 » avec espace.",dossier description / options,"Uniformiser « lamifié (HPL) » ; « REB005 ».",examen détaillé
corrigé,faible,Photos,ALT_GALLERY,artek-kaari-desk-reb005,Bureau Kaari REB005 150 × 65 cm,,"#2, #3, #4, #8","Alts génériques ; #4 est une ambiance « Screen 100B » où le bureau est visible derrière le paravent.",sheet #4,Alts précis.,examen détaillé
à faire,faible,Variantes,WEIGHT_MISSING,artek-kaari-desk-reb005,Bureau Kaari REB005 150 × 65 cm,,,Poids d'expédition à 0 kg sur toutes les variantes.,dossier : weightKg = 0 pour chaque variante,Renseigner le poids d'expédition réel de chaque variante (fiche transporteur Artek).,examen détaillé
à faire,faible,Canaux,NOT_ON_META,artek-kaari-reb006,Console murale Kaari REB006,,,Absente du catalogue Facebook & Instagram (117/160 fiches actives y sont).,Shopify Admin (29 septembre 2026),Publier sur Facebook & Instagram si souhaité.,contrôle automatique
à faire,faible,SEO,SEO_NO_DESIGNER,artek-kaari-reb006,Console murale Kaari REB006,,,SEO sans le créateur Ronan & Erwan Bouroullec.,Shopify Admin (29 septembre 2026),,contrôle automatique
corrigé,faible,Tags,DECADE_MISSING,artek-kaari-reb006,Console murale Kaari REB006,,,Pas de tag de décennie (année 2015).,Shopify Admin (29 septembre 2026),Ajouter le tag de décennie.,contrôle automatique
à faire,faible,Tags,FINISH_NOT_TAGGED,artek-kaari-reb006,Console murale Kaari REB006,,,Finitions proposées sans tag : linoleum-noir.,Shopify Admin (29 septembre 2026),"Ajouter les tags de finition manquants, ou supprimer tous les tags de finition si le filtrage se fait par variante.",contrôle automatique
à faire,faible,Description,DESC_NO_DESIGNER,artek-kaari-reb006,Console murale Kaari REB006,,,La description ne nomme pas le créateur (Ronan & Erwan Bouroullec).,Shopify Admin (29 septembre 2026),,contrôle automatique
à faire,faible,Options,OPTION_SEPARATORS,artek-kaari-reb006,Console murale Kaari REB006,,,"Séparateurs mélangés (— ,) dans « Finition ».",Shopify Admin (29 septembre 2026),,contrôle automatique
corrigé,faible,Photos,ALT_GENERIC,artek-kaari-reb006,Console murale Kaari REB006,,,3 photos de galerie avec le même alt générique « Console murale Kaari REB006 — Artek ».,Shopify Admin (29 septembre 2026),"Écrire un alt décrivant la scène (produit, finition, pièce).",contrôle automatique
corrigé,faible,Photos,ALT_GALLERY,artek-kaari-reb006,Console murale Kaari REB006,,"#2, #3, #9","Alts génériques ; #2 1200 px.",sheet,Alts précis (console linoléum rouge avec chaise Domus et Kanto…).,examen détaillé
corrigé,faible,Tags,TAG_CLEANUP,artek-kaari-reb006,Console murale Kaari REB006,,,"Manquent annees-2010, linoleum, made-in-allemagne, console-murale.",dossier tags,Ajouter.,examen détaillé
à faire,faible,Variantes,WEIGHT_MISSING,artek-kaari-reb006,Console murale Kaari REB006,,,Poids d'expédition à 0 kg sur toutes les variantes.,dossier : weightKg = 0 pour chaque variante,Renseigner le poids d'expédition réel de chaque variante (fiche transporteur Artek).,examen détaillé
corrigé,faible,Métachamps,YEAR_IN_DESC,artek-kaari-reb007,Étagère Kaari REB007,,,Année 2015 présente dans la description mais pas dans custom.year.,Shopify Admin (29 septembre 2026),Reporter l’année dans custom.year après vérification.,contrôle automatique
corrigé,faible,Tags,VARIANT_VALUE_TAGS,artek-kaari-reb007,Étagère Kaari REB007,,,"Tags recopiant des valeurs de variantes : chene-laque-noir-linoleum-bleu-chant-rouge-brillant, chene-laque-noir-linoleum-rouge-chant-noir, chene-verni-naturel-linoleum-noir-chant-noir.",Shopify Admin (29 septembre 2026),Retirer ces tags : les finitions sont déjà portées par les variantes.,contrôle automatique
à faire,faible,Tags,FINISH_NOT_TAGGED,artek-kaari-reb007,Étagère Kaari REB007,,,"Finitions proposées sans tag : laque-noir, linoleum-noir.",Shopify Admin (29 septembre 2026),"Ajouter les tags de finition manquants, ou supprimer tous les tags de finition si le filtrage se fait par variante.",contrôle automatique
corrigé,faible,SEO,SEO_TITLE_LONG,artek-kaari-reb007,Étagère Kaari REB007,,,Titre SEO de 67 caractères (tronqué par Google au-delà d’environ 60).,Shopify Admin (29 septembre 2026),Raccourcir à ≈ 60 caractères.,contrôle automatique
corrigé,faible,Photos,ALT_GENERIC,artek-kaari-reb007,Étagère Kaari REB007,,,2 photos de galerie avec le même alt générique « Étagère Kaari REB007 — Artek ».,Shopify Admin (29 septembre 2026),"Écrire un alt décrivant la scène (produit, finition, pièce).",contrôle automatique
corrigé,faible,Titre,TITLE_NAME,artek-kaari-reb007,Étagère Kaari REB007,,,« Étagère Kaari REB007 » ne dit pas qu'il s'agit de l'étagère murale ronde.,artek.fi « Kaari Wall Shelf round »,« Étagère murale ronde Kaari REB007 ».,examen détaillé
corrigé,faible,Variantes,LABEL_CONSISTENCY,artek-kaari-reb007,Étagère Kaari REB007,,,"Vocabulaire Kaari incohérent entre fiches : « Chêne laqué noir » ici, « Chêne noir » sur tables/bureau, « Teinté noir » sur la console REB006 ; « chant rouge brillant » ici, « chant rouge » sur REB006.",options REB007 / REB006 / tables,Harmoniser : « Chêne laqué noir » et « chant rouge brillant » partout.,examen détaillé
corrigé,faible,Photos,ALT_GALLERY,artek-kaari-reb007,Étagère Kaari REB007,,"#2, #3","Alts génériques ; #2 montre la version laquée noir / bleu, #3 la version naturelle / noir.",sheet,Alts précis par finition.,examen détaillé
corrigé,faible,Tags,TAG_CLEANUP,artek-kaari-reb007,Étagère Kaari REB007,,,"3 tags recopiant les variantes ; kaari-reb007 référence ; manque kaari.",dossier tags,"Remplacer par linoleum, laque-noir, kaari.",examen détaillé
à faire,faible,Variantes,WEIGHT_MISSING,artek-kaari-reb007,Étagère Kaari REB007,,,Poids d'expédition à 0 kg sur toutes les variantes.,dossier : weightKg = 0 pour chaque variante,Renseigner le poids d'expédition réel de chaque variante (fiche transporteur Artek).,examen détaillé
à faire,faible,Canaux,NOT_ON_META,artek-kaari-table-rectangular-reb001,Table Kaari REB001 200 × 85 cm,,,Absente du catalogue Facebook & Instagram (117/160 fiches actives y sont).,Shopify Admin (29 septembre 2026),Publier sur Facebook & Instagram si souhaité.,contrôle automatique
corrigé,faible,Tags,EN_MODEL_TAGS,artek-kaari-table-rectangular-reb001,Table Kaari REB001 200 × 85 cm,,,"Tags anglais/références fournisseur : kaari-table-rectangular-reb001, table.",Shopify Admin (29 septembre 2026),"Retirer ces tags, sauf ceux utilisés par le méga-menu (stool-60).",contrôle automatique
à faire,faible,Tags,FINISH_NOT_TAGGED,artek-kaari-table-rectangular-reb001,Table Kaari REB001 200 × 85 cm,,,"Finitions proposées sans tag : lamifie-blanc, linoleum-noir.",Shopify Admin (29 septembre 2026),"Ajouter les tags de finition manquants, ou supprimer tous les tags de finition si le filtrage se fait par variante.",contrôle automatique
corrigé,faible,Photos,ALT_GENERIC,artek-kaari-table-rectangular-reb001,Table Kaari REB001 200 × 85 cm,,,2 photos de galerie avec le même alt générique « Table Kaari REB001 200 × 85 cm — Artek ».,Shopify Admin (29 septembre 2026),"Écrire un alt décrivant la scène (produit, finition, pièce).",contrôle automatique
à faire,faible,Description,DESC_WRITING,artek-kaari-table-rectangular-reb001,Table Kaari REB001 200 × 85 cm,,,"Phrase « Le linoléum … offre une surface idéale pour écrire » reprise du bureau, peu pertinente pour une table de repas ; « stratifié » dans le texte vs « lamifié » dans les variantes.",dossier description,"« …une surface mate et chaleureuse » ; uniformiser « lamifié (HPL) ».",examen détaillé
à faire,faible,Variantes,WEIGHT_MISSING,artek-kaari-table-rectangular-reb001,Table Kaari REB001 200 × 85 cm,,,Poids d'expédition à 0 kg sur toutes les variantes.,dossier : weightKg = 0 pour chaque variante,Renseigner le poids d'expédition réel de chaque variante (fiche transporteur Artek).,examen détaillé
à faire,faible,Canaux,NOT_ON_META,artek-kaari-table-rectangular-reb002,Table Kaari REB002 240 × 90 cm,,,Absente du catalogue Facebook & Instagram (117/160 fiches actives y sont).,Shopify Admin (29 septembre 2026),Publier sur Facebook & Instagram si souhaité.,contrôle automatique
corrigé,faible,Tags,EN_MODEL_TAGS,artek-kaari-table-rectangular-reb002,Table Kaari REB002 240 × 90 cm,,,"Tags anglais/références fournisseur : kaari-table-rectangular-reb002, table.",Shopify Admin (29 septembre 2026),"Retirer ces tags, sauf ceux utilisés par le méga-menu (stool-60).",contrôle automatique
à faire,faible,Tags,FINISH_NOT_TAGGED,artek-kaari-table-rectangular-reb002,Table Kaari REB002 240 × 90 cm,,,"Finitions proposées sans tag : lamifie-blanc, linoleum-noir.",Shopify Admin (29 septembre 2026),"Ajouter les tags de finition manquants, ou supprimer tous les tags de finition si le filtrage se fait par variante.",contrôle automatique
à faire,faible,Photos,GALLERY_THIN,artek-kaari-table-rectangular-reb002,Table Kaari REB002 240 × 90 cm,,#2,Une seule ambiance (partagée avec REB001/REB012).,sheet #2,Ajouter une ambiance de la grande table 240 cm.,examen détaillé
à faire,faible,Description,DESC_WRITING,artek-kaari-table-rectangular-reb002,Table Kaari REB002 240 × 90 cm,,,"Phrase « Le linoléum … offre une surface idéale pour écrire » reprise du bureau, peu pertinente pour une table de repas ; « stratifié » dans le texte vs « lamifié » dans les variantes.",dossier description,"« …une surface mate et chaleureuse » ; uniformiser « lamifié (HPL) ».",examen détaillé
à faire,faible,Variantes,WEIGHT_MISSING,artek-kaari-table-rectangular-reb002,Table Kaari REB002 240 × 90 cm,,,Poids d'expédition à 0 kg sur toutes les variantes.,dossier : weightKg = 0 pour chaque variante,Renseigner le poids d'expédition réel de chaque variante (fiche transporteur Artek).,examen détaillé
à faire,faible,Canaux,NOT_ON_META,artek-kaari-table-rectangular-reb012,Table Kaari REB012 160 × 80 cm,,,Absente du catalogue Facebook & Instagram (117/160 fiches actives y sont).,Shopify Admin (29 septembre 2026),Publier sur Facebook & Instagram si souhaité.,contrôle automatique
corrigé,faible,Tags,EN_MODEL_TAGS,artek-kaari-table-rectangular-reb012,Table Kaari REB012 160 × 80 cm,,,"Tags anglais/références fournisseur : kaari-table-rectangular-reb012, table.",Shopify Admin (29 septembre 2026),"Retirer ces tags, sauf ceux utilisés par le méga-menu (stool-60).",contrôle automatique
à faire,faible,Tags,FINISH_NOT_TAGGED,artek-kaari-table-rectangular-reb012,Table Kaari REB012 160 × 80 cm,,,"Finitions proposées sans tag : lamifie-blanc, linoleum-noir.",Shopify Admin (29 septembre 2026),"Ajouter les tags de finition manquants, ou supprimer tous les tags de finition si le filtrage se fait par variante.",contrôle automatique
corrigé,faible,Photos,ALT_GENERIC,artek-kaari-table-rectangular-reb012,Table Kaari REB012 160 × 80 cm,,,4 photos de galerie avec le même alt générique « Table Kaari REB012 160 × 80 cm — Artek ».,Shopify Admin (29 septembre 2026),"Écrire un alt décrivant la scène (produit, finition, pièce).",contrôle automatique
à faire,faible,Photos,GALLERY_FORMAT,artek-kaari-table-rectangular-reb012,Table Kaari REB012 160 × 80 cm,,#2,#2 en 1500×1200 avec bandes grises (non carré).,sheet #2,Recadrer en carré.,examen détaillé
à faire,faible,Description,DESC_WRITING,artek-kaari-table-rectangular-reb012,Table Kaari REB012 160 × 80 cm,,,"Phrase « Le linoléum … offre une surface idéale pour écrire » reprise du bureau, peu pertinente pour une table de repas ; « stratifié » dans le texte vs « lamifié » dans les variantes.",dossier description,"« …une surface mate et chaleureuse » ; uniformiser « lamifié (HPL) ».",examen détaillé
à faire,faible,Variantes,WEIGHT_MISSING,artek-kaari-table-rectangular-reb012,Table Kaari REB012 160 × 80 cm,,,Poids d'expédition à 0 kg sur toutes les variantes.,dossier : weightKg = 0 pour chaque variante,Renseigner le poids d'expédition réel de chaque variante (fiche transporteur Artek).,examen détaillé
à faire,faible,Canaux,NOT_ON_META,artek-kaari-table-round-reb003,Table Kaari REB003 Ø 80 cm,,,Absente du catalogue Facebook & Instagram (117/160 fiches actives y sont).,Shopify Admin (29 septembre 2026),Publier sur Facebook & Instagram si souhaité.,contrôle automatique
corrigé,faible,Tags,EN_MODEL_TAGS,artek-kaari-table-round-reb003,Table Kaari REB003 Ø 80 cm,,,"Tags anglais/références fournisseur : kaari-table-round-reb003, table.",Shopify Admin (29 septembre 2026),"Retirer ces tags, sauf ceux utilisés par le méga-menu (stool-60).",contrôle automatique
à faire,faible,Tags,FINISH_NOT_TAGGED,artek-kaari-table-round-reb003,Table Kaari REB003 Ø 80 cm,,,"Finitions proposées sans tag : lamifie-blanc, linoleum-noir.",Shopify Admin (29 septembre 2026),"Ajouter les tags de finition manquants, ou supprimer tous les tags de finition si le filtrage se fait par variante.",contrôle automatique
à faire,faible,Photos,GALLERY_WEAK,artek-kaari-table-round-reb003,Table Kaari REB003 Ø 80 cm,,#7,"Seule ambiance : photo de groupe de la collection Kaari 2560×1333 (webp), la REB003 y est à peine identifiable.",sheet #7,"Ajouter une ambiance REB003 (ex. avec Stool 60) ; alt précis.",examen détaillé
à faire,faible,Description,DESC_WRITING,artek-kaari-table-round-reb003,Table Kaari REB003 Ø 80 cm,,,"Phrase « Le linoléum … offre une surface idéale pour écrire » reprise du bureau, peu pertinente pour une table de repas ; « stratifié » dans le texte vs « lamifié » dans les variantes.",dossier description,"« …une surface mate et chaleureuse » ; uniformiser « lamifié (HPL) ».",examen détaillé
à faire,faible,Variantes,WEIGHT_MISSING,artek-kaari-table-round-reb003,Table Kaari REB003 Ø 80 cm,,,Poids d'expédition à 0 kg sur toutes les variantes.,dossier : weightKg = 0 pour chaque variante,Renseigner le poids d'expédition réel de chaque variante (fiche transporteur Artek).,examen détaillé
à faire,faible,Canaux,NOT_ON_META,artek-kaari-table-round-reb004,Table Kaari REB004 Ø 110 cm,,,Absente du catalogue Facebook & Instagram (117/160 fiches actives y sont).,Shopify Admin (29 septembre 2026),Publier sur Facebook & Instagram si souhaité.,contrôle automatique
corrigé,faible,Tags,EN_MODEL_TAGS,artek-kaari-table-round-reb004,Table Kaari REB004 Ø 110 cm,,,"Tags anglais/références fournisseur : kaari-table-round-reb004, table.",Shopify Admin (29 septembre 2026),"Retirer ces tags, sauf ceux utilisés par le méga-menu (stool-60).",contrôle automatique
à faire,faible,Tags,FINISH_NOT_TAGGED,artek-kaari-table-round-reb004,Table Kaari REB004 Ø 110 cm,,,"Finitions proposées sans tag : lamifie-blanc, linoleum-noir.",Shopify Admin (29 septembre 2026),"Ajouter les tags de finition manquants, ou supprimer tous les tags de finition si le filtrage se fait par variante.",contrôle automatique
corrigé,faible,Photos,ALT_GENERIC,artek-kaari-table-round-reb004,Table Kaari REB004 Ø 110 cm,,,2 photos de galerie avec le même alt générique « Table Kaari REB004 Ø 110 cm — Artek ».,Shopify Admin (29 septembre 2026),"Écrire un alt décrivant la scène (produit, finition, pièce).",contrôle automatique
à faire,faible,Photos,PRIMARY_VARIANT_ORDER,artek-kaari-table-round-reb004,Table Kaari REB004 Ø 110 cm,,,Ordre des médias de variantes désordonné (#4 = dernière variante).,dossier,Ranger les photos dans l'ordre des variantes.,examen détaillé
à faire,faible,Description,DESC_WRITING,artek-kaari-table-round-reb004,Table Kaari REB004 Ø 110 cm,,,"Phrase « Le linoléum … offre une surface idéale pour écrire » reprise du bureau, peu pertinente pour une table de repas ; « stratifié » dans le texte vs « lamifié » dans les variantes.",dossier description,"« …une surface mate et chaleureuse » ; uniformiser « lamifié (HPL) ».",examen détaillé
à faire,faible,Variantes,WEIGHT_MISSING,artek-kaari-table-round-reb004,Table Kaari REB004 Ø 110 cm,,,Poids d'expédition à 0 kg sur toutes les variantes.,dossier : weightKg = 0 pour chaque variante,Renseigner le poids d'expédition réel de chaque variante (fiche transporteur Artek).,examen détaillé
à faire,faible,Canaux,NOT_ON_META,artek-kaari-table-square-reb011,Table Kaari REB011 75 × 75 cm,,,Absente du catalogue Facebook & Instagram (117/160 fiches actives y sont).,Shopify Admin (29 septembre 2026),Publier sur Facebook & Instagram si souhaité.,contrôle automatique
corrigé,faible,Tags,EN_MODEL_TAGS,artek-kaari-table-square-reb011,Table Kaari REB011 75 × 75 cm,,,"Tags anglais/références fournisseur : kaari-table-square-reb011, table.",Shopify Admin (29 septembre 2026),"Retirer ces tags, sauf ceux utilisés par le méga-menu (stool-60).",contrôle automatique
à faire,faible,Tags,FINISH_NOT_TAGGED,artek-kaari-table-square-reb011,Table Kaari REB011 75 × 75 cm,,,"Finitions proposées sans tag : lamifie-blanc, linoleum-noir.",Shopify Admin (29 septembre 2026),"Ajouter les tags de finition manquants, ou supprimer tous les tags de finition si le filtrage se fait par variante.",contrôle automatique
à faire,faible,Description,DESC_WRITING,artek-kaari-table-square-reb011,Table Kaari REB011 75 × 75 cm,,,"Phrase « Le linoléum … offre une surface idéale pour écrire » reprise du bureau, peu pertinente pour une table de repas ; « stratifié » dans le texte vs « lamifié » dans les variantes.",dossier description,"« …une surface mate et chaleureuse » ; uniformiser « lamifié (HPL) ».",examen détaillé
à faire,faible,Variantes,WEIGHT_MISSING,artek-kaari-table-square-reb011,Table Kaari REB011 75 × 75 cm,,,Poids d'expédition à 0 kg sur toutes les variantes.,dossier : weightKg = 0 pour chaque variante,Renseigner le poids d'expédition réel de chaque variante (fiche transporteur Artek).,examen détaillé
corrigé,faible,Métachamps,YEAR_IN_DESC,artek-kaari-wall-hook,Patère murale Kaari,,,Année 2015 présente dans la description mais pas dans custom.year.,Shopify Admin (29 septembre 2026),Reporter l’année dans custom.year après vérification.,contrôle automatique
corrigé,faible,Tags,VARIANT_VALUE_TAGS,artek-kaari-wall-hook,Patère murale Kaari,,,Tags recopiant des valeurs de variantes : verni-naturel.,Shopify Admin (29 septembre 2026),Retirer ces tags : les finitions sont déjà portées par les variantes.,contrôle automatique
corrigé,faible,Tags,EN_MODEL_TAGS,artek-kaari-wall-hook,Patère murale Kaari,,,Tags anglais/références fournisseur : kaari-wall-hook.,Shopify Admin (29 septembre 2026),"Retirer ces tags, sauf ceux utilisés par le méga-menu (stool-60).",contrôle automatique
corrigé,faible,SEO,SEO_TITLE_LONG,artek-kaari-wall-hook,Patère murale Kaari,,,Titre SEO de 66 caractères (tronqué par Google au-delà d’environ 60).,Shopify Admin (29 septembre 2026),Raccourcir à ≈ 60 caractères.,contrôle automatique
corrigé,faible,Photos,ALT_GENERIC,artek-kaari-wall-hook,Patère murale Kaari,,,2 photos de galerie avec le même alt générique « Patère murale Kaari — Artek ».,Shopify Admin (29 septembre 2026),"Écrire un alt décrivant la scène (produit, finition, pièce).",contrôle automatique
corrigé,faible,Variantes,LABEL_WOOD,artek-kaari-wall-hook,Patère murale Kaari,,,"Libellés « Verni naturel » / « Laqué noir » sans la matière (chêne) ; crochet acier noir commun.","artek.fi « Wall bracket: oak, protective clear varnish / oak, black lacquer »","« Chêne verni naturel », « Chêne laqué noir ».",examen détaillé
à faire,faible,Photos,PRODUCT_SMALL,artek-kaari-wall-hook,Patère murale Kaari,Laqué noir,#4,Packshot laqué noir : produit petit dans le cadre (≈ 1/4 de la hauteur) comparé à #1.,sheet #4,Recadrer pour une échelle comparable à #1.,examen détaillé
à faire,faible,Classement,CATEGORY_INCONSISTENT,artek-kaari-wall-hook,Patère murale Kaari,,,Catégorie Shopify « Utility Hooks » alors que la patère Tupla est en « Coat & Hat Racks ».,dossiers Tupla / Kaari,Aligner sur « Coat & Hat Racks ».,examen détaillé
corrigé,faible,Photos,ALT_GALLERY,artek-kaari-wall-hook,Patère murale Kaari,,"#2, #3","Alts génériques ; #2 = chêne naturel, #3 = laqué noir.",sheet,Alts par finition.,examen détaillé
corrigé,faible,Métachamps,YEAR_IN_DESC,artek-kaari-wall-shelf,Étagère murale Kaari,,,Année 2015 présente dans la description mais pas dans custom.year.,Shopify Admin (29 septembre 2026),Reporter l’année dans custom.year après vérification.,contrôle automatique
corrigé,faible,Tags,VARIANT_VALUE_TAGS,artek-kaari-wall-shelf,Étagère murale Kaari,,,"Tags recopiant des valeurs de variantes : 100-x-35-cm, 200-x-35-cm.",Shopify Admin (29 septembre 2026),Retirer ces tags : les finitions sont déjà portées par les variantes.,contrôle automatique
corrigé,faible,Tags,EN_MODEL_TAGS,artek-kaari-wall-shelf,Étagère murale Kaari,,,Tags anglais/références fournisseur : kaari-wall-shelf.,Shopify Admin (29 septembre 2026),"Retirer ces tags, sauf ceux utilisés par le méga-menu (stool-60).",contrôle automatique
corrigé,faible,Tags,CODE_TAGS,artek-kaari-wall-shelf,Étagère murale Kaari,,,"Tags de référence : 100-x-35-cm, 200-x-35-cm.",Shopify Admin (29 septembre 2026),,contrôle automatique
corrigé,faible,Tags,GIFT_EXPENSIVE,artek-kaari-wall-shelf,Étagère murale Kaari,,,Tag idee-cadeau sur un produit à partir de 2152.0 €.,Shopify Admin (29 septembre 2026),,contrôle automatique
corrigé,faible,SEO,SEO_TITLE_LONG,artek-kaari-wall-shelf,Étagère murale Kaari,,,Titre SEO de 67 caractères (tronqué par Google au-delà d’environ 60).,Shopify Admin (29 septembre 2026),Raccourcir à ≈ 60 caractères.,contrôle automatique
à faire,faible,Titre,TITLE_CODES,artek-kaari-wall-shelf,Étagère murale Kaari,,,Codes REB008 / REB009 absents du titre et des libellés.,artek.fi,Mentionner les codes.,examen détaillé
corrigé,faible,Tags,GIFT_TAG,artek-kaari-wall-shelf,Étagère murale Kaari,,,"Tag idee-cadeau sur une étagère à plus de 2 000 € ; tags de taille inutiles ; manque kaari.",dossier tags,"Retirer idee-cadeau, 100-x-35-cm, 200-x-35-cm ; ajouter kaari.",examen détaillé
corrigé,faible,Photos,ALT_GALLERY,artek-kaari-wall-shelf,Étagère murale Kaari,,#2,"Alt générique ; fichier #3 nommé « black-oak » alors que les montants sont en chêne naturel (sans impact client).","sheet #2, #3","Alt « Étagère murale Kaari, détail tablettes et livres ».",examen détaillé
à faire,faible,Variantes,WEIGHT_MISSING,artek-kaari-wall-shelf,Étagère murale Kaari,,,Poids d'expédition à 0 kg sur toutes les variantes.,dossier : weightKg = 0 pour chaque variante,Renseigner le poids d'expédition réel de chaque variante (fiche transporteur Artek).,examen détaillé
à faire,faible,Tags,VARIANT_VALUE_TAGS,artek-kanto,Étagère Kanto,,,Tags recopiant des valeurs de variantes : verni-naturel.,Shopify Admin (29 septembre 2026),Retirer ces tags : les finitions sont déjà portées par les variantes.,contrôle automatique
corrigé,faible,Photos,ALT_GENERIC,artek-kanto,Étagère Kanto,,,2 photos de galerie avec le même alt générique « Étagère Kanto — Artek ».,Shopify Admin (29 septembre 2026),"Écrire un alt décrivant la scène (produit, finition, pièce).",contrôle automatique
corrigé,faible,Métachamps,MATERIAL_VALUE,artek-kanto,Étagère Kanto,,,Matière absente.,artek.fi « Form-pressed birch veneer »,custom.material = « Contreplaqué de bouleau moulé ».,examen détaillé
à faire,faible,Variantes,MISSING_VARIANT,artek-kanto,Étagère Kanto,,,Nouvelle finition Artek teinté noyer non proposée.,"https://www.artek.fi/en/products/kanto-magazine-firewood-rack-pn001 : « Material: birch, walnut stain — Available 3 September »",Ajouter « Teinté noyer » si Mikado veut la proposer.,examen détaillé
corrigé,faible,Photos,ALT_GALLERY,artek-kanto,Étagère Kanto,,"#2, #3","Alts génériques ; #2 montre Kanto noir sous une console Kaari, #3 Kanto blanc avec revues.","sheet #2, #3","Alts précis (« Kanto laqué noir sous une console Kaari », « Kanto laqué blanc rempli de magazines »).",examen détaillé
à faire,faible,Variantes,WEIGHT_MISSING,artek-kanto,Étagère Kanto,,,Poids d'expédition à 0 kg sur toutes les variantes.,dossier : weightKg = 0 pour chaque variante,Renseigner le poids d'expédition réel de chaque variante (fiche transporteur Artek).,examen détaillé
à faire,faible,Canaux,NOT_ON_META,artek-karuselli-lounge-chair,Fauteuil Karuselli,,,Absente du catalogue Facebook & Instagram (117/160 fiches actives y sont).,Shopify Admin (29 septembre 2026),Publier sur Facebook & Instagram si souhaité.,contrôle automatique
à faire,faible,Tags,EN_MODEL_TAGS,artek-karuselli-lounge-chair,Fauteuil Karuselli,,,"Tags anglais/références fournisseur : karuselli-lounge-chair, lounge.",Shopify Admin (29 septembre 2026),"Retirer ces tags, sauf ceux utilisés par le méga-menu (stool-60).",contrôle automatique
corrigé,faible,Photos,ALT_GENERIC,artek-karuselli-lounge-chair,Fauteuil Karuselli,,,2 photos de galerie avec le même alt générique « Fauteuil Karuselli — Artek ».,Shopify Admin (29 septembre 2026),"Écrire un alt décrivant la scène (produit, finition, pièce).",contrôle automatique
à faire,faible,Variantes,SKU_PREFIX_CLASH,artek-karuselli-lounge-chair,Fauteuil Karuselli,,,Le préfixe de SKU « ART-KLC » sert à la fois au Karuselli Lounge Chair et au Kiki Lounge Chair : risque de confusion en commande ou en stock.,SKU ART-KLC-28201600 (Karuselli) vs ART-KLC-28201302-F40… (Kiki),Passer le Karuselli en « ART-KARLC-… » ou le Kiki en « ART-KIKLC-… ».,examen détaillé
à faire,faible,Variantes,NO_WEIGHT,artek-karuselli-lounge-chair,Fauteuil Karuselli,,,Poids d’expédition à 0 kg sur toutes les variantes.,dossier : weightKg = 0 pour chaque variante,Renseigner le poids d’expédition (fiche transporteur Artek) pour chaque variante.,examen détaillé
à faire,faible,Canaux,NOT_ON_META,artek-karuselli-ottoman,Repose-pieds Karuselli,,,Absente du catalogue Facebook & Instagram (117/160 fiches actives y sont).,Shopify Admin (29 septembre 2026),Publier sur Facebook & Instagram si souhaité.,contrôle automatique
corrigé,faible,Tags,DECADE_MISSING,artek-karuselli-ottoman,Repose-pieds Karuselli,,,Pas de tag de décennie (année 1964).,Shopify Admin (29 septembre 2026),Ajouter le tag de décennie.,contrôle automatique
à faire,faible,Tags,EN_MODEL_TAGS,artek-karuselli-ottoman,Repose-pieds Karuselli,,,"Tags anglais/références fournisseur : karuselli-ottoman, lounge, ottoman.",Shopify Admin (29 septembre 2026),"Retirer ces tags, sauf ceux utilisés par le méga-menu (stool-60).",contrôle automatique
corrigé,faible,Photos,ALT_GENERIC,artek-karuselli-ottoman,Repose-pieds Karuselli,,,3 photos de galerie avec le même alt générique « Repose-pieds Karuselli — Artek ».,Shopify Admin (29 septembre 2026),"Écrire un alt décrivant la scène (produit, finition, pièce).",contrôle automatique
corrigé,faible,Tags,TAG_WRONG_FAUTEUIL,artek-karuselli-ottoman,Repose-pieds Karuselli,,,Tag « fauteuil » faux : c’est un repose-pieds (le produit remonterait dans une recherche ou un filtre « fauteuil »).,"tags : fauteuil, repose-pieds, ottoman","Supprimer « fauteuil » ; ajouter « annees-1960 » (constat automatique).",examen détaillé
à faire,faible,Description,DESC_CHAIR_CENTRIC,artek-karuselli-ottoman,Repose-pieds Karuselli,,,"Deux des trois phrases de la description parlent du fauteuil ; rien ne décrit le repose-pieds lui-même (plateau en cuir sur pied central en fibre de verre).",artek.fi : « an upholstered leather top sitting on a white pedestal base of fibre glass »,Ajouter cette phrase descriptive.,examen détaillé
à faire,faible,Variantes,NO_WEIGHT,artek-karuselli-ottoman,Repose-pieds Karuselli,,,Poids d’expédition à 0 kg sur toutes les variantes.,dossier : weightKg = 0 pour chaque variante,Renseigner le poids d’expédition (fiche transporteur Artek) pour chaque variante.,examen détaillé
corrigé,faible,Tags,VARIANT_VALUE_TAGS,artek-kiila-coat-stand,Porte-manteau Kiila,,,Tags recopiant des valeurs de variantes : pierre-blanc.,Shopify Admin (29 septembre 2026),Retirer ces tags : les finitions sont déjà portées par les variantes.,contrôle automatique
corrigé,faible,Tags,EN_MODEL_TAGS,artek-kiila-coat-stand,Porte-manteau Kiila,,,Tags anglais/références fournisseur : kiila-coat-stand.,Shopify Admin (29 septembre 2026),"Retirer ces tags, sauf ceux utilisés par le méga-menu (stool-60).",contrôle automatique
corrigé,faible,Photos,ALT_GENERIC,artek-kiila-coat-stand,Porte-manteau Kiila,,,2 photos de galerie avec le même alt générique « Porte-manteau Kiila — Artek ».,Shopify Admin (29 septembre 2026),"Écrire un alt décrivant la scène (produit, finition, pièce).",contrôle automatique
corrigé,faible,Variantes,LABEL_ORDER,artek-kiila-coat-stand,Porte-manteau Kiila,Pierre blanc,#5,"« Pierre blanc » (ordre anglais « stone white ») ; pieds naturels non mentionnés.",artek.fi « Legs: clear lacquer / Structure: stone white powder coating »,« Frêne naturel / structure blanc pierre ».,examen détaillé
corrigé,faible,Variantes,LABEL_INCOMPLETE,artek-kiila-coat-stand,Porte-manteau Kiila,Laqué noir,#1,"Préciser qu'il s'agit des pieds en frêne laqué noir, structure noire.",artek.fi « Legs: black lacquer »,« Frêne laqué noir / structure noire ».,examen détaillé
corrigé,faible,Photos,ALT_MISMATCH,artek-kiila-coat-stand,Porte-manteau Kiila,Laqué noir,#1,"Alt de #1 « Noir » alors que la photo est liée à « Laqué noir » (et « Noir » est une autre variante) ; #6 alt générique.","sheet #1, #6","#1 « Porte-manteau Kiila — frêne laqué noir » ; #6 « — frêne naturel, structure noire ».",examen détaillé
à faire,faible,Classement,TYPE_PATERE,artek-kiila-coat-stand,Porte-manteau Kiila,,,Type « Patère » pour un porte-manteau sur pied (le type « Porte-manteau » existe dans la collection pateres-et-porte-manteaux).,"collections.json : pateres-et-porte-manteaux inclut TYPE Porte-manteau ; rangement ne l'inclut pas",Type « Porte-manteau » ET ajouter ce type à la règle rangement (sinon le produit sortirait de rangement).,examen détaillé
corrigé,faible,Tags,TAG_CLEANUP,artek-kiila-coat-stand,Porte-manteau Kiila,,,"Tags noir, pierre-blanc, kiila-coat-stand peu utiles ; manquent frene, verni-naturel, blanc.",dossier tags,"Nettoyer ; ajouter frene.",examen détaillé
à faire,faible,Variantes,WEIGHT_MISSING,artek-kiila-coat-stand,Porte-manteau Kiila,,,Poids d'expédition à 0 kg sur toutes les variantes.,dossier : weightKg = 0 pour chaque variante,Renseigner le poids d'expédition réel de chaque variante (fiche transporteur Artek).,examen détaillé
à faire,faible,Métachamps,COO_MISSING,artek-kiki-bench-1-seater,Banc Kiki 1 place,,,custom.country_of_origin vide alors que custom.origin = « Fabriqué en Hongrie / Édité par Artek ».,Shopify Admin (29 septembre 2026),,contrôle automatique
à faire,faible,Tags,MADEIN_MISSING,artek-kiki-bench-1-seater,Banc Kiki 1 place,,,Pas de tag made-in alors que l'origine est « Fabriqué en Hongrie / Édité par Artek ».,Shopify Admin (29 septembre 2026),,contrôle automatique
corrigé,faible,Tags,DECADE_MISSING,artek-kiki-bench-1-seater,Banc Kiki 1 place,,,Pas de tag de décennie (année 1960).,Shopify Admin (29 septembre 2026),Ajouter le tag de décennie.,contrôle automatique
corrigé,faible,Tags,EN_MODEL_TAGS,artek-kiki-bench-1-seater,Banc Kiki 1 place,,,Tags anglais/références fournisseur : kiki-bench-1-seater.,Shopify Admin (29 septembre 2026),"Retirer ces tags, sauf ceux utilisés par le méga-menu (stool-60).",contrôle automatique
corrigé,faible,Description,DESC_NO_DESIGNER,artek-kiki-bench-1-seater,Banc Kiki 1 place,,,La description ne nomme pas le créateur (Ilmari Tapiovaara).,Shopify Admin (29 septembre 2026),,contrôle automatique
à faire,faible,Photos,VARIANT_NOT_SQUARE,artek-kiki-bench-1-seater,Banc Kiki 1 place,,,Image de variante non carrée 1200×800 : Kiki-Bench-1-Seater-Seat-leather-upholstery-indian-red-2494539.jpg (carte carrée recadrée).,Shopify Admin (29 septembre 2026),,contrôle automatique
partiellement corrigé,faible,Tags,TAGS_MISSING,artek-kiki-bench-1-seater,Banc Kiki 1 place,,,"Tags pauvres : il manque interieur, mobilier-interieur, made-in-hongrie, annees-1960, tissu, cuir et acier-tubulaire.",Tags : 10,"Ajouter ces tags ; remplacer kiki-bench-1-seater par banc-kiki.",examen détaillé
à faire,faible,Photos,LEATHER_PHOTO_SMALL,artek-kiki-bench-1-seater,Banc Kiki 1 place,,#3,"La photo cuir #3 (1200×800) montre le banc tout petit au centre d'un grand fond blanc ; une fois recadrée en carré, elle rend peu.","#3 1200×800, sujet sur environ 30 % de la largeur (planche-contact)",Recadrer au carré sur le banc ou utiliser le packshot Artek carré.,examen détaillé
à faire,faible,Métachamps,COO_MISSING,artek-kiki-bench-2-seater,Banc Kiki 2 places,,,custom.country_of_origin vide alors que custom.origin = « Fabriqué en Hongrie / Édité par Artek ».,Shopify Admin (29 septembre 2026),,contrôle automatique
à faire,faible,Tags,MADEIN_MISSING,artek-kiki-bench-2-seater,Banc Kiki 2 places,,,Pas de tag made-in alors que l'origine est « Fabriqué en Hongrie / Édité par Artek ».,Shopify Admin (29 septembre 2026),,contrôle automatique
corrigé,faible,Tags,DECADE_MISSING,artek-kiki-bench-2-seater,Banc Kiki 2 places,,,Pas de tag de décennie (année 1960).,Shopify Admin (29 septembre 2026),Ajouter le tag de décennie.,contrôle automatique
corrigé,faible,Tags,EN_MODEL_TAGS,artek-kiki-bench-2-seater,Banc Kiki 2 places,,,Tags anglais/références fournisseur : kiki-bench-2-seater.,Shopify Admin (29 septembre 2026),"Retirer ces tags, sauf ceux utilisés par le méga-menu (stool-60).",contrôle automatique
corrigé,faible,Description,DESC_NO_DESIGNER,artek-kiki-bench-2-seater,Banc Kiki 2 places,,,La description ne nomme pas le créateur (Ilmari Tapiovaara).,Shopify Admin (29 septembre 2026),,contrôle automatique
à faire,faible,Photos,VARIANT_NOT_SQUARE,artek-kiki-bench-2-seater,Banc Kiki 2 places,,,Image de variante non carrée 1200×800 : Kiki-Bench-Seater-Seat-leather-upholstery-mocca-2494537_8cf48e85-442a-4fc6-9e74-0b87d36275fe.jpg (carte carrée recadrée).,Shopify Admin (29 septembre 2026),,contrôle automatique
partiellement corrigé,faible,Tags,TAGS_MISSING,artek-kiki-bench-2-seater,Banc Kiki 2 places,,,"Tags pauvres : il manque interieur, mobilier-interieur, made-in-hongrie, annees-1960, tissu, cuir et acier-tubulaire.",Tags : 10,"Ajouter ces tags ; remplacer kiki-bench-2-seater par banc-kiki.",examen détaillé
corrigé,faible,Photos,GALLERY_NEAR_DUPLICATE,artek-kiki-bench-2-seater,Banc Kiki 2 places,,#3,La galerie #3 (« yellow upholstery ») est un packshot crème presque identique à la photo principale #1 : pas une ambiance.,#1 et #3 (planche-contact),Retirer #3 ou le remplacer par une ambiance.,examen détaillé
à faire,faible,Métachamps,COO_MISSING,artek-kiki-bench-3-seater,Banc Kiki 3 places,,,custom.country_of_origin vide alors que custom.origin = « Fabriqué en Hongrie / Édité par Artek ».,Shopify Admin (29 septembre 2026),,contrôle automatique
à faire,faible,Tags,MADEIN_MISSING,artek-kiki-bench-3-seater,Banc Kiki 3 places,,,Pas de tag made-in alors que l'origine est « Fabriqué en Hongrie / Édité par Artek ».,Shopify Admin (29 septembre 2026),,contrôle automatique
corrigé,faible,Tags,DECADE_MISSING,artek-kiki-bench-3-seater,Banc Kiki 3 places,,,Pas de tag de décennie (année 1960).,Shopify Admin (29 septembre 2026),Ajouter le tag de décennie.,contrôle automatique
corrigé,faible,Tags,EN_MODEL_TAGS,artek-kiki-bench-3-seater,Banc Kiki 3 places,,,Tags anglais/références fournisseur : kiki-bench-3-seater.,Shopify Admin (29 septembre 2026),"Retirer ces tags, sauf ceux utilisés par le méga-menu (stool-60).",contrôle automatique
corrigé,faible,Description,DESC_NO_DESIGNER,artek-kiki-bench-3-seater,Banc Kiki 3 places,,,La description ne nomme pas le créateur (Ilmari Tapiovaara).,Shopify Admin (29 septembre 2026),,contrôle automatique
à faire,faible,Photos,VARIANT_NOT_SQUARE,artek-kiki-bench-3-seater,Banc Kiki 3 places,,,Image de variante non carrée 1200×800 : Kiki-Bench-3-Seater-leather_sorensen_walnut-2413838_206455e1-6c61-4391-8b66-e91d7a0718b8.jpg (carte carrée recadrée).,Shopify Admin (29 septembre 2026),,contrôle automatique
partiellement corrigé,faible,Tags,TAGS_MISSING,artek-kiki-bench-3-seater,Banc Kiki 3 places,,,"Tags pauvres : il manque interieur, mobilier-interieur, made-in-hongrie, annees-1960, tissu, cuir et acier-tubulaire.",Tags : 10,"Ajouter ces tags ; remplacer kiki-bench-3-seater par banc-kiki.",examen détaillé
"accepté : vente par classe, sur devis ou en caisse",faible,Photos,FABRIC_PHOTO_TO_CONFIRM,artek-kiki-bench-3-seater,Banc Kiki 3 places,,#1,"Le packshot « tissu » #1 montre une assise noire unie, qui pourrait être du cuir noir (à confirmer).",#1 packshot-cd3d8d43681a3192fb20eb80091f2a4f.png,"Vérifier la source ; utiliser le packshot Artek Hallingdal 65 / 173.",examen détaillé
à faire,faible,Canaux,NOT_ON_META,artek-kiki-lounge-chair,Fauteuil Kiki,,,Absente du catalogue Facebook & Instagram (117/160 fiches actives y sont).,Shopify Admin (29 septembre 2026),Publier sur Facebook & Instagram si souhaité.,contrôle automatique
corrigé,faible,Tags,DECADE_MISSING,artek-kiki-lounge-chair,Fauteuil Kiki,,,Pas de tag de décennie (année 1960).,Shopify Admin (29 septembre 2026),Ajouter le tag de décennie.,contrôle automatique
à faire,faible,Tags,EN_MODEL_TAGS,artek-kiki-lounge-chair,Fauteuil Kiki,,,"Tags anglais/références fournisseur : kiki-lounge-chair, lounge.",Shopify Admin (29 septembre 2026),"Retirer ces tags, sauf ceux utilisés par le méga-menu (stool-60).",contrôle automatique
corrigé,faible,Description,DESC_NO_DESIGNER,artek-kiki-lounge-chair,Fauteuil Kiki,,,La description ne nomme pas le créateur (Ilmari Tapiovaara).,Shopify Admin (29 septembre 2026),,contrôle automatique
corrigé,faible,Photos,ALT_GENERIC,artek-kiki-lounge-chair,Fauteuil Kiki,,,2 photos de galerie avec le même alt générique « Fauteuil Kiki — Artek ».,Shopify Admin (29 septembre 2026),"Écrire un alt décrivant la scène (produit, finition, pièce).",contrôle automatique
corrigé,faible,Photos,GALLERY_PACKSHOT,artek-kiki-lounge-chair,Fauteuil Kiki,,,La photo #4 est un packshot (tissu noir) non lié à une variante : elle s’affiche dans la bande d’ambiances comme une troisième couleur possible.,#4 Kiki-Lounge-Chair-black-upholstery-1848653.jpg (galerie),"La retirer, ou la garder avec l’alt « Exemple : tissu noir ».",examen détaillé
à faire,faible,Variantes,SKU_PREFIX_CLASH,artek-kiki-lounge-chair,Fauteuil Kiki,,,Préfixe SKU « ART-KLC » partagé avec le Karuselli Lounge Chair.,ART-KLC-28201302-F40 vs ART-KLC-28201600,Préfixe distinct (ex. ART-KIKLC).,examen détaillé
à faire,faible,Variantes,NO_WEIGHT,artek-kiki-lounge-chair,Fauteuil Kiki,,,Poids d’expédition à 0 kg sur toutes les variantes.,dossier : weightKg = 0 pour chaque variante,Renseigner le poids d’expédition (fiche transporteur Artek) pour chaque variante.,examen détaillé
à faire,faible,Canaux,NOT_ON_META,artek-kiki-sofa-2-seater,Canapé Kiki 2 places,,,Absente du catalogue Facebook & Instagram (117/160 fiches actives y sont).,Shopify Admin (29 septembre 2026),Publier sur Facebook & Instagram si souhaité.,contrôle automatique
corrigé,faible,Tags,DECADE_MISSING,artek-kiki-sofa-2-seater,Canapé Kiki 2 places,,,Pas de tag de décennie (année 1960).,Shopify Admin (29 septembre 2026),Ajouter le tag de décennie.,contrôle automatique
corrigé,faible,Description,DESC_NO_DESIGNER,artek-kiki-sofa-2-seater,Canapé Kiki 2 places,,,La description ne nomme pas le créateur (Ilmari Tapiovaara).,Shopify Admin (29 septembre 2026),,contrôle automatique
à faire,faible,Photos,VARIANT_NOT_SQUARE,artek-kiki-sofa-2-seater,Canapé Kiki 2 places,,,Image de variante non carrée 2000×1333 : MicrosoftTeams-image-70.png (carte carrée recadrée).,Shopify Admin (29 septembre 2026),,contrôle automatique
à faire,faible,Site,SITE_CATEGORY_OBJETS,artek-kiki-sofa-2-seater,Canapé Kiki 2 places,,,"Côté site, l’API classe le canapé en catégorie « objets » : le type « canapé » n’est pas dans CATEGORY_MAP de lib/shopify/product-mapper.js, qui ne connaît que les assises chaise, fauteuil, banc, tabouret, pouf et repose-pieds. Le fil d’Ariane et les filtres de catégorie peuvent donc l’écarter des Sièges (à confirmer sur la preview). Ce défaut concerne tous les canapés du catalogue. Vérification du 29 septembre : ce champ « category » de l'API n'est lu par aucune page ni aucun filtre (familles, sous-catégories et filtre Catégorie reposent sur les collections) ; aucun effet visible aujourd'hui, correction de code à faire par hygiène.","site.json api.category = « objets », productType = « canapé » ; lib/shopify/product-mapper.js ligne 10",Ajouter « canapé » (et « banquette ») à CATEGORY_MAP.assises.,examen détaillé
à faire,faible,Photos,FILENAME_TEAMS,artek-kiki-sofa-2-seater,Canapé Kiki 2 places,,,"Des images de variantes portent des noms de fichier « MicrosoftTeams-image-7x.png » (captures internes), en 2000×1333 non carré (constat automatique). Le produit y occupe une petite partie du cadre.",fichiers MicrosoftTeams-image-*.png,Remplacer par les packshots carrés Artek (Kiki Sofa leather cognac / black).,examen détaillé
corrigé,faible,Tags,DECADE_TAG,artek-kiki-sofa-2-seater,Canapé Kiki 2 places,,,Tag de décennie manquant (constat automatique) : année Artek 1960.,artek.fi « Year: 1960 »,Ajouter « annees-1960 ».,examen détaillé
à faire,faible,Variantes,NO_WEIGHT,artek-kiki-sofa-2-seater,Canapé Kiki 2 places,,,Poids d’expédition à 0 kg sur toutes les variantes.,dossier : weightKg = 0 pour chaque variante,Renseigner le poids d’expédition (fiche transporteur Artek) pour chaque variante.,examen détaillé
à faire,faible,Canaux,NOT_ON_META,artek-kiki-sofa-3-seater,Canapé Kiki 3 places,,,Absente du catalogue Facebook & Instagram (117/160 fiches actives y sont).,Shopify Admin (29 septembre 2026),Publier sur Facebook & Instagram si souhaité.,contrôle automatique
corrigé,faible,Tags,DECADE_MISSING,artek-kiki-sofa-3-seater,Canapé Kiki 3 places,,,Pas de tag de décennie (année 1960).,Shopify Admin (29 septembre 2026),Ajouter le tag de décennie.,contrôle automatique
corrigé,faible,Description,DESC_NO_DESIGNER,artek-kiki-sofa-3-seater,Canapé Kiki 3 places,,,La description ne nomme pas le créateur (Ilmari Tapiovaara).,Shopify Admin (29 septembre 2026),,contrôle automatique
à faire,faible,Photos,VARIANT_NOT_SQUARE,artek-kiki-sofa-3-seater,Canapé Kiki 3 places,,,Image de variante non carrée 2000×1333 : MicrosoftTeams-image-72.png (carte carrée recadrée).,Shopify Admin (29 septembre 2026),,contrôle automatique
à faire,faible,Photos,VARIANT_NOT_SQUARE,artek-kiki-sofa-3-seater,Canapé Kiki 3 places,,,Image de variante non carrée 2000×1333 : MicrosoftTeams-image-73.png (carte carrée recadrée).,Shopify Admin (29 septembre 2026),,contrôle automatique
à faire,faible,Site,SITE_CATEGORY_OBJETS,artek-kiki-sofa-3-seater,Canapé Kiki 3 places,,,"Côté site, l’API classe le canapé en catégorie « objets » : le type « canapé » n’est pas dans CATEGORY_MAP de lib/shopify/product-mapper.js, qui ne connaît que les assises chaise, fauteuil, banc, tabouret, pouf et repose-pieds. Le fil d’Ariane et les filtres de catégorie peuvent donc l’écarter des Sièges (à confirmer sur la preview). Ce défaut concerne tous les canapés du catalogue. Vérification du 29 septembre : ce champ « category » de l'API n'est lu par aucune page ni aucun filtre (familles, sous-catégories et filtre Catégorie reposent sur les collections) ; aucun effet visible aujourd'hui, correction de code à faire par hygiène.","site.json api.category = « objets », productType = « canapé » ; lib/shopify/product-mapper.js ligne 10",Ajouter « canapé » (et « banquette ») à CATEGORY_MAP.assises.,examen détaillé
à faire,faible,Photos,FILENAME_TEAMS,artek-kiki-sofa-3-seater,Canapé Kiki 3 places,,,"Des images de variantes portent des noms de fichier « MicrosoftTeams-image-7x.png » (captures internes), en 2000×1333 non carré (constat automatique). Le produit y occupe une petite partie du cadre.",fichiers MicrosoftTeams-image-*.png,Remplacer par les packshots carrés Artek (Kiki Sofa leather cognac / black).,examen détaillé
corrigé,faible,Tags,DECADE_TAG,artek-kiki-sofa-3-seater,Canapé Kiki 3 places,,,Tag de décennie manquant (constat automatique) : année Artek 1960.,artek.fi « Year: 1960 »,Ajouter « annees-1960 ».,examen détaillé
à faire,faible,Variantes,NO_WEIGHT,artek-kiki-sofa-3-seater,Canapé Kiki 3 places,,,Poids d’expédition à 0 kg sur toutes les variantes.,dossier : weightKg = 0 pour chaque variante,Renseigner le poids d’expédition (fiche transporteur Artek) pour chaque variante.,examen détaillé
corrigé,faible,Tags,DECADE_MISSING,artek-kori-floor-light-eu,Lampadaire Kori,,,Pas de tag de décennie (année 2023).,Shopify Admin (29 septembre 2026),Ajouter le tag de décennie.,contrôle automatique
corrigé,faible,Tags,EN_MODEL_TAGS,artek-kori-floor-light-eu,Lampadaire Kori,,,Tags anglais/références fournisseur : kori-floor-light-eu.,Shopify Admin (29 septembre 2026),"Retirer ces tags, sauf ceux utilisés par le méga-menu (stool-60).",contrôle automatique
corrigé,faible,Photos,ALT_GENERIC,artek-kori-floor-light-eu,Lampadaire Kori,,,5 photos de galerie avec le même alt générique « Lampadaire Kori — Artek ».,Shopify Admin (29 septembre 2026),"Écrire un alt décrivant la scène (produit, finition, pièce).",contrôle automatique
corrigé,faible,Variantes,OPTION_LABEL_KORI,artek-kori-floor-light-eu,Lampadaire Kori,,,"« Laqué blanc » / « Laqué orange » : Artek parle de thermolaquage blanc mat profond et orange mat vif ; libellés différents de ceux des suspensions Kori (« Laqué blanc / blanc câble »).","Options ; https://www.artek.fi/en/products/kori-floor-light (« deep matt white », « bright matt orange »).","« Blanc mat » / « Orange mat » (thermolaqués), identiques sur les 5 fiches Kori.",examen détaillé
à faire,faible,Métachamps,DIMENSIONS_VALUES,artek-kori-floor-light-eu,Lampadaire Kori,,,Dimensions et matière absentes (constats auto) : valeurs Artek disponibles.,Dessin coté https://www.artek.fi/en/products/kori-floor-light (number_22 / number_115 / number_12).,"custom.dimensions = « H 115 cm · Ø 22 cm (socle) · Ø 12 cm (réflecteur) · Câble : 270 cm » (attribution Ø à confirmer) ; custom.material = « Socle et tige en acier · Réflecteur en aluminium moulé recyclé · Thermolaquage mat ».",examen détaillé
à faire,faible,Variantes,WEIGHT_MISSING,artek-kori-floor-light-eu,Lampadaire Kori,,,Poids d'expédition à 0 kg sur les 2 variantes.,Dossier : weightKg = 0 pour chaque variante.,Saisir le poids colis réel (fiche transporteur/fournisseur) sur chaque variante.,examen détaillé
corrigé,faible,Tags,DECADE_MISSING,artek-kori-pendant-light-eu,Suspension Kori,,,Pas de tag de décennie (année 2023).,Shopify Admin (29 septembre 2026),Ajouter le tag de décennie.,contrôle automatique
corrigé,faible,Tags,VARIANT_VALUE_TAGS,artek-kori-pendant-light-eu,Suspension Kori,,,Tags recopiant des valeurs de variantes : laque-blanc-blanc-cable.,Shopify Admin (29 septembre 2026),Retirer ces tags : les finitions sont déjà portées par les variantes.,contrôle automatique
à faire,faible,Tags,EN_MODEL_TAGS,artek-kori-pendant-light-eu,Suspension Kori,,,"Tags anglais/références fournisseur : kori-pendant-light-eu, suspension-au-dessus-de-table.",Shopify Admin (29 septembre 2026),"Retirer ces tags, sauf ceux utilisés par le méga-menu (stool-60).",contrôle automatique
corrigé,faible,Tags,FINISH_NOT_TAGGED,artek-kori-pendant-light-eu,Suspension Kori,,,Finitions proposées sans tag : laque-blanc.,Shopify Admin (29 septembre 2026),"Ajouter les tags de finition manquants, ou supprimer tous les tags de finition si le filtrage se fait par variante.",contrôle automatique
corrigé,faible,Photos,ALT_GENERIC,artek-kori-pendant-light-eu,Suspension Kori,,,4 photos de galerie avec le même alt générique « Suspension Kori — Artek ».,Shopify Admin (29 septembre 2026),"Écrire un alt décrivant la scène (produit, finition, pièce).",contrôle automatique
corrigé,faible,Variantes,OPTION_LABEL_KORI,artek-kori-pendant-light-eu,Suspension Kori,Laqué blanc / blanc câble,#1,"Libellé « Laqué blanc / blanc câble » : ordre des mots incorrect (« blanc câble »), et la finition Artek est un thermolaquage blanc mat profond, pas une laque. Libellé différent de celui des Kori lampadaire/lampe de table (« Laqué blanc »).","Option Finition = « Laqué blanc / blanc câble » ; https://www.artek.fi/en/products/kori-pendant-light : « Colour: deep matt white » ; PDF Kori Collection : « deep matt white powder coating ».",Renommer « Blanc mat (thermolaqué) » et harmoniser sur les 5 fiches Kori (« Blanc mat » / « Orange mat »).,examen détaillé
corrigé,faible,Métachamps,DIMENSIONS_VALUES,artek-kori-pendant-light-eu,Suspension Kori,,,Dimensions absentes (constat auto NO_DIMENSIONS) : valeurs Artek disponibles.,Dessin coté https://www.artek.fi/en/products/kori-pendant-light : 12 / 12 / 17 / 7 / 250.,"custom.dimensions = « Réflecteur Ø 12 × H 17 cm · Rosace Ø 12 × H 7 cm · Câble : 250 cm » ; custom.material = « Réflecteur en aluminium moulé recyclé thermolaqué blanc mat · Rosace en acier ».",examen détaillé
à faire,faible,Variantes,WEIGHT_MISSING,artek-kori-pendant-light-eu,Suspension Kori,,,Poids d'expédition à 0 kg sur la variante.,Dossier : weightKg = 0 pour chaque variante.,Saisir le poids colis réel (fiche transporteur/fournisseur) sur chaque variante.,examen détaillé
à faire,faible,Site,SITE_CATEGORY_OBJETS,artek-kori-pendant-light-eu,Suspension Kori,,,"L'API du site classe ce produit (type « Suspension ») en catégorie « objets » : le type « suspension » manque dans CATEGORY_MAP de lib/shopify/product-mapper.js (luminaires = applique, lampadaire, lampes…). Impact visible à confirmer (filtres/fil d'Ariane). Vérification du 29 septembre : ce champ « category » de l'API n'est lu par aucune page ni aucun filtre (familles, sous-catégories et filtre Catégorie reposent sur les collections) ; aucun effet visible aujourd'hui, correction de code à faire par hygiène.","site.json : api.category = 'objets', productType = 'suspension' ; lib/shopify/product-mapper.js ligne 12 (aucune entrée 'suspension'/'plafonnier').","Ajouter 'suspension' à la liste luminaires de CATEGORY_MAP (correction de code, hors Shopify).",examen détaillé
corrigé,faible,Tags,DECADE_MISSING,artek-kori-pendant-light-with-disc-shade-eu,Suspension Kori Disc,,,Pas de tag de décennie (année 2023).,Shopify Admin (29 septembre 2026),Ajouter le tag de décennie.,contrôle automatique
corrigé,faible,Tags,VARIANT_VALUE_TAGS,artek-kori-pendant-light-with-disc-shade-eu,Suspension Kori Disc,,,Tags recopiant des valeurs de variantes : laque-blanc-blanc-cable.,Shopify Admin (29 septembre 2026),Retirer ces tags : les finitions sont déjà portées par les variantes.,contrôle automatique
à faire,faible,Tags,EN_MODEL_TAGS,artek-kori-pendant-light-with-disc-shade-eu,Suspension Kori Disc,,,"Tags anglais/références fournisseur : kori-pendant-light-with-disc-shade-eu, suspension-au-dessus-de-table.",Shopify Admin (29 septembre 2026),"Retirer ces tags, sauf ceux utilisés par le méga-menu (stool-60).",contrôle automatique
corrigé,faible,Tags,FINISH_NOT_TAGGED,artek-kori-pendant-light-with-disc-shade-eu,Suspension Kori Disc,,,Finitions proposées sans tag : laque-blanc.,Shopify Admin (29 septembre 2026),"Ajouter les tags de finition manquants, ou supprimer tous les tags de finition si le filtrage se fait par variante.",contrôle automatique
corrigé,faible,Photos,ALT_GENERIC,artek-kori-pendant-light-with-disc-shade-eu,Suspension Kori Disc,,,4 photos de galerie avec le même alt générique « Suspension Kori Disc — Artek ».,Shopify Admin (29 septembre 2026),"Écrire un alt décrivant la scène (produit, finition, pièce).",contrôle automatique
corrigé,faible,Variantes,OPTION_LABEL_KORI,artek-kori-pendant-light-with-disc-shade-eu,Suspension Kori Disc,Laqué blanc / blanc câble,#1,"Libellé « Laqué blanc / blanc câble » : ordre des mots incorrect (« blanc câble »), et la finition Artek est un thermolaquage blanc mat profond, pas une laque. Libellé différent de celui des Kori lampadaire/lampe de table (« Laqué blanc »).","Option Finition = « Laqué blanc / blanc câble » ; https://www.artek.fi/en/products/kori-pendant-light : « Colour: deep matt white » ; PDF Kori Collection : « deep matt white powder coating ».",Renommer « Blanc mat (thermolaqué) » et harmoniser sur les 5 fiches Kori (« Blanc mat » / « Orange mat »).,examen détaillé
à faire,faible,Titre,TITLE_OFFICIAL_NAME,artek-kori-pendant-light-with-disc-shade-eu,Suspension Kori Disc,,,"Titre « Suspension Kori Disc » : nom officiel « Kori Pendant Light with Disc Shade ». Le titre abrégé est acceptable mais la description et le SEO utilisent, eux, l'anglais « Kori with Disc Shade ».","Titre Shopify ; https://www.artek.fi/en/products/kori-pendant-light-with-disc-shade.",Titre « Suspension Kori avec abat-jour Disc » (ou garder « Kori Disc ») et l'utiliser partout.,examen détaillé
partiellement corrigé,faible,Description,EN_REMNANTS,artek-kori-pendant-light-with-disc-shade-eu,Suspension Kori Disc,,,"Restes d'anglais dans la description : « La suspension Kori with Disc Shade », « L'ajout du Disc Shade ».","Description Shopify, 1re et 2e phrases.",Écrire « la suspension Kori avec abat-jour Disc » / « l'abat-jour Disc ».,examen détaillé
partiellement corrigé,faible,SEO,SEO_EN_REMNANTS,artek-kori-pendant-light-with-disc-shade-eu,Suspension Kori Disc,,,Méta-description SEO en partie anglaise : « Suspension Kori with Disc Shade par TAF Studio ». Année 2023 absente.,seo.description.,"« Suspension Kori avec abat-jour Disc par TAF Studio (2023) — Artek, fabriquée en Italie. Livraison en Belgique par Mikado Deco. »",examen détaillé
à faire,faible,Variantes,SKU_PREFIX,artek-kori-pendant-light-with-disc-shade-eu,Suspension Kori Disc,,,Préfixe SKU « ART-KPLWDSE » identique à celui de la Kori Dune (ART-KPLWDSE-29102101) : les deux modèles ne se distinguent que par le numéro.,SKU ART-KPLWDSE-29102001 (Disc) vs ART-KPLWDSE-29102101 (Dune).,"Sans gravité si le numéro Artek fait foi ; à harmoniser (ex. KPLDISC / KPLDUNE) lors d'une prochaine reprise des SKU.",examen détaillé
corrigé,faible,Métachamps,DIMENSIONS_VALUES,artek-kori-pendant-light-with-disc-shade-eu,Suspension Kori Disc,,,Dimensions absentes (NO_DIMENSIONS) : valeurs Artek disponibles.,Dessin coté https://www.artek.fi/en/products/kori-pendant-light-with-disc-shade.,"custom.dimensions = « Abat-jour Ø 22 cm · H 17 cm · Rosace Ø 12 × H 7 cm · Câble : 250 cm » ; custom.material = « Réflecteur en aluminium moulé recyclé · Abat-jour en aluminium repoussé · Rosace en acier, thermolaqué blanc mat ».",examen détaillé
à faire,faible,Variantes,WEIGHT_MISSING,artek-kori-pendant-light-with-disc-shade-eu,Suspension Kori Disc,,,Poids d'expédition à 0 kg sur la variante.,Dossier : weightKg = 0 pour chaque variante.,Saisir le poids colis réel (fiche transporteur/fournisseur) sur chaque variante.,examen détaillé
à faire,faible,Site,SITE_CATEGORY_OBJETS,artek-kori-pendant-light-with-disc-shade-eu,Suspension Kori Disc,,,"L'API du site classe ce produit (type « Suspension ») en catégorie « objets » : le type « suspension » manque dans CATEGORY_MAP de lib/shopify/product-mapper.js (luminaires = applique, lampadaire, lampes…). Impact visible à confirmer (filtres/fil d'Ariane). Vérification du 29 septembre : ce champ « category » de l'API n'est lu par aucune page ni aucun filtre (familles, sous-catégories et filtre Catégorie reposent sur les collections) ; aucun effet visible aujourd'hui, correction de code à faire par hygiène.","site.json : api.category = 'objets', productType = 'suspension' ; lib/shopify/product-mapper.js ligne 12 (aucune entrée 'suspension'/'plafonnier').","Ajouter 'suspension' à la liste luminaires de CATEGORY_MAP (correction de code, hors Shopify).",examen détaillé
corrigé,faible,Tags,DECADE_MISSING,artek-kori-pendant-light-with-dune-shade-eu,Suspension Kori Dune,,,Pas de tag de décennie (année 2023).,Shopify Admin (29 septembre 2026),Ajouter le tag de décennie.,contrôle automatique
corrigé,faible,Tags,VARIANT_VALUE_TAGS,artek-kori-pendant-light-with-dune-shade-eu,Suspension Kori Dune,,,Tags recopiant des valeurs de variantes : laque-blanc-blanc-cable.,Shopify Admin (29 septembre 2026),Retirer ces tags : les finitions sont déjà portées par les variantes.,contrôle automatique
à faire,faible,Tags,EN_MODEL_TAGS,artek-kori-pendant-light-with-dune-shade-eu,Suspension Kori Dune,,,"Tags anglais/références fournisseur : kori-pendant-light-with-dune-shade-eu, suspension-au-dessus-de-table.",Shopify Admin (29 septembre 2026),"Retirer ces tags, sauf ceux utilisés par le méga-menu (stool-60).",contrôle automatique
corrigé,faible,Tags,FINISH_NOT_TAGGED,artek-kori-pendant-light-with-dune-shade-eu,Suspension Kori Dune,,,Finitions proposées sans tag : laque-blanc.,Shopify Admin (29 septembre 2026),"Ajouter les tags de finition manquants, ou supprimer tous les tags de finition si le filtrage se fait par variante.",contrôle automatique
corrigé,faible,Photos,ALT_GENERIC,artek-kori-pendant-light-with-dune-shade-eu,Suspension Kori Dune,,,4 photos de galerie avec le même alt générique « Suspension Kori Dune — Artek ».,Shopify Admin (29 septembre 2026),"Écrire un alt décrivant la scène (produit, finition, pièce).",contrôle automatique
corrigé,faible,Variantes,OPTION_LABEL_KORI,artek-kori-pendant-light-with-dune-shade-eu,Suspension Kori Dune,Laqué blanc / blanc câble,#1,"Libellé « Laqué blanc / blanc câble » : ordre des mots incorrect (« blanc câble »), et la finition Artek est un thermolaquage blanc mat profond, pas une laque. Libellé différent de celui des Kori lampadaire/lampe de table (« Laqué blanc »).","Option Finition = « Laqué blanc / blanc câble » ; https://www.artek.fi/en/products/kori-pendant-light : « Colour: deep matt white » ; PDF Kori Collection : « deep matt white powder coating ».",Renommer « Blanc mat (thermolaqué) » et harmoniser sur les 5 fiches Kori (« Blanc mat » / « Orange mat »).,examen détaillé
à faire,faible,Titre,TITLE_OFFICIAL_NAME,artek-kori-pendant-light-with-dune-shade-eu,Suspension Kori Dune,,,Titre « Suspension Kori Dune » alors que description et SEO disent « Kori with Dune Shade » (anglais).,"Titre ; https://www.artek.fi/en/products/kori-pendant-light-with-dune-shade.","« Suspension Kori avec abat-jour Dune », utilisé de façon cohérente.",examen détaillé
partiellement corrigé,faible,Description,EN_REMNANTS,artek-kori-pendant-light-with-dune-shade-eu,Suspension Kori Dune,,,"Restes d'anglais : « La suspension Kori with Dune Shade », « du Dune Shade », « suspension Kori with Dune Shade ».",Description Shopify.,Remplacer par « avec abat-jour Dune ».,examen détaillé
partiellement corrigé,faible,SEO,SEO_EN_REMNANTS,artek-kori-pendant-light-with-dune-shade-eu,Suspension Kori Dune,,,"Méta-description « Suspension Kori with Dune Shade par TAF Studio » (anglais), sans année.",seo.description.,"« Suspension Kori avec abat-jour Dune par TAF Studio (2023) — Artek, fabriquée en Italie. Livraison en Belgique par Mikado Deco. »",examen détaillé
corrigé,faible,Photos,GALLERY_NEAR_DUPLICATE,artek-kori-pendant-light-with-dune-shade-eu,Suspension Kori Dune,,"#3, #4",#3 (allumée) et #4 (éteinte) sont la même scène au même cadrage : doublon visuel dans la bande d'ambiances.,"Planche : #3 Kori-Pendant-Light-with-Dune-Shade_on_web.jpg / #4 …_1_web.jpg, écart moyen 18/255 à 32 px.","Garder une seule des deux, ou l'assumer comme paire allumée/éteinte avec des alts distincts (« … allumée » / « … éteinte »).",examen détaillé
corrigé,faible,Métachamps,DIMENSIONS_VALUES,artek-kori-pendant-light-with-dune-shade-eu,Suspension Kori Dune,,,Dimensions absentes (NO_DIMENSIONS) : valeurs Artek disponibles.,Dessin coté https://www.artek.fi/en/products/kori-pendant-light-with-dune-shade.,"custom.dimensions = « Abat-jour Ø 45 cm · H 17 cm · Rosace Ø 12 × H 7 cm · Câble : 250 cm » ; custom.material = « Réflecteur en aluminium moulé recyclé · Abat-jour en aluminium repoussé · Rosace en acier, thermolaqué blanc mat ».",examen détaillé
à faire,faible,Variantes,WEIGHT_MISSING,artek-kori-pendant-light-with-dune-shade-eu,Suspension Kori Dune,,,Poids d'expédition à 0 kg sur la variante.,Dossier : weightKg = 0 pour chaque variante.,Saisir le poids colis réel (fiche transporteur/fournisseur) sur chaque variante.,examen détaillé
à faire,faible,Site,SITE_CATEGORY_OBJETS,artek-kori-pendant-light-with-dune-shade-eu,Suspension Kori Dune,,,"L'API du site classe ce produit (type « Suspension ») en catégorie « objets » : le type « suspension » manque dans CATEGORY_MAP de lib/shopify/product-mapper.js (luminaires = applique, lampadaire, lampes…). Impact visible à confirmer (filtres/fil d'Ariane). Vérification du 29 septembre : ce champ « category » de l'API n'est lu par aucune page ni aucun filtre (familles, sous-catégories et filtre Catégorie reposent sur les collections) ; aucun effet visible aujourd'hui, correction de code à faire par hygiène.","site.json : api.category = 'objets', productType = 'suspension' ; lib/shopify/product-mapper.js ligne 12 (aucune entrée 'suspension'/'plafonnier').","Ajouter 'suspension' à la liste luminaires de CATEGORY_MAP (correction de code, hors Shopify).",examen détaillé
corrigé,faible,Tags,DECADE_MISSING,artek-kori-table-light-eu,Lampe de table Kori,,,Pas de tag de décennie (année 2023).,Shopify Admin (29 septembre 2026),Ajouter le tag de décennie.,contrôle automatique
à faire,faible,Tags,EN_MODEL_TAGS,artek-kori-table-light-eu,Lampe de table Kori,,,"Tags anglais/références fournisseur : kori-table-light-eu, lampe-de-table.",Shopify Admin (29 septembre 2026),"Retirer ces tags, sauf ceux utilisés par le méga-menu (stool-60).",contrôle automatique
corrigé,faible,Photos,ALT_GENERIC,artek-kori-table-light-eu,Lampe de table Kori,,,4 photos de galerie avec le même alt générique « Lampe de table Kori — Artek ».,Shopify Admin (29 septembre 2026),"Écrire un alt décrivant la scène (produit, finition, pièce).",contrôle automatique
à faire,faible,Photos,PACKSHOT_FRAMING,artek-kori-table-light-eu,Lampe de table Kori,Laqué orange,#5,"Packshot orange (#5) très petit dans le cadre et décalé vers la droite (câble inclus), alors que le packshot blanc (#1) est cadré serré : les deux finitions ne s'affichent pas à la même échelle.","Planche #1 (502×502, cadrage serré) vs #5 (1200×1200, produit ≈ 1/4 de la largeur).","Utiliser deux détourages Artek de même cadrage (et remplacer #1, en 502 px, par la version HD : constat LOW_RES).",examen détaillé
corrigé,faible,Variantes,OPTION_LABEL_KORI,artek-kori-table-light-eu,Lampe de table Kori,,,« Laqué blanc » / « Laqué orange » : Artek parle de thermolaquage blanc mat profond et orange mat vif.,https://www.artek.fi/en/products/kori-table-light.,"« Blanc mat » / « Orange mat », identiques sur les 5 fiches Kori.",examen détaillé
à faire,faible,Tags,TAGS_IRRELEVANT,artek-kori-table-light-eu,Lampe de table Kori,,,"Tags « repas » et « mobilier-interieur » sans rapport avec une lampe de table ; « salle-a-manger » discutable.",Tags.,"Retirer « repas » et « mobilier-interieur » ; ajouter « lampe-de-lecture », « annees-2020 ».",examen détaillé
à faire,faible,Métachamps,DIMENSIONS_VALUES,artek-kori-table-light-eu,Lampe de table Kori,,,Dimensions et matière absentes (constats auto) : valeurs Artek disponibles.,Dessin coté https://www.artek.fi/en/products/kori-table-light (number_12 / number_11 / number_22).,"custom.dimensions = « H 22 cm · Ø 12 cm (réflecteur) · Ø 11 cm (socle) · Câble : 240 cm » (attribution à confirmer) ; custom.material = « Socle en zinc moulé · Tige en acier · Réflecteur en aluminium moulé recyclé · Thermolaquage mat ».",examen détaillé
à faire,faible,Variantes,WEIGHT_MISSING,artek-kori-table-light-eu,Lampe de table Kori,,,Poids d'expédition à 0 kg sur les 2 variantes.,Dossier : weightKg = 0 pour chaque variante.,Saisir le poids colis réel (fiche transporteur/fournisseur) sur chaque variante.,examen détaillé
corrigé,faible,Tags,DECADE_MISSING,artek-lounge-chair-43,Fauteuil 43,,,Pas de tag de décennie (année 1937).,Shopify Admin (29 septembre 2026),Ajouter le tag de décennie.,contrôle automatique
à faire,faible,Tags,EN_MODEL_TAGS,artek-lounge-chair-43,Fauteuil 43,,,"Tags anglais/références fournisseur : lounge, lounge-chair-43.",Shopify Admin (29 septembre 2026),"Retirer ces tags, sauf ceux utilisés par le méga-menu (stool-60).",contrôle automatique
à faire,faible,Description,DESC_NO_DESIGNER,artek-lounge-chair-43,Fauteuil 43,,,La description ne nomme pas le créateur (Alvar Aalto).,Shopify Admin (29 septembre 2026),,contrôle automatique
corrigé,faible,Photos,ALT_GENERIC,artek-lounge-chair-43,Fauteuil 43,,,2 photos de galerie avec le même alt générique « Fauteuil 43 — Artek ».,Shopify Admin (29 septembre 2026),"Écrire un alt décrivant la scène (produit, finition, pièce).",contrôle automatique
corrigé,faible,Variantes,LABEL_NOIR_NOIR,artek-lounge-chair-43,Fauteuil 43,,,« Sangle noir/noir » : Artek nomme cette sangle simplement « black ». Le doublon « noir/noir » est inutile (même libellé sur le Fauteuil 406).,"artek.fi : « Seat: linen, black webbing »",Renommer en « Sangle noire » sur 43 et 406.,examen détaillé
corrigé,faible,Tags,DECADE_TAG,artek-lounge-chair-43,Fauteuil 43,,,Tag de décennie manquant (constat automatique) : l’année Artek est 1937.,"artek.fi : « Alvar Aalto, 1937 »",Ajouter « annees-1930 ».,examen détaillé
corrigé,faible,Description,DESC_NO_DESIGNER_YEAR,artek-lounge-chair-43,Fauteuil 43,,,"La description ne donne ni le créateur ni l’année (1937), contrairement aux fiches voisines.","Description actuelle ; artek.fi « Alvar Aalto, 1937 »","Ajouter « Dessinée par Alvar Aalto en 1937, … ».",examen détaillé
à faire,faible,Variantes,NO_WEIGHT,artek-lounge-chair-43,Fauteuil 43,,,Poids d’expédition à 0 kg sur toutes les variantes.,dossier : weightKg = 0 pour chaque variante,Renseigner le poids d’expédition (fiche transporteur Artek) pour chaque variante.,examen détaillé
corrigé,faible,Tags,DECADE_MISSING,artek-lukki-chair,Chaise Lukki,,,Pas de tag de décennie (année 1951).,Shopify Admin (29 septembre 2026),Ajouter le tag de décennie.,contrôle automatique
corrigé,faible,Tags,VARIANT_VALUE_TAGS,artek-lukki-chair,Chaise Lukki,,,Tags recopiant des valeurs de variantes : noir-thermolaque-mat-laque-noir.,Shopify Admin (29 septembre 2026),Retirer ces tags : les finitions sont déjà portées par les variantes.,contrôle automatique
corrigé,faible,Tags,EN_MODEL_TAGS,artek-lukki-chair,Chaise Lukki,,,Tags anglais/références fournisseur : lukki-chair.,Shopify Admin (29 septembre 2026),"Retirer ces tags, sauf ceux utilisés par le méga-menu (stool-60).",contrôle automatique
à faire,faible,Tags,FINISH_NOT_TAGGED,artek-lukki-chair,Chaise Lukki,,,Finitions proposées sans tag : laque-noir.,Shopify Admin (29 septembre 2026),"Ajouter les tags de finition manquants, ou supprimer tous les tags de finition si le filtrage se fait par variante.",contrôle automatique
à faire,faible,Tags,TAG_CONTEMPORAIN,artek-lukki-chair,Chaise Lukki,,,"Tag contemporain inexact pour un dessin de 1951 ; manquent annees-1950, chaise-avec-accoudoirs, chaise-empilable, acier.","custom.year = 1951 ; artek.fi « stackable »","Retirer contemporain ; ajouter annees-1950, chaise-avec-accoudoirs, chaise-empilable, acier.",examen détaillé
corrigé,faible,SEO,SEO_NO_YEAR,artek-lukki-chair,Chaise Lukki,,,"Méta-description sans année, contrairement aux fiches voisines.",SEO : « Chaise Lukki par Ilmari Tapiovaara — marque finlandaise… »,« Chaise Lukki par Ilmari Tapiovaara (1951) — … »,examen détaillé
à faire,faible,Variantes,NO_WEIGHT,artek-lukki-chair,Chaise Lukki,,,Poids d'expédition à 0 sur les 1 variantes.,dossier : weightKg = 0 pour chaque variante,Renseigner le poids d'expédition réel (fiche transporteur Artek) sur chaque variante.,examen détaillé
corrigé,faible,Tags,DECADE_MISSING,artek-mademoiselle-lounge-chair,Fauteuil Mademoiselle,,,Pas de tag de décennie (année 1956).,Shopify Admin (29 septembre 2026),Ajouter le tag de décennie.,contrôle automatique
à faire,faible,Tags,EN_MODEL_TAGS,artek-mademoiselle-lounge-chair,Fauteuil Mademoiselle,,,"Tags anglais/références fournisseur : lounge, mademoiselle-lounge-chair.",Shopify Admin (29 septembre 2026),"Retirer ces tags, sauf ceux utilisés par le méga-menu (stool-60).",contrôle automatique
à faire,faible,Tags,FINISH_NOT_TAGGED,artek-mademoiselle-lounge-chair,Fauteuil Mademoiselle,,,"Finitions proposées sans tag : laque-blanc, laque-noir.",Shopify Admin (29 septembre 2026),"Ajouter les tags de finition manquants, ou supprimer tous les tags de finition si le filtrage se fait par variante.",contrôle automatique
à faire,faible,Description,DESC_SPOKE_BACK,artek-mademoiselle-lounge-chair,Fauteuil Mademoiselle,,,"La description omet le dossier à barreaux (technique traditionnelle), qui est le trait distinctif mis en avant par Artek.",artek.fi : « the spoke back contrasts strikingly with the smooth modernist curves of the seat »,Ajouter une phrase sur le dossier à barreaux et l’assise aux bords arrondis.,examen détaillé
à faire,faible,Photos,PHOTO_LOW_CONTRAST,artek-mademoiselle-lounge-chair,Fauteuil Mademoiselle,,,"La photo #3 (Laqué blanc) montre une chaise blanche sur fond blanc (luminance 187–255), presque invisible sur la carte et la fiche.",#3 Mademoiselle-Lounge-Chair-white-lacquer_web.jpg ouvert en 800 px,Facultatif : packshot sur fond gris clair ou ombre portée.,examen détaillé
à faire,faible,Variantes,NO_WEIGHT,artek-mademoiselle-lounge-chair,Fauteuil Mademoiselle,,,Poids d’expédition à 0 kg sur toutes les variantes.,dossier : weightKg = 0 pour chaque variante,Renseigner le poids d’expédition (fiche transporteur Artek) pour chaque variante.,examen détaillé
corrigé,faible,Tags,DECADE_MISSING,artek-mademoiselle-rocking-chair,Fauteuil à bascule Mademoiselle,,,Pas de tag de décennie (année 1956).,Shopify Admin (29 septembre 2026),Ajouter le tag de décennie.,contrôle automatique
à faire,faible,Tags,EN_MODEL_TAGS,artek-mademoiselle-rocking-chair,Fauteuil à bascule Mademoiselle,,,"Tags anglais/références fournisseur : lounge, mademoiselle-rocking-chair.",Shopify Admin (29 septembre 2026),"Retirer ces tags, sauf ceux utilisés par le méga-menu (stool-60).",contrôle automatique
à faire,faible,Tags,FINISH_NOT_TAGGED,artek-mademoiselle-rocking-chair,Fauteuil à bascule Mademoiselle,,,"Finitions proposées sans tag : laque-blanc, laque-noir.",Shopify Admin (29 septembre 2026),"Ajouter les tags de finition manquants, ou supprimer tous les tags de finition si le filtrage se fait par variante.",contrôle automatique
à faire,faible,Classement,ROCKING_TYPE_OK,artek-mademoiselle-rocking-chair,Fauteuil à bascule Mademoiselle,,,"Le type « Fauteuil » est acceptable : un type « Fauteuil à bascule » ferait sortir le produit de la collection automatique Fauteuils, filtrée sur type = Fauteuil. La catégorie Shopify « Rocking Chairs » est juste. En revanche, aucun tag ne permet de filtrer ou de chercher « à bascule ».","collections.json fauteuils : TYPE = Fauteuil ; catégorie « Furniture > Chairs > Rocking Chairs > Classic Rocking Chairs »","Garder le type ; ajouter le tag « fauteuil-a-bascule ».",examen détaillé
à faire,faible,Variantes,NO_WEIGHT,artek-mademoiselle-rocking-chair,Fauteuil à bascule Mademoiselle,,,Poids d’expédition à 0 kg sur toutes les variantes.,dossier : weightKg = 0 pour chaque variante,Renseigner le poids d’expédition (fiche transporteur Artek) pour chaque variante.,examen détaillé
à faire,faible,Métachamps,NO_DESIGNER,artek-postcards,Accessoire Postcards,,,custom.designer vide : pas de créateur sur la fiche ni de lien créateur.,Shopify Admin (29 septembre 2026),Renseigner custom.designer (voir reference-artek.csv) ou laisser vide si Artek ne crédite personne.,contrôle automatique
corrigé,faible,Tags,VARIANT_VALUE_TAGS,artek-postcards,Accessoire Postcards,,,"Tags recopiant des valeurs de variantes : icon-postcards, outline-postcards.",Shopify Admin (29 septembre 2026),Retirer ces tags : les finitions sont déjà portées par les variantes.,contrôle automatique
corrigé,faible,Tags,EN_MODEL_TAGS,artek-postcards,Accessoire Postcards,,,"Tags anglais/références fournisseur : icon-postcards, outline-postcards, postcards.",Shopify Admin (29 septembre 2026),"Retirer ces tags, sauf ceux utilisés par le méga-menu (stool-60).",contrôle automatique
corrigé,faible,Photos,ALT_EN,artek-postcards,Accessoire Postcards,,,Alt en anglais : « Accessoire Postcards — Outline postcards ».,Shopify Admin (29 septembre 2026),,contrôle automatique
à faire,faible,Métachamps,DESIGNER_PRECISION,artek-postcards,Accessoire Postcards,,,"Précision sur NO_DESIGNER : deux créateurs existent, Greige pour Icons et TSTO pour Outline. Le lot Icons est fabriqué en Allemagne, en carton recyclé de 350 g/m², au format A6.","artek.fi/en/products/artek-icons-postcards-greige : « Made in Germany », « Recycled cardboard, 350 g/m² »","Après séparation : custom.designer = Greige / TSTO ; custom.year = 2013 (Icons) ; custom.material = « Carton recyclé 350 g/m² » ; custom.dimensions = « A6 (10,5 × 14,8 cm) » ; custom.origin = « Fabriqué en Allemagne » (Icons).",examen détaillé
corrigé,faible,Photos,ALT_GENERIC,artek-postcards,Accessoire Postcards,Icon postcards,#2,L'alt de la photo #2 (« Accessoire Postcards — Artek ») ne nomme pas le lot Icons. Les 5 cartes n'occupent qu'une bande étroite au centre d'une image carrée 1850×1850 : elles sont minuscules sur la carte produit.,"photo #2, alt « Accessoire Postcards — Artek » ; image téléchargée en 1400 px : cartes sur ~25 % de la hauteur","Alt : « Cartes postales Icons Greige — lot de 5 (Paimio, Kiki, 10-Unit System, Beehive, Stool 60) ». Recadrer l'image plus serré.",examen détaillé
partiellement corrigé,faible,Tags,TAG_WRONG,artek-postcards,Accessoire Postcards,,,Le tag « lot-de-3 » est faux pour la variante Icons (lot de 5). Les tags greige et tsto manquent.,"tags : lot-de-3 ; artek.fi : « Set of five postcards »","Retirer lot-de-3 (ou le réserver à la fiche Outline) et ajouter greige, tsto.",examen détaillé
à faire,faible,Variantes,WEIGHT_MISSING,artek-postcards,Accessoire Postcards,,,Aucun poids d'expédition sur les variantes (weightKg = 0).,dossier : weightKg 0 sur toutes les variantes,Renseigner le poids d'expédition de chaque variante.,examen détaillé
à faire,faible,Canaux,NOT_ON_META,artek-rival-chair-kg002,Chaise de bureau Rival KG002,,,Absente du catalogue Facebook & Instagram (117/160 fiches actives y sont).,Shopify Admin (29 septembre 2026),Publier sur Facebook & Instagram si souhaité.,contrôle automatique
corrigé,faible,Tags,DECADE_MISSING,artek-rival-chair-kg002,Chaise de bureau Rival KG002,,,Pas de tag de décennie (année 2014).,Shopify Admin (29 septembre 2026),Ajouter le tag de décennie.,contrôle automatique
corrigé,faible,Tags,EN_MODEL_TAGS,artek-rival-chair-kg002,Chaise de bureau Rival KG002,,,Tags anglais/références fournisseur : rival-chair-kg002.,Shopify Admin (29 septembre 2026),"Retirer ces tags, sauf ceux utilisés par le méga-menu (stool-60).",contrôle automatique
corrigé,faible,SEO,SEO_TITLE_LONG,artek-rival-chair-kg002,Chaise de bureau Rival KG002,,,Titre SEO de 67 caractères (tronqué par Google au-delà d’environ 60).,Shopify Admin (29 septembre 2026),Raccourcir à ≈ 60 caractères.,contrôle automatique
corrigé,faible,Photos,ALT_GENERIC,artek-rival-chair-kg002,Chaise de bureau Rival KG002,,,8 photos de galerie avec le même alt générique « Chaise de bureau Rival KG002 — Artek ».,Shopify Admin (29 septembre 2026),"Écrire un alt décrivant la scène (produit, finition, pièce).",contrôle automatique
à faire,faible,Site,CATEGORY_OBJETS,artek-rival-chair-kg002,Chaise de bureau Rival KG002,,,"L'API du site classe la Rival en catégorie « objets » (et non « assises ») car le type « chaise de bureau » est absent de CATEGORY_MAP ; le constat automatique qui dit l'inverse est inexact. Vérification du 29 septembre : ce champ « category » de l'API n'est lu par aucune page ni aucun filtre (familles, sous-catégories et filtre Catégorie reposent sur les collections) ; aucun effet visible aujourd'hui, correction de code à faire par hygiène.","site.json api.category = « objets » ; lib/shopify/product-mapper.js : « Anything unmatched falls through to ""objets"" », CATEGORY_MAP.assises sans « chaise de bureau »","Ajouter « chaise de bureau » (et « chaise de bar ») à CATEGORY_MAP.assises (modification de code, hors Shopify).",examen détaillé
à faire,faible,Variantes,SKU_SUFFIX,artek-rival-chair-kg002,Chaise de bureau Rival KG002,,,"4 SKU sur une même base 28104100 suffixée (3DBW, 3DGC, LCAR, LNER) : codes Artek réels à vérifier.",SKU du dossier,Reporter les codes article Artek par combinaison.,examen détaillé
partiellement corrigé,faible,Tags,TAGS_MISSING,artek-rival-chair-kg002,Chaise de bureau Rival KG002,,,"Manquent bouleau, pivotante, annees-2010, made-in-allemagne, cuir, tissu, interieur ; kg002/rival-chair-kg002 sont des références.",Tags du dossier,Ajouter ces tags.,examen détaillé
à faire,faible,Variantes,NO_WEIGHT,artek-rival-chair-kg002,Chaise de bureau Rival KG002,,,Poids d'expédition à 0 sur les 4 variantes.,dossier : weightKg = 0 pour chaque variante,Renseigner le poids d'expédition réel (fiche transporteur Artek) sur chaque variante.,examen détaillé
corrigé,faible,Métachamps,YEAR_IN_DESC,artek-rivi-canvas-bag,Sac en toile Rivi,,,Année 2017 présente dans la description mais pas dans custom.year.,Shopify Admin (29 septembre 2026),Reporter l’année dans custom.year après vérification.,contrôle automatique
corrigé,faible,Tags,EN_MODEL_TAGS,artek-rivi-canvas-bag,Sac en toile Rivi,,,Tags anglais/références fournisseur : rivi-canvas-bag.,Shopify Admin (29 septembre 2026),"Retirer ces tags, sauf ceux utilisés par le méga-menu (stool-60).",contrôle automatique
corrigé,faible,Photos,ALT_GENERIC,artek-rivi-canvas-bag,Sac en toile Rivi,,,4 photos de galerie avec le même alt générique « Sac en toile Rivi — Artek ».,Shopify Admin (29 septembre 2026),"Écrire un alt décrivant la scène (produit, finition, pièce).",contrôle automatique
à faire,faible,Photos,GALLERY_PACKSHOT_DUP,artek-rivi-canvas-bag,Sac en toile Rivi,,,#7 (sac bleu/blanc) et #8 (sac blanc/bleu) sont des packshots de variante non liés : ils apparaissent dans la bande « ambiances » en doublon de #1 et #4.,"Planche #7 Rivi-Canvas-Bag-blue_web.jpg, #8 Rivi-Canvas-Bag-white_web.jpg ; shop.artek.fi utilise précisément ces deux fichiers comme images de variante","Soit lier #7 → Bleu/blanc et #8 → Blanc/bleu (fond blanc homogène avec #5/#6) et passer #1/#4 en galerie, soit supprimer #7 et #8.",examen détaillé
corrigé,faible,Métachamps,YEAR_IN_DESC,artek-rivi-cushion-cover,Housse de coussin Rivi,,,Année 2017 présente dans la description mais pas dans custom.year.,Shopify Admin (29 septembre 2026),Reporter l’année dans custom.year après vérification.,contrôle automatique
corrigé,faible,Tags,EN_MODEL_TAGS,artek-rivi-cushion-cover,Housse de coussin Rivi,,,Tags anglais/références fournisseur : rivi-cushion-cover.,Shopify Admin (29 septembre 2026),"Retirer ces tags, sauf ceux utilisés par le méga-menu (stool-60).",contrôle automatique
corrigé,faible,SEO,SEO_TITLE_LONG,artek-rivi-cushion-cover,Housse de coussin Rivi,,,Titre SEO de 69 caractères (tronqué par Google au-delà d’environ 60).,Shopify Admin (29 septembre 2026),Raccourcir à ≈ 60 caractères.,contrôle automatique
à faire,faible,Photos,LOW_RES,artek-rivi-cushion-cover,Housse de coussin Rivi,,,Image basse définition 995×995 (galerie) : Rivi-Cushion-Covers-blue_white_web.jpg.,Shopify Admin (29 septembre 2026),Remplacer par l’original haute définition (≥ 1 500 px).,contrôle automatique
corrigé,faible,Photos,ALT_GENERIC,artek-rivi-cushion-cover,Housse de coussin Rivi,,,4 photos de galerie avec le même alt générique « Housse de coussin Rivi — Artek ».,Shopify Admin (29 septembre 2026),"Écrire un alt décrivant la scène (produit, finition, pièce).",contrôle automatique
corrigé,faible,Photos,GALLERY_OTHER_PRODUCT,artek-rivi-cushion-cover,Housse de coussin Rivi,,,"#5 (Zebra_cushion_Rivi_cushion_white_blue) : le sujet principal est la housse Zebra, la housse Rivi est à l'arrière-plan.",Planche #5,Déplacer #5 en fin de galerie ou le retirer.,examen détaillé
corrigé,faible,Tags,EN_MODEL_TAGS,artek-rivi-fabric,Tissu Rivi (au mètre),,,Tags anglais/références fournisseur : rivi-fabric.,Shopify Admin (29 septembre 2026),"Retirer ces tags, sauf ceux utilisés par le méga-menu (stool-60).",contrôle automatique
corrigé,faible,SEO,SEO_TITLE_LONG,artek-rivi-fabric,Tissu Rivi (au mètre),,,Titre SEO de 68 caractères (tronqué par Google au-delà d’environ 60).,Shopify Admin (29 septembre 2026),Raccourcir à ≈ 60 caractères.,contrôle automatique
corrigé,faible,Photos,ALT_GENERIC,artek-rivi-fabric,Tissu Rivi (au mètre),,,2 photos de galerie avec le même alt générique « Tissu Rivi (au mètre) — Artek ».,Shopify Admin (29 septembre 2026),"Écrire un alt décrivant la scène (produit, finition, pièce).",contrôle automatique
à faire,faible,Photos,METER_PHOTO_IS_PRECUT_PACK,artek-rivi-fabric,Tissu Rivi (au mètre),,,"Les 4 photos de variante (#1, #4, #5, #6) montrent le coupon plié sous bandeau Artek, identique à la fiche Coupon ; pour la vente au mètre, la photo du rouleau (#2) ou d'un métrage à plat serait plus juste.",Planche artek-rivi-fabric #1/#4/#5/#6 (bandeau « RIVI Design Ronan & Erwan Bouroullec 2017 »),Garder ces packshots (coloris exacts) mais placer #2 (rouleaux) en 2e position et mentionner dans l'alt « coloris X — tissu vendu au mètre ».,examen détaillé
corrigé,faible,Photos,ALT_MATERIAL_MISLEADING,artek-rivi-fabric,Tissu Rivi (au mètre),,,L'alt des photos de variante indique « / Coton » alors que chaque photo sert aussi aux variantes Coton enduit et Toile de coton.,Variante « Blanc/bleu / Toile de coton » → imageAlt « Tissu Rivi (au mètre) — Blanc/bleu / Coton »,"Alt sans matière : « Tissu Rivi — coloris blanc/bleu (fond blanc, motif bleu) ».",examen détaillé
corrigé,faible,Métachamps,YEAR_IN_DESC,artek-rivi-pouch,Pochette Rivi,,,Année 2017 présente dans la description mais pas dans custom.year.,Shopify Admin (29 septembre 2026),Reporter l’année dans custom.year après vérification.,contrôle automatique
corrigé,faible,Tags,EN_MODEL_TAGS,artek-rivi-pouch,Pochette Rivi,,,Tags anglais/références fournisseur : rivi-pouch.,Shopify Admin (29 septembre 2026),"Retirer ces tags, sauf ceux utilisés par le méga-menu (stool-60).",contrôle automatique
à faire,faible,Description,ZIP_MISSING,artek-rivi-pouch,Pochette Rivi,,,"La description n'indique pas la fermeture à glissière, citée par Artek.",artek.fi rivi-pouch : « this cotton canvas pouch has a zip »,Ajouter « fermeture à glissière » et « 24 × 15 cm » dans la description.,examen détaillé
corrigé,faible,Tags,EN_MODEL_TAGS,artek-rivi-pre-cut-fabric,Coupon de tissu Rivi (150 × 300 cm),,,Tags anglais/références fournisseur : rivi-pre-cut-fabric.,Shopify Admin (29 septembre 2026),"Retirer ces tags, sauf ceux utilisés par le méga-menu (stool-60).",contrôle automatique
corrigé,faible,Photos,ALT_GENERIC,artek-rivi-pre-cut-fabric,Coupon de tissu Rivi (150 × 300 cm),,,2 photos de galerie avec le même alt générique « Coupon de tissu Rivi (150 × 300 cm) — Artek ».,Shopify Admin (29 septembre 2026),"Écrire un alt décrivant la scène (produit, finition, pièce).",contrôle automatique
à faire,faible,Tags,MADE_IN_TAG_MISSING,artek-rivi-pre-cut-fabric,Coupon de tissu Rivi (150 × 300 cm),,,Tag d'origine absent (le tissu au mètre a « made-in-lettonie ») et custom.origin vide.,"Tags Admin ; artek.fi : « Made in Latvia »","Ajouter le tag made-in-lettonie et custom.origin « Fabriqué en Lettonie », custom.country_of_origin « Lettonie ».",examen détaillé
corrigé,faible,Photos,ALT_MATERIAL_MISLEADING,artek-rivi-pre-cut-fabric,Coupon de tissu Rivi (150 × 300 cm),,,Alt des photos de variante « … / Coton » réutilisé pour les variantes Coton enduit et Toile de coton.,Variante « Noir/blanc / Toile de coton » → imageAlt « … — Noir/blanc / Coton »,"Alt sans matière : « Coupon de tissu Rivi, coloris noir/blanc ».",examen détaillé
à faire,faible,Classement,TRAY_KITCHEN,artek-rivi-tray,Plateau Rivi,,,Plateau classé dans « Ustensiles & cuisine » (règle type = Plateau) : un plateau décoratif relève plutôt d’Arts de la table.,Shopify Admin (29 septembre 2026),,contrôle automatique
corrigé,faible,Métachamps,YEAR_IN_DESC,artek-rivi-tray,Plateau Rivi,,,Année 2017 présente dans la description mais pas dans custom.year.,Shopify Admin (29 septembre 2026),Reporter l’année dans custom.year après vérification.,contrôle automatique
corrigé,faible,Tags,EN_MODEL_TAGS,artek-rivi-tray,Plateau Rivi,,,Tags anglais/références fournisseur : rivi-tray.,Shopify Admin (29 septembre 2026),"Retirer ces tags, sauf ceux utilisés par le méga-menu (stool-60).",contrôle automatique
corrigé,faible,Photos,ALT_GENERIC,artek-rivi-tray,Plateau Rivi,,,2 photos de galerie avec le même alt générique « Plateau Rivi — Artek ».,Shopify Admin (29 septembre 2026),"Écrire un alt décrivant la scène (produit, finition, pièce).",contrôle automatique
à faire,faible,Tags,TAG_TEXTILE_WRONG,artek-rivi-tray,Plateau Rivi,,,Tag « textile » sur un plateau en contreplaqué stratifié.,"Tags Admin ; artek.fi : « Material: Plywood and paper »",Retirer le tag textile (garder plateau).,examen détaillé
à faire,faible,Description,DESC_SMALL_ONLY,artek-rivi-tray,Plateau Rivi,,,"« Beau et pratique, le petit plateau Rivi convient… » alors que la fiche vend les deux tailles.",Description Admin,"« Le plateau Rivi, en petit ou grand format, convient… ».",examen détaillé
corrigé,faible,Métachamps,DIMENSIONS_VALUE,artek-rivi-tray,Plateau Rivi,,,Précision pour NO_DIMENSIONS : valeurs Artek connues.,"artek.fi rivi-tray : Small 27 × 20, Large 43 × 33","custom.dimensions : « Petit 27 × 20 cm — Grand 43 × 33 cm » ; custom.designer « Ronan & Erwan Bouroullec », custom.year 2017.",examen détaillé
corrigé,faible,Tags,EN_MODEL_TAGS,artek-rocket-bar-stool,Tabouret de bar Rocket,,,Tags anglais/références fournisseur : rocket-bar-stool.,Shopify Admin (29 septembre 2026),"Retirer ces tags, sauf ceux utilisés par le méga-menu (stool-60).",contrôle automatique
corrigé,faible,Photos,ALT_GENERIC,artek-rocket-bar-stool,Tabouret de bar Rocket,,,2 photos de galerie avec le même alt générique « Tabouret de bar Rocket — Artek ».,Shopify Admin (29 septembre 2026),"Écrire un alt décrivant la scène (produit, finition, pièce).",contrôle automatique
à faire,faible,Classement,SITE_CATEGORY_OBJETS,artek-rocket-bar-stool,Tabouret de bar Rocket,,,"L'API du site classe ce tabouret de bar en « objets » : le type « Tabouret de bar » est absent de CATEGORY_MAP. Vérification du 29 septembre : ce champ « category » de l'API n'est lu par aucune page ni aucun filtre (familles, sous-catégories et filtre Catégorie reposent sur les collections) ; aucun effet visible aujourd'hui, correction de code à faire par hygiène.","site.json api.category = « objets » ; lib/shopify/product-mapper.js",Ajouter « tabouret de bar » à CATEGORY_MAP.assises.,examen détaillé
corrigé,faible,Métachamps,YEAR_DIMENSIONS_VALUE,artek-rocket-bar-stool,Tabouret de bar Rocket,,,Précision aux constats NO_YEAR et NO_DIMENSIONS.,"artek.fi : « Eero Aarnio, 1995 » ; cotes lues dans les identifiants « number_* » du schéma SVG « Materials and Dimensions » de la page artek.fi : 73 / 44","custom.year = 1995 ; custom.dimensions = « H 73 cm (hauteur d'assise), encombrement Ø 44 cm » ; custom.material = « Chêne massif » ; méta-description : ajouter « (1995) ».",examen détaillé
à faire,faible,Prix,COST_INCONSISTENT,artek-rocket-bar-stool,Tabouret de bar Rocket,,,"Coût de revient différent de 2 centimes entre Savonné (238,95) et les versions laquées (238,93) à prix de vente égal : saisie incohérente.",Variantes : cost 238.95 / 238.93 / 238.93,Harmoniser le coût.,examen détaillé
à faire,faible,Tags,TAG_REVIEW,artek-rocket-bar-stool,Tabouret de bar Rocket,,,"« ludique » et « intemporel » sont subjectifs ; « salon » est hors sujet ; il manque « annees-1990 ».","Tags du dossier ; année Artek 1995","Retirer « salon », ajouter « annees-1990 ».",examen détaillé
corrigé,faible,Photos,ALT_GALLERY_UNINFORMATIVE,artek-rocket-bar-stool,Tabouret de bar Rocket,,"#2, #3, #4",Les galeries #2 (restaurant avec Rocket et chaises K65 noirs) et #3 (rangée de Rocket noirs) ont un alt générique. #4 (Laqué blanc) est un packshot blanc sur fond blanc très peu contrasté.,"Photos #2, #3, #4","Alts descriptifs ; si possible, packshot blanc avec ombre ou fond gris clair.",examen détaillé
corrigé,faible,Tags,EN_MODEL_TAGS,artek-rope-chair,Chaise Rope,,,Tags anglais/références fournisseur : rope-chair.,Shopify Admin (29 septembre 2026),"Retirer ces tags, sauf ceux utilisés par le méga-menu (stool-60).",contrôle automatique
corrigé,faible,Tags,FINISH_NOT_TAGGED,artek-rope-chair,Chaise Rope,,,"Finitions proposées sans tag : laque-noir, laque-gris.",Shopify Admin (29 septembre 2026),"Ajouter les tags de finition manquants, ou supprimer tous les tags de finition si le filtrage se fait par variante.",contrôle automatique
corrigé,faible,Photos,ALT_GENERIC,artek-rope-chair,Chaise Rope,,,4 photos de galerie avec le même alt générique « Chaise Rope — Artek ».,Shopify Admin (29 septembre 2026),"Écrire un alt décrivant la scène (produit, finition, pièce).",contrôle automatique
corrigé,faible,Variantes,LABEL_MAT,artek-rope-chair,Chaise Rope,,,« thermolaqué mat » : Artek dit « powder coating » sans préciser mat.,"artek.fi : « Frame: steel, black powder coating »",« Acier thermolaqué noir » / « Acier thermolaqué gris clair ».,examen détaillé
partiellement corrigé,faible,Tags,TAGS_MISSING,artek-rope-chair,Chaise Rope,,,"Seulement 10 tags : manquent acier, frene, corde, lin, chaise-avec-accoudoirs, interieur, laque-noir, laque-gris ; « scandinave » discutable (designers français, fabrication allemande).",Tags du dossier,"Ajouter ces tags ; envisager de retirer scandinave.",examen détaillé
à faire,faible,Variantes,NO_WEIGHT,artek-rope-chair,Chaise Rope,,,Poids d'expédition à 0 sur les 4 variantes.,dossier : weightKg = 0 pour chaque variante,Renseigner le poids d'expédition réel (fiche transporteur Artek) sur chaque variante.,examen détaillé
corrigé,faible,Tags,VARIANT_VALUE_TAGS,artek-screen-100,Paravent 100,,,"Tags recopiant des valeurs de variantes : 100-x-200-cm, 130-x-200-cm, 150-x-200-cm, 180-x-200-cm.",Shopify Admin (29 septembre 2026),Retirer ces tags : les finitions sont déjà portées par les variantes.,contrôle automatique
à faire,faible,Tags,EN_MODEL_TAGS,artek-screen-100,Paravent 100,,,Tags anglais/références fournisseur : screen-100.,Shopify Admin (29 septembre 2026),"Retirer ces tags, sauf ceux utilisés par le méga-menu (stool-60).",contrôle automatique
corrigé,faible,Tags,CODE_TAGS,artek-screen-100,Paravent 100,,,"Tags de référence : 100-x-200-cm, 130-x-200-cm, 150-x-200-cm, 180-x-200-cm.",Shopify Admin (29 septembre 2026),,contrôle automatique
corrigé,faible,Photos,ALT_GENERIC,artek-screen-100,Paravent 100,,,9 photos de galerie avec le même alt générique « Paravent 100 — Artek ».,Shopify Admin (29 septembre 2026),"Écrire un alt décrivant la scène (produit, finition, pièce).",contrôle automatique
corrigé,faible,Métachamps,MATERIAL_VALUE,artek-screen-100,Paravent 100,,,Matière absente.,artek.fi « Solid pine »,custom.material = « Pin massif verni naturel ».,examen détaillé
corrigé,faible,Photos,ALT_GALLERY,artek-screen-100,Paravent 100,,#2–#10,"9 alts génériques alors que les fichiers indiquent le modèle (100A/B/C/D, Cabinet 250, Stool X602).",sheet noms de fichiers,"Alts « Paravent 100A (180 cm) avec buffet 250 », etc.",examen détaillé
corrigé,faible,Tags,TAG_CLEANUP,artek-screen-100,Paravent 100,,,"Tags de taille, screen-100 ; « rangement » peu pertinent ; manquent annees-1930, pin.",dossier tags,"Nettoyer ; ajouter annees-1930.",examen détaillé
à faire,faible,Variantes,WEIGHT_MISSING,artek-screen-100,Paravent 100,,,Poids d'expédition à 0 kg sur toutes les variantes.,dossier : weightKg = 0 pour chaque variante,Renseigner le poids d'expédition réel de chaque variante (fiche transporteur Artek).,examen détaillé
corrigé,faible,Tags,DECADE_MISSING,artek-secrets-of-finland,Accessoire Secrets of Finland,,,Pas de tag de décennie (année 2019).,Shopify Admin (29 septembre 2026),Ajouter le tag de décennie.,contrôle automatique
corrigé,faible,Tags,VARIANT_VALUE_TAGS,artek-secrets-of-finland,Accessoire Secrets of Finland,,,"Tags recopiant des valeurs de variantes : easter-dog-vase, easter-witch-vase, lucia-candleholder, lucius-candleholder, midsummer-dream-vase, pauper-coin-collector.",Shopify Admin (29 septembre 2026),Retirer ces tags : les finitions sont déjà portées par les variantes.,contrôle automatique
corrigé,faible,Tags,EN_MODEL_TAGS,artek-secrets-of-finland,Accessoire Secrets of Finland,,,"Tags anglais/références fournisseur : easter-dog-vase, easter-witch-vase, lucia-candleholder, lucius-candleholder, midsummer-dream-vase, pauper-coin-collector.",Shopify Admin (29 septembre 2026),"Retirer ces tags, sauf ceux utilisés par le méga-menu (stool-60).",contrôle automatique
corrigé,faible,Photos,ALT_EN,artek-secrets-of-finland,Accessoire Secrets of Finland,,,Alt en anglais : « Secrets of Finland — Pauper Coin Collector ».,Shopify Admin (29 septembre 2026),,contrôle automatique
corrigé,faible,Photos,ALT_EN,artek-secrets-of-finland,Accessoire Secrets of Finland,,,Alt en anglais : « Secrets of Finland — Lucius Candleholder ».,Shopify Admin (29 septembre 2026),,contrôle automatique
corrigé,faible,Photos,ALT_EN,artek-secrets-of-finland,Accessoire Secrets of Finland,,,Alt en anglais : « Secrets of Finland — Lucia Candleholder ».,Shopify Admin (29 septembre 2026),,contrôle automatique
corrigé,faible,Métachamps,ORIGIN_FR,artek-secrets-of-finland,Accessoire Secrets of Finland,,,Faute de français dans custom.origin : « Fabriqué en Portugal ».,custom.origin = « Fabriqué en Portugal »,« Fabriqué au Portugal ».,examen détaillé
à faire,faible,Métachamps,DESIGNER_DETAIL,artek-secrets-of-finland,Accessoire Secrets of Finland,,,"Le créateur est juste (COMPANY), mais le nom écrit en capitales seules est peu parlant. Aucune page créateur n'existe pour COMPANY.","custom.designer = « COMPANY » ; v3/designers-data.json : pas d'entrée company",Écrire « COMPANY (Aamu Song & Johan Olin) » ou garder COMPANY et nommer le duo dans la description.,examen détaillé
à faire,faible,Tags,TAGS_REDUNDANT,artek-secrets-of-finland,Accessoire Secrets of Finland,,,"« cadeau » et « idee-cadeau » font doublon. « collection-anniversaire » est inexact : Secrets of Finland appartient à la collection FIN/JPN Friendship, qui célèbre les relations Finlande–Japon, pas un anniversaire d'Artek (à confirmer selon l'usage interne du tag).","tags : cadeau, idee-cadeau, collection-anniversaire ; Artek : « for the FIN/JPN friendship collection »",Garder « idee-cadeau » et supprimer « cadeau ». Retirer « collection-anniversaire » ou le remplacer par « ceramique ».,examen détaillé
partiellement corrigé,faible,Tags,TAGS_MISSING,artek-secrets-of-finland,Accessoire Secrets of Finland,,,"Il manque les tags de matière et d'objet : ceramique, vase, bougeoir, tirelire.",tags actuels sans ceramique/vase/bougeoir,"Ajouter ceramique, vase, bougeoir, tirelire, annees-2010.",examen détaillé
à faire,faible,Variantes,WEIGHT_MISSING,artek-secrets-of-finland,Accessoire Secrets of Finland,,,Aucun poids d'expédition sur les variantes (weightKg = 0).,dossier : weightKg 0 sur toutes les variantes,Renseigner le poids d'expédition de chaque variante.,examen détaillé
corrigé,faible,Tags,DECADE_MISSING,artek-side-table-606,Table d'appoint 606,,,Pas de tag de décennie (année 1932).,Shopify Admin (29 septembre 2026),Ajouter le tag de décennie.,contrôle automatique
corrigé,faible,Tags,VARIANT_VALUE_TAGS,artek-side-table-606,Table d'appoint 606,,,Tags recopiant des valeurs de variantes : noir-thermolaquee-mat-laque-noir.,Shopify Admin (29 septembre 2026),Retirer ces tags : les finitions sont déjà portées par les variantes.,contrôle automatique
corrigé,faible,Tags,EN_MODEL_TAGS,artek-side-table-606,Table d'appoint 606,,,"Tags anglais/références fournisseur : side-table-606, table-d-appoint, table-dappoint, table-de-canape, table-de-chevet.",Shopify Admin (29 septembre 2026),"Retirer ces tags, sauf ceux utilisés par le méga-menu (stool-60).",contrôle automatique
à faire,faible,Tags,FINISH_NOT_TAGGED,artek-side-table-606,Table d'appoint 606,,,Finitions proposées sans tag : laque-noir.,Shopify Admin (29 septembre 2026),"Ajouter les tags de finition manquants, ou supprimer tous les tags de finition si le filtrage se fait par variante.",contrôle automatique
corrigé,faible,Options,OPTION_AGREEMENT,artek-side-table-606,Table d'appoint 606,,,Accord « thermolaquée » (acier = masculin) : Noir thermolaquée mat / laqué noir.,Shopify Admin (29 septembre 2026),"Écrire « thermolaqué » (acier, masculin).",contrôle automatique
corrigé,faible,Photos,ALT_GENERIC,artek-side-table-606,Table d'appoint 606,,,3 photos de galerie avec le même alt générique « Table d'appoint 606 — Artek ».,Shopify Admin (29 septembre 2026),"Écrire un alt décrivant la scène (produit, finition, pièce).",contrôle automatique
à faire,faible,Site,SITE_CATEGORY_OBJETS,artek-side-table-606,Table d'appoint 606,,,"L'API du site classe la table d'appoint dans la catégorie « objets » (filtre catégorie du catalogue), pas dans « tables ». Vérification du 29 septembre : ce champ « category » de l'API n'est lu par aucune page ni aucun filtre (familles, sous-catégories et filtre Catégorie reposent sur les collections) ; aucun effet visible aujourd'hui, correction de code à faire par hygiène.","site.api.category = « objets » ; lib/shopify/product-mapper.js (CATEGORY_MAP : « table d'appoint » absent → catégorie par défaut « objets »)",Ajouter « table d'appoint » (et « table de chevet ») à CATEGORY_MAP.tables.,examen détaillé
à faire,faible,Tags,TAGS_DUP,artek-side-table-606,Table d'appoint 606,,,"Doublon table-d-appoint / table-dappoint ; la décennie annees-1930 manque.",Tags du dossier,"Garder un seul tag table-d-appoint ; ajouter annees-1930.",examen détaillé
à faire,faible,SEO,SEO_NO_DESIGNER,artek-side-table-915,Table d'appoint 915,,,SEO sans le créateur Alvar Aalto.,Shopify Admin (29 septembre 2026),,contrôle automatique
corrigé,faible,Tags,EN_MODEL_TAGS,artek-side-table-915,Table d'appoint 915,,,"Tags anglais/références fournisseur : side-table-915, table-d-appoint, table-dappoint, table-de-canape.",Shopify Admin (29 septembre 2026),"Retirer ces tags, sauf ceux utilisés par le méga-menu (stool-60).",contrôle automatique
à faire,faible,Description,DESC_NO_DESIGNER,artek-side-table-915,Table d'appoint 915,,,La description ne nomme pas le créateur (Alvar Aalto).,Shopify Admin (29 septembre 2026),,contrôle automatique
corrigé,faible,Photos,ALT_GENERIC,artek-side-table-915,Table d'appoint 915,,,3 photos de galerie avec le même alt générique « Table d'appoint 915 — Artek ».,Shopify Admin (29 septembre 2026),"Écrire un alt décrivant la scène (produit, finition, pièce).",contrôle automatique
corrigé,faible,Variantes,LABEL_FRAME_OMITTED,artek-side-table-915,Table d'appoint 915,"Laqué blanc ; Laqué noir",,"« Laqué blanc » et « Laqué noir » ne portent que sur les tablettes ; la structure reste en bouleau naturel. Artek a aussi eu une version entièrement noire, d'où l'ambiguïté.","artek.fi : « Frame: birch, clear lacquer / Shelves: birch, white|black lacquer » ; PDF 2014 : « Frame, top and shelf black lacquered » (autre version)",« Bouleau / tablettes laquées blanc » et « Bouleau / tablettes laquées noir ».,examen détaillé
à faire,faible,Site,SITE_CATEGORY_OBJETS,artek-side-table-915,Table d'appoint 915,,,"L'API du site classe cette table d'appoint dans « objets ». Vérification du 29 septembre : ce champ « category » de l'API n'est lu par aucune page ni aucun filtre (familles, sous-catégories et filtre Catégorie reposent sur les collections) ; aucun effet visible aujourd'hui, correction de code à faire par hygiène.","site.api.category = « objets » ; lib/shopify/product-mapper.js (CATEGORY_MAP : « table d'appoint » absent → catégorie par défaut « objets »)",Ajouter « table d'appoint » à CATEGORY_MAP.tables.,examen détaillé
à faire,faible,Tags,TAGS_DUP_MISSING,artek-side-table-915,Table d'appoint 915,,,"Doublon table-d-appoint / table-dappoint ; le tag bouleau manque.",Tags du dossier,"Garder table-d-appoint, ajouter bouleau.",examen détaillé
corrigé,faible,Tags,EN_MODEL_TAGS,artek-siena-canvas-bag,Sac en toile Siena,,,Tags anglais/références fournisseur : siena-canvas-bag.,Shopify Admin (29 septembre 2026),"Retirer ces tags, sauf ceux utilisés par le méga-menu (stool-60).",contrôle automatique
corrigé,faible,Photos,ALT_GENERIC,artek-siena-canvas-bag,Sac en toile Siena,,,3 photos de galerie avec le même alt générique « Sac en toile Siena — Artek ».,Shopify Admin (29 septembre 2026),"Écrire un alt décrivant la scène (produit, finition, pièce).",contrôle automatique
à faire,faible,Métachamps,DESIGNER_YEAR_VALUE,artek-siena-canvas-bag,Sac en toile Siena,,,Précision pour NO_DESIGNER/NO_YEAR.,"artek.fi siena-canvas-bag « 2010 », motif « Alvar Aalto, 1954 »","custom.designer « Alvar Aalto », custom.year 1954 (année du motif, cohérente avec le tissu) ; ajouter le tag annees-1950.",examen détaillé
corrigé,faible,Tags,EN_MODEL_TAGS,artek-siena-cushion-cover,Housse de coussin Siena,,,Tags anglais/références fournisseur : siena-cushion-cover.,Shopify Admin (29 septembre 2026),"Retirer ces tags, sauf ceux utilisés par le méga-menu (stool-60).",contrôle automatique
à faire,faible,Métachamps,DESIGNER_YEAR_VALUE,artek-siena-cushion-cover,Housse de coussin Siena,,,Précision pour NO_DESIGNER/NO_YEAR.,"artek.fi siena-fabric « Alvar Aalto, 1954 » ; siena-cushion-cover « 2010 »","custom.designer « Alvar Aalto », custom.year 1954 (année du motif, cohérente avec le tissu) ; ajouter le tag annees-1950.",examen détaillé
corrigé,faible,Tags,DECADE_MISSING,artek-siena-fabric,Tissu Siena (au mètre),,,Pas de tag de décennie (année 1954).,Shopify Admin (29 septembre 2026),Ajouter le tag de décennie.,contrôle automatique
corrigé,faible,Tags,EN_MODEL_TAGS,artek-siena-fabric,Tissu Siena (au mètre),,,Tags anglais/références fournisseur : siena-fabric.,Shopify Admin (29 septembre 2026),"Retirer ces tags, sauf ceux utilisés par le méga-menu (stool-60).",contrôle automatique
corrigé,faible,Photos,ALT_GENERIC,artek-siena-fabric,Tissu Siena (au mètre),,,4 photos de galerie avec le même alt générique « Tissu Siena (au mètre) — Artek ».,Shopify Admin (29 septembre 2026),"Écrire un alt décrivant la scène (produit, finition, pièce).",contrôle automatique
corrigé,faible,Photos,ALT_MATERIAL_MISLEADING,artek-siena-fabric,Tissu Siena (au mètre),,,Alt des photos de variante « … / Coton » réutilisé pour Coton enduit et Toile de coton.,Variante « Sable/blanc / Toile de coton » → alt « … Sable/blanc / Coton »,Alt sans matière.,examen détaillé
corrigé,faible,Tags,DECADE_TAG,artek-siena-fabric,Tissu Siena (au mètre),,,Précision pour DECADE_MISSING : décennie exacte.,"artek.fi : « Alvar Aalto, 1954 »",Ajouter le tag annees-1950.,examen détaillé
corrigé,faible,Tags,EN_MODEL_TAGS,artek-siena-pouch,Pochette Siena,,,Tags anglais/références fournisseur : siena-pouch.,Shopify Admin (29 septembre 2026),"Retirer ces tags, sauf ceux utilisés par le méga-menu (stool-60).",contrôle automatique
corrigé,faible,Photos,ALT_GENERIC,artek-siena-pouch,Pochette Siena,,,2 photos de galerie avec le même alt générique « Pochette Siena — Artek ».,Shopify Admin (29 septembre 2026),"Écrire un alt décrivant la scène (produit, finition, pièce).",contrôle automatique
à faire,faible,Métachamps,DESIGNER_YEAR_VALUE,artek-siena-pouch,Pochette Siena,,,Précision pour NO_DESIGNER/NO_YEAR.,"artek.fi siena-pouch « 2014 », motif 1954","custom.designer « Alvar Aalto », custom.year 1954 (année du motif, cohérente avec le tissu) ; ajouter le tag annees-1950.",examen détaillé
à faire,faible,Description,ZIP_MISSING,artek-siena-pouch,Pochette Siena,,,Fermeture à glissière non mentionnée.,artek.fi : « this cotton canvas pouch has a zip »,"Ajouter « fermeture à glissière, 24 × 15 cm ».",examen détaillé
corrigé,faible,Tags,DECADE_MISSING,artek-siena-pre-cut-fabric,Coupon de tissu Siena (150 × 300 cm),,,Pas de tag de décennie (année 1954).,Shopify Admin (29 septembre 2026),Ajouter le tag de décennie.,contrôle automatique
corrigé,faible,Tags,EN_MODEL_TAGS,artek-siena-pre-cut-fabric,Coupon de tissu Siena (150 × 300 cm),,,Tags anglais/références fournisseur : siena-pre-cut-fabric.,Shopify Admin (29 septembre 2026),"Retirer ces tags, sauf ceux utilisés par le méga-menu (stool-60).",contrôle automatique
corrigé,faible,SEO,SEO_TITLE_LONG,artek-siena-pre-cut-fabric,Coupon de tissu Siena (150 × 300 cm),,,Titre SEO de 70 caractères (tronqué par Google au-delà d’environ 60).,Shopify Admin (29 septembre 2026),Raccourcir à ≈ 60 caractères.,contrôle automatique
corrigé,faible,Photos,ALT_GENERIC,artek-siena-pre-cut-fabric,Coupon de tissu Siena (150 × 300 cm),,,4 photos de galerie avec le même alt générique « Coupon de tissu Siena (150 × 300 cm) — Artek ».,Shopify Admin (29 septembre 2026),"Écrire un alt décrivant la scène (produit, finition, pièce).",contrôle automatique
à faire,faible,Tags,MADE_IN_TAG_MISSING,artek-siena-pre-cut-fabric,Coupon de tissu Siena (150 × 300 cm),,,"Tags made-in-lettonie et annees-1950 absents ; custom.origin vide.","Tags Admin ; artek.fi : « Made in Latvia », « Alvar Aalto, 1954 »","Ajouter made-in-lettonie, annees-1950 ; custom.origin « Fabriqué en Lettonie ».",examen détaillé
corrigé,faible,Photos,ALT_MATERIAL_MISLEADING,artek-siena-pre-cut-fabric,Coupon de tissu Siena (150 × 300 cm),,,Alt « … / Coton » réutilisé pour les autres qualités.,Variante « Blanc/noir / Toile de coton » → alt « … Blanc/noir / Coton »,Alt sans matière.,examen détaillé
à faire,faible,Classement,TRAY_KITCHEN,artek-siena-tray,Plateau Siena,,,Plateau classé dans « Ustensiles & cuisine » (règle type = Plateau) : un plateau décoratif relève plutôt d’Arts de la table.,Shopify Admin (29 septembre 2026),,contrôle automatique
corrigé,faible,Tags,EN_MODEL_TAGS,artek-siena-tray,Plateau Siena,,,Tags anglais/références fournisseur : siena-tray.,Shopify Admin (29 septembre 2026),"Retirer ces tags, sauf ceux utilisés par le méga-menu (stool-60).",contrôle automatique
à faire,faible,Tags,TAG_TEXTILE_WRONG,artek-siena-tray,Plateau Siena,,,Tag « textile » sur un plateau en contreplaqué.,artek.fi : « Material: plywood and paper »,Retirer le tag textile.,examen détaillé
à faire,faible,Description,DESC_SMALL_ONLY,artek-siena-tray,Plateau Siena,,,« Le petit plateau Siena est un ajout… » alors que les deux tailles sont vendues.,Description Admin,"« Le plateau Siena, petit ou grand, … ».",examen détaillé
à faire,faible,Métachamps,DIMENSIONS_VALUE,artek-siena-tray,Plateau Siena,,,Précision pour NO_DIMENSIONS / NO_DESIGNER / NO_YEAR.,"artek.fi siena-tray : Small 27 × 20, Large 43 × 33 ; « 2002 »","custom.dimensions « Petit 27 × 20 cm — Grand 43 × 33 cm » ; custom.designer « Alvar Aalto », custom.year 1954 (année du motif, cohérente avec le tissu) ; ajouter le tag annees-1950.",examen détaillé
corrigé,faible,Tags,VARIANT_VALUE_TAGS,artek-stool-60,Tabouret 60,,,"Tags recopiant des valeurs de variantes : verni-naturel-laque-blanc, verni-naturel-laque-noir.",Shopify Admin (29 septembre 2026),Retirer ces tags : les finitions sont déjà portées par les variantes.,contrôle automatique
corrigé,faible,Photos,ALT_GENERIC,artek-stool-60,Tabouret 60,,,5 photos de galerie avec le même alt générique « Tabouret 60 — Artek ».,Shopify Admin (29 septembre 2026),"Écrire un alt décrivant la scène (produit, finition, pièce).",contrôle automatique
corrigé,faible,Photos,ALT_GALLERY_UNINFORMATIVE,artek-stool-60,Tabouret 60,,"#2, #4, #22","Les alts des galeries ne décrivent pas la scène : #2 montre un Fauteuil 45 avec un Tabouret 60, #4 un Tabouret 60 teinté noyer, #22 une pile de tabourets colorés.","Photos #2 (fichier …Armchair-45-Stool-60…), #4 (…walnut-stained…), #22 (…stacked…)","Alts : « Tabouret 60 et Fauteuil 45 en situation », « Tabouret 60 teinté noyer en situation », « Tabourets 60 empilés, assises laquées ».",examen détaillé
corrigé,faible,Métachamps,DIMENSIONS_VALUE,artek-stool-60,Tabouret 60,,,Précision au constat NO_DIMENSIONS : valeurs Artek disponibles.,"cotes lues dans les identifiants « number_* » du schéma SVG « Materials and Dimensions » de la page artek.fi (stool-60) : 38 / 35 / 44 ; fiche PDF https://www.artek.fi/downloads/Stool-60-Stool-E60-Childrens-Stool-NE60-Factsheet-1842298.pdf","custom.dimensions = « Ø assise 35 cm, encombrement 38 cm, H 44 cm » ; custom.year = 1933 ; custom.material = « Bouleau massif, assise contreplaqué de bouleau (placage, lamifié ou linoléum selon finition) ».",examen détaillé
à faire,faible,Tags,TAG_MISSING,artek-stool-60,Tabouret 60,,,"Tags manquants utiles : « tabouret-3-pieds » (distingue du E60) ; les tags de finitions n'expliquent pas l'assise seule vs entier (cohérent avec le problème de libellés).",Liste des tags du dossier,"Ajouter « tabouret-3-pieds » ; remplacer « verni-naturel-laque-blanc/noir » par des tags de couleur génériques.",examen détaillé
corrigé,faible,Tags,VARIANT_VALUE_TAGS,artek-stool-e60,Tabouret E60,,,"Tags recopiant des valeurs de variantes : verni-naturel-laque-blanc, verni-naturel-laque-noir.",Shopify Admin (29 septembre 2026),Retirer ces tags : les finitions sont déjà portées par les variantes.,contrôle automatique
à faire,faible,Photos,LOW_RES,artek-stool-e60,Tabouret E60,,,Image basse définition 776×776 (galerie) : Forest-Collection_web.jpg.,Shopify Admin (29 septembre 2026),Remplacer par l’original haute définition (≥ 1 500 px).,contrôle automatique
corrigé,faible,Photos,ALT_GENERIC,artek-stool-e60,Tabouret E60,,,6 photos de galerie avec le même alt générique « Tabouret E60 — Artek ».,Shopify Admin (29 septembre 2026),"Écrire un alt décrivant la scène (produit, finition, pièce).",contrôle automatique
corrigé,faible,Photos,GALLERY_OTHER_PRODUCT,artek-stool-e60,Tabouret E60,,"#2, #6","Photo #6 : ambiance centrée sur une Chaise Atelier et une étagère Kaari ; le E60 (teinté noyer) n'occupe qu'un petit coin. Photo #2 (« Forest Collection », 776 px) : vue d'ensemble d'une pièce de mobilier Aalto où le E60 n'est pas identifiable avec certitude.","Photo #6 fichier artek-atelier-chair-clear-lacquered-oak-kaari-wall-shelf.jpg ; photo #2 fichier Forest-Collection_web.jpg","Retirer #6 et #2 de la fiche E60 (garder #3, #4, #5, #7 où le tabouret est le sujet).",examen détaillé
à faire,faible,Photos,GALLERY_DUPLICATE_VARIANT,artek-stool-e60,Tabouret E60,,#8,"Photo #8 (ambiance bouleau sauvage, alt « Tabouret E60 — Bouleau sauvage ») n'est pas liée à la variante alors que #24 l'est ; sur cette photo on ne distingue que 3 pieds, il pourrait s'agir d'un Tabouret 60 (à confirmer en grand format).","Photo #8 fichier Stool-E60-wild-birch_1.jpg (vue plongeante, 3 pieds visibles)","Vérifier l'image source Artek ; si c'est un Tabouret 60, la déplacer vers artek-stool-60 ; sinon alt « Tabouret E60 bouleau sauvage en situation ».",examen détaillé
corrigé,faible,Métachamps,DIMENSIONS_VALUE,artek-stool-e60,Tabouret E60,,,Précision au constat NO_DIMENSIONS.,cotes lues dans les identifiants « number_* » du schéma SVG « Materials and Dimensions » de la page artek.fi (stool-e60) : 42 / 35 / 44,"custom.dimensions = « Ø assise 35 cm, encombrement 42 cm, H 44 cm » ; custom.year = 1934.",examen détaillé
corrigé,faible,Métachamps,YEAR_IN_DESC,artek-table-90d,Table basse 90D,,,Année 1933 présente dans la description mais pas dans custom.year.,Shopify Admin (29 septembre 2026),Reporter l’année dans custom.year après vérification.,contrôle automatique
corrigé,faible,Tags,EN_MODEL_TAGS,artek-table-90d,Table basse 90D,,,"Tags anglais/références fournisseur : table-90d, table-basse, table-basse-ronde, table-d-appoint, table-de-canape.",Shopify Admin (29 septembre 2026),"Retirer ces tags, sauf ceux utilisés par le méga-menu (stool-60).",contrôle automatique
à faire,faible,Variantes,VARIANT_LABEL_DETAIL,artek-table-90d,Table basse 90D,Bouleau,,"Le libellé « Bouleau » ne précise pas le vernis naturel, alors que les fiches voisines écrivent « Verni naturel » ou « Bouleau verni naturel ».","Options : Bouleau | Lamifié blanc | Linoléum noir ; artek.fi : « birch, clear lacquer »","Harmoniser : « Bouleau verni naturel », « Plateau lamifié blanc », « Plateau linoléum noir ».",examen détaillé
à faire,faible,Variantes,ARTEK_VARIANT_MISSING,artek-table-90d,Table basse 90D,,,"La finition Artek teintée noyer n'est pas proposée ; Seireeni est une édition limitée.","artek.fi/table-90d : « Legs and edge-band: birch, walnut stain / Top: birch, walnut stain »","Ajouter une variante « Bouleau teinté noyer » si Artek la livre, sinon ignorer.",examen détaillé
à faire,faible,Tags,TAG_MISSING_STACKABLE,artek-table-90d,Table basse 90D,,,"Artek présente la 90D comme empilable ; ni le tag ni la description ne le disent.",artek.fi/table-90d : « Stackable »,Ajouter le tag empilable et une phrase dans la description.,examen détaillé
corrigé,faible,Tags,DECADE_MISSING,artek-tea-trolley-900,Table basse Tea Trolley 900,,,Pas de tag de décennie (année 1937).,Shopify Admin (29 septembre 2026),Ajouter le tag de décennie.,contrôle automatique
corrigé,faible,Tags,VARIANT_VALUE_TAGS,artek-tea-trolley-900,Table basse Tea Trolley 900,,,"Tags recopiant des valeurs de variantes : carrelage-ceramique-blanc, carrelage-ceramique-noir.",Shopify Admin (29 septembre 2026),Retirer ces tags : les finitions sont déjà portées par les variantes.,contrôle automatique
corrigé,faible,Tags,EN_MODEL_TAGS,artek-tea-trolley-900,Table basse Tea Trolley 900,,,"Tags anglais/références fournisseur : table-basse, table-roulante, tea-trolley-900.",Shopify Admin (29 septembre 2026),"Retirer ces tags, sauf ceux utilisés par le méga-menu (stool-60).",contrôle automatique
corrigé,faible,Photos,ALT_GENERIC,artek-tea-trolley-900,Table basse Tea Trolley 900,,,4 photos de galerie avec le même alt générique « Table basse Tea Trolley 900 — Artek ».,Shopify Admin (29 septembre 2026),"Écrire un alt décrivant la scène (produit, finition, pièce).",contrôle automatique
corrigé,faible,Tags,TAG_WRONG_TABLE_BASSE,artek-tea-trolley-900,Table basse Tea Trolley 900,,,"Le tag table-basse est faux pour une desserte ; decoration-interieure n'est pas pertinent pour un meuble.","Tags : table-basse, decoration-interieure","Retirer table-basse et decoration-interieure ; garder desserte-roulante et desserte-a-the ; ajouter annees-1930 et rotin.",examen détaillé
corrigé,faible,SEO,SEO_NO_YEAR,artek-tea-trolley-900,Table basse Tea Trolley 900,,,"La méta-description ne cite pas l'année (1937), contrairement à d'autres fiches.",SEO : « Table basse Tea Trolley 900 par Alvar Aalto — marque finlandaise Artek… »,"« Desserte Tea Trolley 900 par Alvar Aalto (1937), carreaux de céramique et panier en rotin — Artek. »",examen détaillé
corrigé,faible,Tags,DECADE_MISSING,artek-tea-trolley-901,Table basse Tea Trolley 901,,,Pas de tag de décennie (année 1936).,Shopify Admin (29 septembre 2026),Ajouter le tag de décennie.,contrôle automatique
corrigé,faible,Tags,VARIANT_VALUE_TAGS,artek-tea-trolley-901,Table basse Tea Trolley 901,,,"Tags recopiant des valeurs de variantes : laque-blanc-lamifie-blanc, laque-blanc-linoleum-noir, laque-noir-laque-tourbe-linoleum-anthracite-linoleum-tourbe.",Shopify Admin (29 septembre 2026),Retirer ces tags : les finitions sont déjà portées par les variantes.,contrôle automatique
corrigé,faible,Tags,EN_MODEL_TAGS,artek-tea-trolley-901,Table basse Tea Trolley 901,,,"Tags anglais/références fournisseur : table-basse, table-roulante, tea-trolley-901.",Shopify Admin (29 septembre 2026),"Retirer ces tags, sauf ceux utilisés par le méga-menu (stool-60).",contrôle automatique
à faire,faible,Tags,FINISH_NOT_TAGGED,artek-tea-trolley-901,Table basse Tea Trolley 901,,,"Finitions proposées sans tag : laque-blanc, laque-noir, lamifie-blanc, linoleum-noir.",Shopify Admin (29 septembre 2026),"Ajouter les tags de finition manquants, ou supprimer tous les tags de finition si le filtrage se fait par variante.",contrôle automatique
corrigé,faible,Photos,ALT_GENERIC,artek-tea-trolley-901,Table basse Tea Trolley 901,,,5 photos de galerie avec le même alt générique « Table basse Tea Trolley 901 — Artek ».,Shopify Admin (29 septembre 2026),"Écrire un alt décrivant la scène (produit, finition, pièce).",contrôle automatique
corrigé,faible,Variantes,LABEL_HELLA_JONGERIUS,artek-tea-trolley-901,Table basse Tea Trolley 901,Laqué noir / laqué tourbe / linoléum anthracite / linoléum tourbe,,"Le libellé de la version sombre est exact, mais long, et ne dit pas qu'il s'agit de la version Hella Jongerius. L'ordre ne suit pas Artek (plateau haut tourbe, bas anthracite).","artek.fi : « Tea Trolley 901, Hella Jongerius version — Frame: birch, black lacquer / Wheels: MDF, peat lacquer / Top and shelf: linoleum, peat and linoleum, charcoal » ; PDF 2015 : « Top tray: peat linoleum. Bottom tray: charcoal linoleum »","« Version Hella Jongerius — laqué noir, plateaux linoléum tourbe et anthracite » ; ajouter une phrase dans la description.",examen détaillé
à faire,faible,Tags,TAG_WRONG_FINISH,artek-tea-trolley-901,Table basse Tea Trolley 901,,,"Les tags laque-blanc-lamifie-blanc et laque-blanc-linoleum-noir reprennent un libellé faux (structure non laquée) ; table-basse et decoration-interieure sont hors sujet.",Tags du dossier,"Retirer ces tags ; ajouter lamifie-blanc, linoleum-noir, hella-jongerius et annees-1930.",examen détaillé
à faire,faible,Description,DESC_NO_JONGERIUS,artek-tea-trolley-901,Table basse Tea Trolley 901,,,"La description ne mentionne pas la version Hella Jongerius, pourtant vendue.","Description ; artek.fi : paragraphe Hella Jongerius","Ajouter : « La designer néerlandaise Hella Jongerius en a signé une version sombre, structure laquée noire et plateaux en linoléum tourbe et anthracite. »",examen détaillé
à faire,faible,Canaux,NOT_ON_META,artek-trienna-table,Table basse Trienna,,,Absente du catalogue Facebook & Instagram (117/160 fiches actives y sont).,Shopify Admin (29 septembre 2026),Publier sur Facebook & Instagram si souhaité.,contrôle automatique
corrigé,faible,Tags,DECADE_MISSING,artek-trienna-table,Table basse Trienna,,,Pas de tag de décennie (année 1954).,Shopify Admin (29 septembre 2026),Ajouter le tag de décennie.,contrôle automatique
corrigé,faible,Tags,VARIANT_VALUE_TAGS,artek-trienna-table,Table basse Trienna,,,"Tags recopiant des valeurs de variantes : chene-laque-blanc, chene-teinte-noir.",Shopify Admin (29 septembre 2026),Retirer ces tags : les finitions sont déjà portées par les variantes.,contrôle automatique
corrigé,faible,Tags,EN_MODEL_TAGS,artek-trienna-table,Table basse Trienna,,,"Tags anglais/références fournisseur : table-basse, table-basse-de-salon, table-de-canape, trienna-table.",Shopify Admin (29 septembre 2026),"Retirer ces tags, sauf ceux utilisés par le méga-menu (stool-60).",contrôle automatique
à faire,faible,Tags,FINISH_NOT_TAGGED,artek-trienna-table,Table basse Trienna,,,Finitions proposées sans tag : laque-blanc.,Shopify Admin (29 septembre 2026),"Ajouter les tags de finition manquants, ou supprimer tous les tags de finition si le filtrage se fait par variante.",contrôle automatique
corrigé,faible,Variantes,LABEL_NATURAL,artek-trienna-table,Table basse Trienna,Chêne,,"« Chêne » seul ne dit pas le vernis naturel, contrairement aux deux autres libellés.","Options : Chêne | Chêne / laqué blanc | Chêne / teinté noir ; artek.fi : « oak, clear lacquer »",« Chêne verni naturel ».,examen détaillé
à faire,faible,Photos,GALLERY_OTHER_PRODUCT_DOMINANT,artek-trienna-table,Table basse Trienna,,#2,"L'ambiance #2 montre surtout un fauteuil Kiki ; la Trienna n'apparaît qu'en partie, coupée au bord gauche.",#2 Kiki_Lounge_Chair_Trienna_Table_photo_Mikko_Ryhanen_web.jpg,"Ajouter une ambiance où la Trienna est entière, ou garder #2 en second choix.",examen détaillé
à faire,faible,SKU,SKU_PREFIX_TT,artek-trienna-table,Table basse Trienna,,,"Le préfixe SKU ART-TT est aussi celui des Tea Trolley (ART-TT900, ART-TT901), d'où une confusion possible.",SKU ART-TT-28303804/06/07,"Préfixe distinct, par exemple ART-TRI-, si le système le permet.",examen détaillé
à faire,faible,Canaux,NOT_ON_META,artek-tupla-wall-hook,Patère murale Tupla,,,Absente du catalogue Facebook & Instagram (117/160 fiches actives y sont).,Shopify Admin (29 septembre 2026),Publier sur Facebook & Instagram si souhaité.,contrôle automatique
corrigé,faible,Métachamps,YEAR_IN_DESC,artek-tupla-wall-hook,Patère murale Tupla,,,Année 2020 présente dans la description mais pas dans custom.year.,Shopify Admin (29 septembre 2026),Reporter l’année dans custom.year après vérification.,contrôle automatique
corrigé,faible,Tags,VARIANT_VALUE_TAGS,artek-tupla-wall-hook,Patère murale Tupla,,,Tags recopiant des valeurs de variantes : noir-thermolaque-mat.,Shopify Admin (29 septembre 2026),Retirer ces tags : les finitions sont déjà portées par les variantes.,contrôle automatique
corrigé,faible,Tags,EN_MODEL_TAGS,artek-tupla-wall-hook,Patère murale Tupla,,,Tags anglais/références fournisseur : tupla-wall-hook.,Shopify Admin (29 septembre 2026),"Retirer ces tags, sauf ceux utilisés par le méga-menu (stool-60).",contrôle automatique
corrigé,faible,SEO,SEO_TITLE_LONG,artek-tupla-wall-hook,Patère murale Tupla,,,Titre SEO de 66 caractères (tronqué par Google au-delà d’environ 60).,Shopify Admin (29 septembre 2026),Raccourcir à ≈ 60 caractères.,contrôle automatique
corrigé,faible,Photos,ALT_GENERIC,artek-tupla-wall-hook,Patère murale Tupla,,,6 photos de galerie avec le même alt générique « Patère murale Tupla — Artek ».,Shopify Admin (29 septembre 2026),"Écrire un alt décrivant la scène (produit, finition, pièce).",contrôle automatique
corrigé,faible,Variantes,LABEL_MAT,artek-tupla-wall-hook,Patère murale Tupla,Noir thermolaqué mat,,« mat » non mentionné par Artek (black powder coating).,"https://www.artek.fi/en/products/tupla-wall-hook : « Hook: dye-cast zinc, black powder coating »","« Noir thermolaqué » (ou supprimer l'option, variante unique).",examen détaillé
corrigé,faible,Photos,ALT_GALLERY,artek-tupla-wall-hook,Patère murale Tupla,,#2–#7,6 alts identiques « — Artek ».,sheet,"Décrire chaque usage (gants et parapluie, écharpe, veste…).",examen détaillé
à faire,faible,Métachamps,MATERIAL_VALUE,artek-tupla-wall-hook,Patère murale Tupla,,,Matière absente.,artek.fi « Zinc die-cast »,"custom.material = « Zinc moulé sous pression, thermolaqué noir ».",examen détaillé
à faire,faible,Variantes,WEIGHT_MISSING,artek-tupla-wall-hook,Patère murale Tupla,,,Poids d'expédition à 0 kg sur toutes les variantes.,dossier : weightKg = 0 pour chaque variante,Renseigner le poids d'expédition réel de chaque variante (fiche transporteur Artek).,examen détaillé
à faire,faible,Tags,MADEIN_MISSING,artek-wall-light-a330s-eu,Applique A330S,,,Pas de tag made-in alors que l'origine est « Fabriqué en Chine ».,Shopify Admin (29 septembre 2026),,contrôle automatique
corrigé,faible,Métachamps,YEAR_IN_DESC,artek-wall-light-a330s-eu,Applique A330S,,,Année 1937 présente dans la description mais pas dans custom.year.,Shopify Admin (29 septembre 2026),Reporter l’année dans custom.year après vérification.,contrôle automatique
corrigé,faible,Tags,VARIANT_VALUE_TAGS,artek-wall-light-a330s-eu,Applique A330S,,,"Tags recopiant des valeurs de variantes : acier-chrome, blanc-acier, noir-acier.",Shopify Admin (29 septembre 2026),Retirer ces tags : les finitions sont déjà portées par les variantes.,contrôle automatique
à faire,faible,Tags,EN_MODEL_TAGS,artek-wall-light-a330s-eu,Applique A330S,,,"Tags anglais/références fournisseur : applique-orientable, wall-light-a330s-eu.",Shopify Admin (29 septembre 2026),"Retirer ces tags, sauf ceux utilisés par le méga-menu (stool-60).",contrôle automatique
corrigé,faible,Photos,ALT_GENERIC,artek-wall-light-a330s-eu,Applique A330S,,,4 photos de galerie avec le même alt générique « Applique A330S — Artek ».,Shopify Admin (29 septembre 2026),"Écrire un alt décrivant la scène (produit, finition, pièce).",contrôle automatique
corrigé,faible,Variantes,OPTION_LABELS,artek-wall-light-a330s-eu,Applique A330S,,,"« Noir acier » / « Blanc acier » : ordre des mots inhabituel ; « Laiton » ne dit pas « poli verni ». Libellés différents de la suspension A330S (« Laqué noir », « Laiton poli »…).","Options ; https://www.artek.fi/en/products/wall-light-a330s-golden-bell (« brass, polish and clear lacquer », « steel, black lacquer »…).","« Laiton poli verni », « Acier chromé », « Acier laqué noir », « Acier laqué blanc », identiques sur la suspension.",examen détaillé
à faire,faible,Titre,TITLE_NICKNAME,artek-wall-light-a330s-eu,Applique A330S,,,"Titre « Applique A330S » sans « Golden Bell », alors que la suspension s'appelle « Suspension A330S Golden Bell » et qu'Artek nomme les deux « Golden Bell ».","Titre ; https://www.artek.fi/en/products/wall-light-a330s-golden-bell.",« Applique A330S Golden Bell » (et SEO correspondant).,examen détaillé
à faire,faible,Photos,GALLERY_WEAK,artek-wall-light-a330s-eu,Applique A330S,,#5,"#5 : l'applique (noire) est minuscule au fond de la pièce ; l'image montre surtout des chaises Aslak.",Planche #5 artek-aslak-chair-table-90b-a330s-wall-light.jpg.,Placer en fin de galerie ou retirer.,examen détaillé
à faire,faible,Métachamps,DIMENSIONS_VALUES,artek-wall-light-a330s-eu,Applique A330S,,,"Année, dimensions, matière absentes (constats auto) : valeurs Artek disponibles.","https://www.artek.fi/en/products/wall-light-a330s-golden-bell (« Alvar Aalto, 1937 », dessin 17 / 20 / 48 / 26 / 15).","custom.year = 1937 ; custom.dimensions = « Abat-jour Ø 17 × H 20 cm · Saillie 48 cm · Câble : 250 cm » (autres cotes à confirmer) ; custom.material = « Abat-jour en laiton ou acier repoussé · Bras en tube de laiton ou d'acier cintré · Platine en laiton ou métal moulé ».",examen détaillé
à faire,faible,Variantes,WEIGHT_MISSING,artek-wall-light-a330s-eu,Applique A330S,,,Poids d'expédition à 0 kg sur les 4 variantes.,Dossier : weightKg = 0 pour chaque variante.,Saisir le poids colis réel (fiche transporteur/fournisseur) sur chaque variante.,examen détaillé
corrigé,faible,Tags,EN_MODEL_TAGS,artek-wall-light-a910,Applique A910,,,Tags anglais/références fournisseur : wall-light-a910.,Shopify Admin (29 septembre 2026),"Retirer ces tags, sauf ceux utilisés par le méga-menu (stool-60).",contrôle automatique
corrigé,faible,Photos,ALT_GENERIC,artek-wall-light-a910,Applique A910,,,4 photos de galerie avec le même alt générique « Applique A910 — Artek ».,Shopify Admin (29 septembre 2026),"Écrire un alt décrivant la scène (produit, finition, pièce).",contrôle automatique
corrigé,faible,Tags,DECADE_TAG_MISSING,artek-wall-light-a910,Applique A910,,,Pas de tag de décennie (Artek : années 1990).,https://www.artek.fi/en/products/wall-light-a910.,"Ajouter « annees-1990 » ; custom.year peut rester vide (Artek ne donne qu'une décennie).",examen détaillé
corrigé,faible,Métachamps,DIMENSIONS_VALUES,artek-wall-light-a910,Applique A910,,,Dimensions et matière absentes (constats auto) : valeurs Artek disponibles.,Dessin coté https://www.artek.fi/en/products/wall-light-a910 (28 / 19 / 21).,"custom.dimensions = « L 28 × P 19 × H 21 cm · Câble : 250 cm » ; custom.material = « Abat-jour à lamelles d'acier rivetées à la main, laqué blanc ».",examen détaillé
à faire,faible,Variantes,WEIGHT_MISSING,artek-wall-light-a910,Applique A910,,,Poids d'expédition à 0 kg sur la variante.,Dossier : weightKg = 0 pour chaque variante.,Saisir le poids colis réel (fiche transporteur/fournisseur) sur chaque variante.,examen détaillé
corrigé,faible,Tags,DECADE_MISSING,artek-wall-shelf-112,Étagère murale 112,,,Pas de tag de décennie (année 1936).,Shopify Admin (29 septembre 2026),Ajouter le tag de décennie.,contrôle automatique
corrigé,faible,Tags,EN_MODEL_TAGS,artek-wall-shelf-112,Étagère murale 112,,,Tags anglais/références fournisseur : wall-shelf-112.,Shopify Admin (29 septembre 2026),"Retirer ces tags, sauf ceux utilisés par le méga-menu (stool-60).",contrôle automatique
corrigé,faible,Tags,CODE_TAGS,artek-wall-shelf-112,Étagère murale 112,,,"Tags de référence : 112b-90-x-25-cm, 112b-laque-blanc-90-x-25-cm, 112b-laque-noir-90-x-25-cm.",Shopify Admin (29 septembre 2026),,contrôle automatique
à faire,faible,Tags,FINISH_NOT_TAGGED,artek-wall-shelf-112,Étagère murale 112,,,"Finitions proposées sans tag : laque-blanc, laque-noir.",Shopify Admin (29 septembre 2026),"Ajouter les tags de finition manquants, ou supprimer tous les tags de finition si le filtrage se fait par variante.",contrôle automatique
corrigé,faible,Photos,ALT_GENERIC,artek-wall-shelf-112,Étagère murale 112,,,3 photos de galerie avec le même alt générique « Étagère murale 112 — Artek ».,Shopify Admin (29 septembre 2026),"Écrire un alt décrivant la scène (produit, finition, pièce).",contrôle automatique
à faire,faible,Titre,CODE_MISSING,artek-wall-shelf-112,Étagère murale 112,,,"Le modèle vendu est la 112B (profondeur 25 cm) ; le titre dit seulement « 112 », alors que les tags parlent de 112b.","artek.fi : « Buy Wall Shelf 112B », variantes « Wall Shelf 112B » ; tags 112b-90-x-25-cm",Titre « Étagère murale 112B » (ou mentionner 112B dans la description et les dimensions).,examen détaillé
corrigé,faible,Métachamps,DIMENSIONS_HEIGHT,artek-wall-shelf-112,Étagère murale 112,,,custom.dimensions « 90 × 25 cm » sans hauteur.,Factsheet https://www.artek.fi/downloads/Wall-Shelf-112-Factsheet-1845525.pdf : 112B 90 / 25 / 25,« L 90 × P 25 × H 25 cm ».,examen détaillé
corrigé,faible,Photos,ALT_GALLERY,artek-wall-shelf-112,Étagère murale 112,,"#2, #3, #4","Alts de galerie génériques ; #4 montre la version laquée blanche en situation.",sheet #4 fichier Wall-Shelf-112B-white-lacquered_web.jpg,"#2 « Étagères 112 bouleau naturel dans une cuisine », #3 « Étagères 112 bouleau naturel, bureaux Artek Helsinki », #4 « Étagères 112 laquées blanc avec céramiques ».",examen détaillé
corrigé,faible,Tags,TAG_CLEANUP,artek-wall-shelf-112,Étagère murale 112,,,"Tags 112b-90-x-25-cm, 112b-laque-blanc-90-x-25-cm, 112b-laque-noir-90-x-25-cm et wall-shelf-112 inutiles ; manquent annees-1930, bouleau, laque-blanc, laque-noir, verni-naturel.",dossier tags,"Supprimer les 4 tags de référence ; ajouter annees-1930, bouleau, verni-naturel, laque-blanc, laque-noir.",examen détaillé
à faire,faible,Variantes,WEIGHT_MISSING,artek-wall-shelf-112,Étagère murale 112,,,Poids d'expédition à 0 kg sur toutes les variantes.,dossier : weightKg = 0 pour chaque variante,Renseigner le poids d'expédition réel de chaque variante (fiche transporteur Artek).,examen détaillé
corrigé,faible,Tags,EN_MODEL_TAGS,artek-webbing,Sangle en lin (au mètre),,,Tags anglais/références fournisseur : webbing.,Shopify Admin (29 septembre 2026),"Retirer ces tags, sauf ceux utilisés par le méga-menu (stool-60).",contrôle automatique
corrigé,faible,Photos,ALT_GENERIC,artek-webbing,Sangle en lin (au mètre),,,2 photos de galerie avec le même alt générique « Sangle en lin (au mètre) — Artek ».,Shopify Admin (29 septembre 2026),"Écrire un alt décrivant la scène (produit, finition, pièce).",contrôle automatique
à faire,faible,Tags,TAG_DESIGNER_EN,artek-webbing,Sangle en lin (au mètre),,,Tags « alvar-aalto » (créateur inexact pour un matériau) et « webbing » (anglais).,Tags Admin,"Retirer webbing ; remplacer alvar-aalto par un lien éditorial « pour mobilier Aalto » si voulu.",examen détaillé
à faire,faible,Métachamps,NO_DESIGNER,artek-zebra-cushion-cover,Housse de coussin Zebra,,,custom.designer vide : pas de créateur sur la fiche ni de lien créateur.,Shopify Admin (29 septembre 2026),Renseigner custom.designer (voir reference-artek.csv) ou laisser vide si Artek ne crédite personne.,contrôle automatique
corrigé,faible,Tags,EN_MODEL_TAGS,artek-zebra-cushion-cover,Housse de coussin Zebra,,,Tags anglais/références fournisseur : zebra-cushion-cover.,Shopify Admin (29 septembre 2026),"Retirer ces tags, sauf ceux utilisés par le méga-menu (stool-60).",contrôle automatique
corrigé,faible,Photos,ALT_GENERIC,artek-zebra-cushion-cover,Housse de coussin Zebra,,,3 photos de galerie avec le même alt générique « Housse de coussin Zebra — Artek ».,Shopify Admin (29 septembre 2026),"Écrire un alt décrivant la scène (produit, finition, pièce).",contrôle automatique
à faire,faible,Tags,TAG_DESIGNER,artek-zebra-cushion-cover,Housse de coussin Zebra,,,Tag aino-aalto : attribution de création inexacte.,"artek.fi/en/collections/zebra-collection : « Discovered by Aino Aalto on her travels through Europe … a zebra pattern she spotted in Style Clair, a Parisian department store » ; shop.artek.fi/products/zebra-fabric : créateur « Anonymous »",Voir correctif d'attribution.,examen détaillé
à faire,faible,Métachamps,NO_DESIGNER,artek-zebra-fabric,Tissu Zebra (au mètre),,,custom.designer vide : pas de créateur sur la fiche ni de lien créateur.,Shopify Admin (29 septembre 2026),Renseigner custom.designer (voir reference-artek.csv) ou laisser vide si Artek ne crédite personne.,contrôle automatique
corrigé,faible,Tags,EN_MODEL_TAGS,artek-zebra-fabric,Tissu Zebra (au mètre),,,Tags anglais/références fournisseur : zebra-fabric.,Shopify Admin (29 septembre 2026),"Retirer ces tags, sauf ceux utilisés par le méga-menu (stool-60).",contrôle automatique
corrigé,faible,Photos,ALT_GENERIC_VARIANT,artek-zebra-fabric,Tissu Zebra (au mètre),,,Alt « Tissu Zebra (au mètre) — Artek » sans coloris sur les deux photos.,"Planche #1, #2","« Tissu Zebra noir/blanc au mètre, laine vierge ».",examen détaillé
à faire,faible,Métachamps,NO_DESIGNER,artek-zebra-pouch,Pochette Zebra,,,custom.designer vide : pas de créateur sur la fiche ni de lien créateur.,Shopify Admin (29 septembre 2026),Renseigner custom.designer (voir reference-artek.csv) ou laisser vide si Artek ne crédite personne.,contrôle automatique
corrigé,faible,Tags,EN_MODEL_TAGS,artek-zebra-pouch,Pochette Zebra,,,Tags anglais/références fournisseur : zebra-pouch.,Shopify Admin (29 septembre 2026),"Retirer ces tags, sauf ceux utilisés par le méga-menu (stool-60).",contrôle automatique
corrigé,faible,Photos,ALT_GENERIC,artek-zebra-pouch,Pochette Zebra,,,2 photos de galerie avec le même alt générique « Pochette Zebra — Artek ».,Shopify Admin (29 septembre 2026),"Écrire un alt décrivant la scène (produit, finition, pièce).",contrôle automatique
à faire,faible,Variantes,SMALL_SIZE_UNVERIFIED,artek-zebra-pouch,Pochette Zebra,,,"« 25 × 17 cm » pour le petit modèle : Artek ne publie que la cote du grand (29,5 × 22) — à confirmer sur la fiche fournisseur.",artek.fi zebra-pouch (figure « Zebra Pouch large » 29.5 / 22 seulement),"Vérifier la cote du petit modèle ; renseigner custom.dimensions « Petit 25 × 17 cm — Grand 29,5 × 22 cm » après vérification.",examen détaillé
corrigé,faible,Photos,ALT_GENERIC_VARIANT,artek-zebra-pouch,Pochette Zebra,,,"Photos de variante #1 (25 × 17) et #3 (29,5 × 22) avec l'alt générique « Pochette Zebra — Artek ».","Planche #1, #3","« Pochette Zebra petit modèle 25 × 17 cm, noir/blanc » / « … grand modèle 29,5 × 22 cm ».",examen détaillé
à faire,faible,Métachamps,NO_DESIGNER,artek-zebra-seat-cushion,Coussin d'assise Zebra,,,custom.designer vide : pas de créateur sur la fiche ni de lien créateur.,Shopify Admin (29 septembre 2026),Renseigner custom.designer (voir reference-artek.csv) ou laisser vide si Artek ne crédite personne.,contrôle automatique
corrigé,faible,Tags,EN_MODEL_TAGS,artek-zebra-seat-cushion,Coussin d'assise Zebra,,,Tags anglais/références fournisseur : zebra-seat-cushion.,Shopify Admin (29 septembre 2026),"Retirer ces tags, sauf ceux utilisés par le méga-menu (stool-60).",contrôle automatique
corrigé,faible,Photos,ALT_GENERIC,artek-zebra-seat-cushion,Coussin d'assise Zebra,,,2 photos de galerie avec le même alt générique « Coussin d'assise Zebra — Artek ».,Shopify Admin (29 septembre 2026),"Écrire un alt décrivant la scène (produit, finition, pièce).",contrôle automatique
à faire,faible,Métachamps,DIM_DIAMETER,artek-zebra-seat-cushion,Coussin d'assise Zebra,,,custom.dimensions « 34 cm » : il s'agit d'un diamètre.,"artek.fi zebra-seat-cushion (figure 34 / 34, coussin rond)",« Ø 34 cm ».,examen détaillé
corrigé,faible,Métachamps,MATERIAL_PRECISE,artek-zebra-seat-cushion,Coussin d'assise Zebra,,,« Laine mélangée » : composition exacte connue.,"artek.fi : « 58% virgin wool, 36% cotton, 6% polyester »","custom.material « 58 % laine vierge, 36 % coton, 6 % polyester ».",examen détaillé
corrigé,faible,Photos,ALT_GENERIC_VARIANT,artek-zebra-seat-cushion,Coussin d'assise Zebra,,,Alt de la photo principale « Coussin d'assise Zebra — Artek » sans coloris.,Planche #1,"« Coussin d'assise Zebra rond Ø 34 cm, noir/blanc ».",examen détaillé
à faire,faible,Métachamps,NO_DESIGNER,artek-zebra-tote-bag,Sac cabas Zebra,,,custom.designer vide : pas de créateur sur la fiche ni de lien créateur.,Shopify Admin (29 septembre 2026),Renseigner custom.designer (voir reference-artek.csv) ou laisser vide si Artek ne crédite personne.,contrôle automatique
corrigé,faible,Tags,EN_MODEL_TAGS,artek-zebra-tote-bag,Sac cabas Zebra,,,Tags anglais/références fournisseur : zebra-tote-bag.,Shopify Admin (29 septembre 2026),"Retirer ces tags, sauf ceux utilisés par le méga-menu (stool-60).",contrôle automatique
corrigé,faible,Photos,ALT_GENERIC,artek-zebra-tote-bag,Sac cabas Zebra,,,2 photos de galerie avec le même alt générique « Sac cabas Zebra — Artek ».,Shopify Admin (29 septembre 2026),"Écrire un alt décrivant la scène (produit, finition, pièce).",contrôle automatique
corrigé,faible,Photos,ALT_GENERIC_VARIANT,artek-zebra-tote-bag,Sac cabas Zebra,,,Alt de la photo principale « Sac cabas Zebra — Artek » sans coloris.,Planche #1,"« Sac cabas Zebra noir/blanc, anses cuir noir ».",examen détaillé
à faire,faible,Canaux,NOT_ON_META,cache-pot-riihitie-20-5-x-16-cm,Cache-pot Riihitie 21 × 16 cm,,,Absente du catalogue Facebook & Instagram (117/160 fiches actives y sont).,Shopify Admin (29 septembre 2026),Publier sur Facebook & Instagram si souhaité.,contrôle automatique
à faire,faible,Handle,HANDLE_PREFIX,cache-pot-riihitie-20-5-x-16-cm,Cache-pot Riihitie 21 × 16 cm,,,Handle sans le préfixe « artek- » utilisé par les 140 autres fiches (cache-pot-riihitie-20-5-x-16-cm). Ne pas renommer sans redirection.,Shopify Admin (29 septembre 2026),,contrôle automatique
à faire,faible,Métachamps,YEAR_IN_DESC,cache-pot-riihitie-20-5-x-16-cm,Cache-pot Riihitie 21 × 16 cm,,,Année 1937 présente dans la description mais pas dans custom.year.,Shopify Admin (29 septembre 2026),Reporter l’année dans custom.year après vérification.,contrôle automatique
à faire,faible,Photos,LOW_RES,cache-pot-riihitie-20-5-x-16-cm,Cache-pot Riihitie 21 × 16 cm,,,Image basse définition 995×995 (galerie) : artek-riihitie-plant-pot-a-small-white-interior.jpg.,Shopify Admin (29 septembre 2026),Remplacer par l’original haute définition (≥ 1 500 px).,contrôle automatique
corrigé,faible,Photos,ALT_GENERIC,cache-pot-riihitie-20-5-x-16-cm,Cache-pot Riihitie 21 × 16 cm,,,7 photos de galerie avec le même alt générique « Cache-pot Riihitie 21 × 16 cm — Artek ».,Shopify Admin (29 septembre 2026),"Écrire un alt décrivant la scène (produit, finition, pièce).",contrôle automatique
corrigé,faible,Description,DESC_GENERIC,cache-pot-riihitie-20-5-x-16-cm,Cache-pot Riihitie 21 × 16 cm,,,"Le texte (identique sur les trois tailles) annonce « deux formes (A et B) et trois tailles », mais la fiche moyenne n'a que la forme B et la grande que la forme A. Il dit aussi que les couleurs viennent des carreaux de Muuratsalo, alors qu'Artek parle de carreaux créés « pour plusieurs bâtiments d'Aalto » (à confirmer).","description ; artek.fi : « the specific shades are sourced from bespoke ceramic tiles created for several Aalto buildings »","Adapter le texte à la taille vendue et reprendre la formulation d'Artek sur l'origine des couleurs. Ajouter « sans trou de drainage, usage intérieur ».",examen détaillé
à faire,faible,Photos,PRINCIPAL_SCALE,cache-pot-riihitie-20-5-x-16-cm,Cache-pot Riihitie 21 × 16 cm,,,"La principale #1 (PNG 642 px, forme A blanche) est cadrée bien plus serré que les autres packshots (#9 à #13). La taille du pot semble différente d'une carte à l'autre.","planche : #1 remplit le cadre, #9 à #13 occupent environ 40 %","Remplacer #1 par le packshot Artek « A small white » en 1200 px, cadré comme les autres.",examen détaillé
corrigé,faible,Photos,ALT_FORMAT,cache-pot-riihitie-20-5-x-16-cm,Cache-pot Riihitie 21 × 16 cm,,,"Les alts de variantes ne suivent pas tous le même format : « — A / Blanc » (#1, #9, #10) contre « — Forme B, Blanc » (#11 à #13). Les alts de galerie sont génériques (constat automatique).","alts #1, #9, #10 contre #11 à #13","Uniformiser : « Cache-pot Riihitie petit, forme A, glaçure bleue ».",examen détaillé
à faire,faible,Variantes,WEIGHT_MISSING,cache-pot-riihitie-20-5-x-16-cm,Cache-pot Riihitie 21 × 16 cm,,,Aucun poids d'expédition sur les variantes (weightKg = 0).,dossier : weightKg 0 sur toutes les variantes,Renseigner le poids d'expédition de chaque variante.,examen détaillé
à faire,faible,Canaux,NOT_ON_META,cache-pot-riihitie-28-x-23-cm,Cache-pot Riihitie 28 × 23 cm,,,Absente du catalogue Facebook & Instagram (117/160 fiches actives y sont).,Shopify Admin (29 septembre 2026),Publier sur Facebook & Instagram si souhaité.,contrôle automatique
à faire,faible,Handle,HANDLE_PREFIX,cache-pot-riihitie-28-x-23-cm,Cache-pot Riihitie 28 × 23 cm,,,Handle sans le préfixe « artek- » utilisé par les 140 autres fiches (cache-pot-riihitie-28-x-23-cm). Ne pas renommer sans redirection.,Shopify Admin (29 septembre 2026),,contrôle automatique
à faire,faible,Métachamps,YEAR_IN_DESC,cache-pot-riihitie-28-x-23-cm,Cache-pot Riihitie 28 × 23 cm,,,Année 1937 présente dans la description mais pas dans custom.year.,Shopify Admin (29 septembre 2026),Reporter l’année dans custom.year après vérification.,contrôle automatique
corrigé,faible,Photos,ALT_GENERIC,cache-pot-riihitie-28-x-23-cm,Cache-pot Riihitie 28 × 23 cm,,,3 photos de galerie avec le même alt générique « Cache-pot Riihitie 28 × 23 cm — Artek ».,Shopify Admin (29 septembre 2026),"Écrire un alt décrivant la scène (produit, finition, pièce).",contrôle automatique
corrigé,faible,Description,DESC_GENERIC,cache-pot-riihitie-28-x-23-cm,Cache-pot Riihitie 28 × 23 cm,,,"Le texte (identique sur les trois tailles) annonce « deux formes (A et B) et trois tailles », mais la fiche moyenne n'a que la forme B et la grande que la forme A. Il dit aussi que les couleurs viennent des carreaux de Muuratsalo, alors qu'Artek parle de carreaux créés « pour plusieurs bâtiments d'Aalto » (à confirmer).",description identique aux deux autres tailles,Indiquer que la taille moyenne n'existe qu'en forme B.,examen détaillé
à faire,faible,Variantes,SINGLE_VALUE_OPTION,cache-pot-riihitie-28-x-23-cm,Cache-pot Riihitie 28 × 23 cm,,,L'option « Forme » n'a qu'une valeur (B) : un sélecteur sans choix est affiché. Le titre ne mentionne pas la forme.,options : Forme = B,Supprimer l'option Forme et écrire « Cache-pot Riihitie B moyen 28 × 23 cm » dans le titre.,examen détaillé
à faire,faible,Variantes,WEIGHT_MISSING,cache-pot-riihitie-28-x-23-cm,Cache-pot Riihitie 28 × 23 cm,,,Aucun poids d'expédition sur les variantes (weightKg = 0).,dossier : weightKg 0 sur toutes les variantes,Renseigner le poids d'expédition de chaque variante.,examen détaillé
à faire,faible,Canaux,NOT_ON_META,cache-pot-riihitie-40-x-27-cm,Cache-pot Riihitie 40 × 27 cm,,,Absente du catalogue Facebook & Instagram (117/160 fiches actives y sont).,Shopify Admin (29 septembre 2026),Publier sur Facebook & Instagram si souhaité.,contrôle automatique
à faire,faible,Handle,HANDLE_PREFIX,cache-pot-riihitie-40-x-27-cm,Cache-pot Riihitie 40 × 27 cm,,,Handle sans le préfixe « artek- » utilisé par les 140 autres fiches (cache-pot-riihitie-40-x-27-cm). Ne pas renommer sans redirection.,Shopify Admin (29 septembre 2026),,contrôle automatique
à faire,faible,Métachamps,YEAR_IN_DESC,cache-pot-riihitie-40-x-27-cm,Cache-pot Riihitie 40 × 27 cm,,,Année 1937 présente dans la description mais pas dans custom.year.,Shopify Admin (29 septembre 2026),Reporter l’année dans custom.year après vérification.,contrôle automatique
à faire,faible,Photos,LOW_RES,cache-pot-riihitie-40-x-27-cm,Cache-pot Riihitie 40 × 27 cm,,,Image basse définition 995×995 (galerie) : artek-riihitie-plant-pot-a-large-white-bench-153a-slatted-top-interior.jpg.,Shopify Admin (29 septembre 2026),Remplacer par l’original haute définition (≥ 1 500 px).,contrôle automatique
corrigé,faible,Photos,ALT_GENERIC,cache-pot-riihitie-40-x-27-cm,Cache-pot Riihitie 40 × 27 cm,,,3 photos de galerie avec le même alt générique « Cache-pot Riihitie 40 × 27 cm — Artek ».,Shopify Admin (29 septembre 2026),"Écrire un alt décrivant la scène (produit, finition, pièce).",contrôle automatique
corrigé,faible,Description,DESC_GENERIC,cache-pot-riihitie-40-x-27-cm,Cache-pot Riihitie 40 × 27 cm,,,"Le texte (identique sur les trois tailles) annonce « deux formes (A et B) et trois tailles », mais la fiche moyenne n'a que la forme B et la grande que la forme A. Il dit aussi que les couleurs viennent des carreaux de Muuratsalo, alors qu'Artek parle de carreaux créés « pour plusieurs bâtiments d'Aalto » (à confirmer).",description identique aux deux autres tailles,Indiquer que la grande taille n'existe qu'en forme A.,examen détaillé
à faire,faible,Variantes,SINGLE_VALUE_OPTION,cache-pot-riihitie-40-x-27-cm,Cache-pot Riihitie 40 × 27 cm,,,L'option « Forme » n'a qu'une valeur (A).,options : Forme = A,Supprimer l'option et mettre la forme dans le titre.,examen détaillé
à faire,faible,Variantes,WEIGHT_MISSING,cache-pot-riihitie-40-x-27-cm,Cache-pot Riihitie 40 × 27 cm,,,Aucun poids d'expédition sur les variantes (weightKg = 0).,dossier : weightKg 0 sur toutes les variantes,Renseigner le poids d'expédition de chaque variante.,examen détaillé
à faire,faible,Canaux,NOT_ON_META,chaise-de-bar-64-h65,Chaise de bar 64 H65,,,Absente du catalogue Facebook & Instagram (117/160 fiches actives y sont).,Shopify Admin (29 septembre 2026),Publier sur Facebook & Instagram si souhaité.,contrôle automatique
à faire,faible,Handle,HANDLE_PREFIX,chaise-de-bar-64-h65,Chaise de bar 64 H65,,,Handle sans le préfixe « artek- » utilisé par les 140 autres fiches (chaise-de-bar-64-h65). Ne pas renommer sans redirection.,Shopify Admin (29 septembre 2026),,contrôle automatique
corrigé,faible,Tags,EN_MODEL_TAGS,chaise-de-bar-64-h65,Chaise de bar 64 H65,,,Tags anglais/références fournisseur : bar-stool-64.,Shopify Admin (29 septembre 2026),"Retirer ces tags, sauf ceux utilisés par le méga-menu (stool-60).",contrôle automatique
à faire,faible,Tags,FINISH_NOT_TAGGED,chaise-de-bar-64-h65,Chaise de bar 64 H65,,,"Finitions proposées sans tag : laque-blanc, laque-noir, lamifie-blanc, linoleum-noir.",Shopify Admin (29 septembre 2026),"Ajouter les tags de finition manquants, ou supprimer tous les tags de finition si le filtrage se fait par variante.",contrôle automatique
à faire,faible,Description,DESC_NO_DESIGNER,chaise-de-bar-64-h65,Chaise de bar 64 H65,,,La description ne nomme pas le créateur (Alvar Aalto).,Shopify Admin (29 septembre 2026),,contrôle automatique
corrigé,faible,Métachamps,DIMENSIONS_VALUE,chaise-de-bar-64-h65,Chaise de bar 64 H65,,,"custom.dimensions ne donne que la hauteur d'assise ; Artek donne aussi l'encombrement au sol. Année absente.","cotes lues dans les identifiants « number_* » du schéma SVG « Materials and Dimensions » de la page artek.fi (bar-stool-64) : H65 → encombrement 52 ; H75 → encombrement 54,5 ; artek.fi « Alvar Aalto, 1935 » (fiche PDF https://www.artek.fi/downloads/Bar-Stool-64-High-Chair-K65-Factsheet-1848397.pdf : 1934)","custom.dimensions = « Hauteur d'assise 65 cm, encombrement Ø 52 cm » ; custom.year = 1935 ; custom.origin = « Fabriqué en Finlande ».",examen détaillé
à faire,faible,Prix,SAME_PRICE_TWO_HEIGHTS,chaise-de-bar-64-h65,Chaise de bar 64 H65,,,Les versions H65 et H75 ont des prix et coûts identiques dans toutes les finitions. C'est plausible (mêmes composants) mais à confirmer.,chaise-de-bar-64-h65 et -h75 : 627 / 658 / 658 / 682 / 682 €,Vérifier le tarif fournisseur des deux hauteurs.,examen détaillé
à faire,faible,Classement,SITE_CATEGORY_OBJETS,chaise-de-bar-64-h65,Chaise de bar 64 H65,,,"L'API du site classe ce produit en « objets » (type « Chaise de bar » absent de CATEGORY_MAP). Vérification du 29 septembre : ce champ « category » de l'API n'est lu par aucune page ni aucun filtre (familles, sous-catégories et filtre Catégorie reposent sur les collections) ; aucun effet visible aujourd'hui, correction de code à faire par hygiène.","site.json api.category = « objets », sous-catégorie vide ; lib/shopify/product-mapper.js",Passer le type à « Tabouret de bar » et ajouter les types bar à CATEGORY_MAP.assises.,examen détaillé
partiellement corrigé,faible,Tags,TAG_WRONG,chaise-de-bar-64-h65,Chaise de bar 64 H65,,,"Le tag « chaise-de-bar » est faux (tabouret sans dossier) ; « salon » est hors sujet ; il manque « annees-1930 ».",Tags du dossier,"Retirer « chaise-de-bar » et « salon » ; ajouter « annees-1930 » et « repose-pieds ».",examen détaillé
à faire,faible,Variantes,NO_SHIPPING_WEIGHT,chaise-de-bar-64-h65,Chaise de bar 64 H65,,,Aucun poids d'expédition (0 kg sur les 5 variantes).,Variantes : weight 0 KILOGRAMS,Renseigner le poids.,examen détaillé
corrigé,faible,Photos,ALT_GALLERY_UNINFORMATIVE,chaise-de-bar-64-h65,Chaise de bar 64 H65,,#2,La galerie #2 (tabouret 64 laqué noir dans une entrée) a l'alt générique « — Artek ».,Photo #2,Alt : « Tabouret de bar 64 laqué noir en situation ».,examen détaillé
à faire,faible,Canaux,NOT_ON_META,chaise-de-bar-64-h75,Chaise de bar 64 H75,,,Absente du catalogue Facebook & Instagram (117/160 fiches actives y sont).,Shopify Admin (29 septembre 2026),Publier sur Facebook & Instagram si souhaité.,contrôle automatique
à faire,faible,Handle,HANDLE_PREFIX,chaise-de-bar-64-h75,Chaise de bar 64 H75,,,Handle sans le préfixe « artek- » utilisé par les 140 autres fiches (chaise-de-bar-64-h75). Ne pas renommer sans redirection.,Shopify Admin (29 septembre 2026),,contrôle automatique
corrigé,faible,Tags,EN_MODEL_TAGS,chaise-de-bar-64-h75,Chaise de bar 64 H75,,,Tags anglais/références fournisseur : bar-stool-64.,Shopify Admin (29 septembre 2026),"Retirer ces tags, sauf ceux utilisés par le méga-menu (stool-60).",contrôle automatique
à faire,faible,Tags,FINISH_NOT_TAGGED,chaise-de-bar-64-h75,Chaise de bar 64 H75,,,"Finitions proposées sans tag : laque-blanc, laque-noir, lamifie-blanc, linoleum-noir.",Shopify Admin (29 septembre 2026),"Ajouter les tags de finition manquants, ou supprimer tous les tags de finition si le filtrage se fait par variante.",contrôle automatique
à faire,faible,Description,DESC_NO_DESIGNER,chaise-de-bar-64-h75,Chaise de bar 64 H75,,,La description ne nomme pas le créateur (Alvar Aalto).,Shopify Admin (29 septembre 2026),,contrôle automatique
corrigé,faible,Métachamps,DIMENSIONS_VALUE,chaise-de-bar-64-h75,Chaise de bar 64 H75,,,"custom.dimensions ne donne que la hauteur d'assise ; Artek donne aussi l'encombrement au sol. Année absente.","cotes lues dans les identifiants « number_* » du schéma SVG « Materials and Dimensions » de la page artek.fi (bar-stool-64) : H65 → encombrement 52 ; H75 → encombrement 54,5 ; artek.fi « Alvar Aalto, 1935 » (fiche PDF https://www.artek.fi/downloads/Bar-Stool-64-High-Chair-K65-Factsheet-1848397.pdf : 1934)","custom.dimensions = « Hauteur d'assise 75 cm, encombrement Ø 54,5 cm » ; custom.year = 1935 ; custom.origin = « Fabriqué en Finlande ».",examen détaillé
à faire,faible,Prix,SAME_PRICE_TWO_HEIGHTS,chaise-de-bar-64-h75,Chaise de bar 64 H75,,,Les versions H65 et H75 ont des prix et coûts identiques dans toutes les finitions. C'est plausible (mêmes composants) mais à confirmer.,chaise-de-bar-64-h65 et -h75 : 627 / 658 / 658 / 682 / 682 €,Vérifier le tarif fournisseur des deux hauteurs.,examen détaillé
à faire,faible,Classement,SITE_CATEGORY_OBJETS,chaise-de-bar-64-h75,Chaise de bar 64 H75,,,"L'API du site classe ce produit en « objets » (type « Chaise de bar » absent de CATEGORY_MAP). Vérification du 29 septembre : ce champ « category » de l'API n'est lu par aucune page ni aucun filtre (familles, sous-catégories et filtre Catégorie reposent sur les collections) ; aucun effet visible aujourd'hui, correction de code à faire par hygiène.","site.json api.category = « objets », sous-catégorie vide ; lib/shopify/product-mapper.js",Passer le type à « Tabouret de bar » et ajouter les types bar à CATEGORY_MAP.assises.,examen détaillé
partiellement corrigé,faible,Tags,TAG_WRONG,chaise-de-bar-64-h75,Chaise de bar 64 H75,,,"Le tag « chaise-de-bar » est faux (tabouret sans dossier) ; « salon » est hors sujet ; il manque « annees-1930 ».",Tags du dossier,"Retirer « chaise-de-bar » et « salon » ; ajouter « annees-1930 » et « repose-pieds ».",examen détaillé
à faire,faible,Variantes,NO_SHIPPING_WEIGHT,chaise-de-bar-64-h75,Chaise de bar 64 H75,,,Aucun poids d'expédition (0 kg sur les 5 variantes).,Variantes : weight 0 KILOGRAMS,Renseigner le poids.,examen détaillé
corrigé,faible,Photos,ALT_GALLERY_UNINFORMATIVE,chaise-de-bar-64-h75,Chaise de bar 64 H75,,#2,La galerie #2 (tabouret 64 laqué noir dans une entrée) a l'alt générique « — Artek ».,Photo #2,Alt : « Tabouret de bar 64 laqué noir en situation ».,examen détaillé
à faire,faible,Canaux,NOT_ON_META,chaise-de-bar-atelier-h65,Chaise de bar Atelier H65,,,Absente du catalogue Facebook & Instagram (117/160 fiches actives y sont).,Shopify Admin (29 septembre 2026),Publier sur Facebook & Instagram si souhaité.,contrôle automatique
à faire,faible,Handle,HANDLE_PREFIX,chaise-de-bar-atelier-h65,Chaise de bar Atelier H65,,,Handle sans le préfixe « artek- » utilisé par les 140 autres fiches (chaise-de-bar-atelier-h65). Ne pas renommer sans redirection.,Shopify Admin (29 septembre 2026),,contrôle automatique
corrigé,faible,Classement,BARCHAIR_NOT_STOOLS,chaise-de-bar-atelier-h65,Chaise de bar Atelier H65,,,"Chaise de bar hors « Tabourets et bancs », alors que le Tabouret de bar Rocket et les tabourets y sont.",Shopify Admin (29 septembre 2026),,contrôle automatique
corrigé,faible,Tags,EN_MODEL_TAGS,chaise-de-bar-atelier-h65,Chaise de bar Atelier H65,,,Tags anglais/références fournisseur : atelier-bar-stool.,Shopify Admin (29 septembre 2026),"Retirer ces tags, sauf ceux utilisés par le méga-menu (stool-60).",contrôle automatique
à faire,faible,Tags,FINISH_NOT_TAGGED,chaise-de-bar-atelier-h65,Chaise de bar Atelier H65,,,"Finitions proposées sans tag : laque-noir, laque-vert, laque-rouge.",Shopify Admin (29 septembre 2026),"Ajouter les tags de finition manquants, ou supprimer tous les tags de finition si le filtrage se fait par variante.",contrôle automatique
à faire,faible,Description,DESC_NO_DESIGNER,chaise-de-bar-atelier-h65,Chaise de bar Atelier H65,,,La description ne nomme pas le créateur (TAF Studio).,Shopify Admin (29 septembre 2026),,contrôle automatique
corrigé,faible,Photos,ALT_GENERIC,chaise-de-bar-atelier-h65,Chaise de bar Atelier H65,,,4 photos de galerie avec le même alt générique « Chaise de bar Atelier H65 — Artek ».,Shopify Admin (29 septembre 2026),"Écrire un alt décrivant la scène (produit, finition, pièce).",contrôle automatique
à faire,faible,Description,DESC_HEIGHT_VALUE,chaise-de-bar-atelier-h65,Chaise de bar Atelier H65,,,La description dit « la version basse » sans donner la hauteur ni l'usage (comptoir de cuisine).,"Description ; artek.fi : « two seat heights, suitable for counter or bar »","« …dont voici la version basse (65 cm), pour plan de travail de cuisine. »",examen détaillé
à faire,faible,Site,CATEGORY_OBJETS,chaise-de-bar-atelier-h65,Chaise de bar Atelier H65,,,"L'API du site classe ce produit en « objets » : le type « chaise de bar » n'existe pas dans CATEGORY_MAP. Vérification du 29 septembre : ce champ « category » de l'API n'est lu par aucune page ni aucun filtre (familles, sous-catégories et filtre Catégorie reposent sur les collections) ; aucun effet visible aujourd'hui, correction de code à faire par hygiène.","site.json api.category = « objets » ; lib/shopify/product-mapper.js",Passer au type « Tabouret » ou ajouter le type à CATEGORY_MAP.assises.,examen détaillé
partiellement corrigé,faible,Tags,TAGS,chaise-de-bar-atelier-h65,Chaise de bar Atelier H65,,,"Manquent frene, chene, laque-noir, laque-rouge, laque-vert, annees-2020, tabouret ; « scandinave » discutable (studio suédois mais fabrication italienne) ; « salon » peu pertinent pour un tabouret de bar.",Tags du dossier,"Ajouter les essences et laques, annees-2020, tabouret.",examen détaillé
corrigé,faible,Variantes,LABEL_NATURAL,chaise-de-bar-atelier-h65,Chaise de bar Atelier H65,,,"« Hêtre », « Frêne », « Chêne » sans mention du vernis naturel ; « laqué rouge foncé » alors qu'Artek dit « red lacquer » pour le tabouret.","artek.fi : « Solid beech, natural lacquer » ; « Solid beech, red lacquer »","« Hêtre verni naturel » etc. ; « Hêtre / laqué rouge ».",examen détaillé
à faire,faible,Variantes,NO_WEIGHT,chaise-de-bar-atelier-h65,Chaise de bar Atelier H65,,,Poids d'expédition à 0 sur les 6 variantes.,dossier : weightKg = 0 pour chaque variante,Renseigner le poids d'expédition réel (fiche transporteur Artek) sur chaque variante.,examen détaillé
à faire,faible,Canaux,NOT_ON_META,chaise-de-bar-atelier-h75,Chaise de bar Atelier H75,,,Absente du catalogue Facebook & Instagram (117/160 fiches actives y sont).,Shopify Admin (29 septembre 2026),Publier sur Facebook & Instagram si souhaité.,contrôle automatique
à faire,faible,Handle,HANDLE_PREFIX,chaise-de-bar-atelier-h75,Chaise de bar Atelier H75,,,Handle sans le préfixe « artek- » utilisé par les 140 autres fiches (chaise-de-bar-atelier-h75). Ne pas renommer sans redirection.,Shopify Admin (29 septembre 2026),,contrôle automatique
corrigé,faible,Classement,BARCHAIR_NOT_STOOLS,chaise-de-bar-atelier-h75,Chaise de bar Atelier H75,,,"Chaise de bar hors « Tabourets et bancs », alors que le Tabouret de bar Rocket et les tabourets y sont.",Shopify Admin (29 septembre 2026),,contrôle automatique
corrigé,faible,Tags,EN_MODEL_TAGS,chaise-de-bar-atelier-h75,Chaise de bar Atelier H75,,,Tags anglais/références fournisseur : atelier-bar-stool.,Shopify Admin (29 septembre 2026),"Retirer ces tags, sauf ceux utilisés par le méga-menu (stool-60).",contrôle automatique
à faire,faible,Tags,FINISH_NOT_TAGGED,chaise-de-bar-atelier-h75,Chaise de bar Atelier H75,,,"Finitions proposées sans tag : laque-noir, laque-vert, laque-rouge.",Shopify Admin (29 septembre 2026),"Ajouter les tags de finition manquants, ou supprimer tous les tags de finition si le filtrage se fait par variante.",contrôle automatique
à faire,faible,Description,DESC_NO_DESIGNER,chaise-de-bar-atelier-h75,Chaise de bar Atelier H75,,,La description ne nomme pas le créateur (TAF Studio).,Shopify Admin (29 septembre 2026),,contrôle automatique
corrigé,faible,Photos,ALT_GENERIC,chaise-de-bar-atelier-h75,Chaise de bar Atelier H75,,,4 photos de galerie avec le même alt générique « Chaise de bar Atelier H75 — Artek ».,Shopify Admin (29 septembre 2026),"Écrire un alt décrivant la scène (produit, finition, pièce).",contrôle automatique
à faire,faible,Site,CATEGORY_OBJETS,chaise-de-bar-atelier-h75,Chaise de bar Atelier H75,,,"L'API du site classe ce produit en « objets » : le type « chaise de bar » n'existe pas dans CATEGORY_MAP. Vérification du 29 septembre : ce champ « category » de l'API n'est lu par aucune page ni aucun filtre (familles, sous-catégories et filtre Catégorie reposent sur les collections) ; aucun effet visible aujourd'hui, correction de code à faire par hygiène.","site.json api.category = « objets » ; lib/shopify/product-mapper.js",Passer au type « Tabouret » ou ajouter le type à CATEGORY_MAP.assises.,examen détaillé
partiellement corrigé,faible,Tags,TAGS,chaise-de-bar-atelier-h75,Chaise de bar Atelier H75,,,"Manquent frene, chene, laque-noir, laque-rouge, laque-vert, annees-2020, tabouret ; « scandinave » discutable (studio suédois mais fabrication italienne) ; « salon » peu pertinent pour un tabouret de bar.",Tags du dossier,"Ajouter les essences et laques, annees-2020, tabouret.",examen détaillé
corrigé,faible,Variantes,LABEL_NATURAL,chaise-de-bar-atelier-h75,Chaise de bar Atelier H75,,,"« Hêtre », « Frêne », « Chêne » sans mention du vernis naturel ; « laqué rouge foncé » alors qu'Artek dit « red lacquer » pour le tabouret.","artek.fi : « Solid beech, natural lacquer » ; « Solid beech, red lacquer »","« Hêtre verni naturel » etc. ; « Hêtre / laqué rouge ».",examen détaillé
à faire,faible,Variantes,NO_WEIGHT,chaise-de-bar-atelier-h75,Chaise de bar Atelier H75,,,Poids d'expédition à 0 sur les 6 variantes.,dossier : weightKg = 0 pour chaque variante,Renseigner le poids d'expédition réel (fiche transporteur Artek) sur chaque variante.,examen détaillé
à faire,faible,Canaux,NOT_ON_META,table-basse-kiki-100-x-60-cm,Table basse Kiki 100 × 60 cm,,,Absente du catalogue Facebook & Instagram (117/160 fiches actives y sont).,Shopify Admin (29 septembre 2026),Publier sur Facebook & Instagram si souhaité.,contrôle automatique
à faire,faible,Handle,HANDLE_PREFIX,table-basse-kiki-100-x-60-cm,Table basse Kiki 100 × 60 cm,,,Handle sans le préfixe « artek- » utilisé par les 140 autres fiches (table-basse-kiki-100-x-60-cm). Ne pas renommer sans redirection.,Shopify Admin (29 septembre 2026),,contrôle automatique
corrigé,faible,Tags,EN_MODEL_TAGS,table-basse-kiki-100-x-60-cm,Table basse Kiki 100 × 60 cm,,,"Tags anglais/références fournisseur : kiki-low-table, table-basse, table-basse-de-salon, table-de-canape.",Shopify Admin (29 septembre 2026),"Retirer ces tags, sauf ceux utilisés par le méga-menu (stool-60).",contrôle automatique
corrigé,faible,Options,OPTION_AGREEMENT,table-basse-kiki-100-x-60-cm,Table basse Kiki 100 × 60 cm,,,Accord « thermolaquée » (acier = masculin) : Noir thermolaquée.,Shopify Admin (29 septembre 2026),"Écrire « thermolaqué » (acier, masculin).",contrôle automatique
corrigé,faible,Photos,ALT_GENERIC,table-basse-kiki-100-x-60-cm,Table basse Kiki 100 × 60 cm,,,4 photos de galerie avec le même alt générique « Table basse Kiki 100 × 60 cm — Artek ».,Shopify Admin (29 septembre 2026),"Écrire un alt décrivant la scène (produit, finition, pièce).",contrôle automatique
corrigé,faible,Métachamps,ORIGIN_DENMARK,table-basse-kiki-100-x-60-cm,Table basse Kiki 100 × 60 cm,,,"Artek indique une fabrication en Hongrie et au Danemark ; le métachamp pays et le tag ne citent que la Hongrie.","custom.country_of_origin = Hongrie ; tag made-in-hongrie ; artek.fi : « Made in Hungary and Denmark »",Mentionner les deux pays.,examen détaillé
à faire,faible,Photos,GALLERY_PRODUCT_CROPPED,table-basse-kiki-100-x-60-cm,Table basse Kiki 100 × 60 cm,,#4,"Une ambiance montre surtout un canapé Kiki ; la table n'y apparaît qu'en coin, coupée.",#4 Kiki_Sofa_3_Seater_photo… (table coupée en bas à gauche),La placer en dernier ou la remplacer par une ambiance où la table est entière.,examen détaillé
partiellement corrigé,faible,Tags,TAGS_MISSING,table-basse-kiki-100-x-60-cm,Table basse Kiki 100 × 60 cm,,,"Il manque annees-1960, stratifie et table-basse-rectangulaire (ou -carree pour 60 × 60).",Tags du dossier,"Ajouter ces tags ; remplacer kiki-low-table par table-basse-kiki.",examen détaillé
à faire,faible,Canaux,NOT_ON_META,table-basse-kiki-140-x-60-cm,Table basse Kiki 140 × 60 cm,,,Absente du catalogue Facebook & Instagram (117/160 fiches actives y sont).,Shopify Admin (29 septembre 2026),Publier sur Facebook & Instagram si souhaité.,contrôle automatique
à faire,faible,Handle,HANDLE_PREFIX,table-basse-kiki-140-x-60-cm,Table basse Kiki 140 × 60 cm,,,Handle sans le préfixe « artek- » utilisé par les 140 autres fiches (table-basse-kiki-140-x-60-cm). Ne pas renommer sans redirection.,Shopify Admin (29 septembre 2026),,contrôle automatique
corrigé,faible,Tags,EN_MODEL_TAGS,table-basse-kiki-140-x-60-cm,Table basse Kiki 140 × 60 cm,,,"Tags anglais/références fournisseur : kiki-low-table, table-basse, table-basse-de-salon, table-de-canape.",Shopify Admin (29 septembre 2026),"Retirer ces tags, sauf ceux utilisés par le méga-menu (stool-60).",contrôle automatique
corrigé,faible,Options,OPTION_AGREEMENT,table-basse-kiki-140-x-60-cm,Table basse Kiki 140 × 60 cm,,,Accord « thermolaquée » (acier = masculin) : Noir thermolaquée.,Shopify Admin (29 septembre 2026),"Écrire « thermolaqué » (acier, masculin).",contrôle automatique
corrigé,faible,Photos,ALT_GENERIC,table-basse-kiki-140-x-60-cm,Table basse Kiki 140 × 60 cm,,,3 photos de galerie avec le même alt générique « Table basse Kiki 140 × 60 cm — Artek ».,Shopify Admin (29 septembre 2026),"Écrire un alt décrivant la scène (produit, finition, pièce).",contrôle automatique
corrigé,faible,Métachamps,ORIGIN_DENMARK,table-basse-kiki-140-x-60-cm,Table basse Kiki 140 × 60 cm,,,"Artek indique une fabrication en Hongrie et au Danemark ; le métachamp pays et le tag ne citent que la Hongrie.","custom.country_of_origin = Hongrie ; tag made-in-hongrie ; artek.fi : « Made in Hungary and Denmark »",Mentionner les deux pays.,examen détaillé
à faire,faible,Photos,GALLERY_PRODUCT_CROPPED,table-basse-kiki-140-x-60-cm,Table basse Kiki 140 × 60 cm,,#4,"Une ambiance montre surtout un canapé Kiki ; la table n'y apparaît qu'en coin, coupée.",#4 Kiki_Sofa_3_Seater_photo… (table coupée en bas à gauche),La placer en dernier ou la remplacer par une ambiance où la table est entière.,examen détaillé
partiellement corrigé,faible,Tags,TAGS_MISSING,table-basse-kiki-140-x-60-cm,Table basse Kiki 140 × 60 cm,,,"Il manque annees-1960, stratifie et table-basse-rectangulaire (ou -carree pour 60 × 60).",Tags du dossier,"Ajouter ces tags ; remplacer kiki-low-table par table-basse-kiki.",examen détaillé
à faire,faible,Canaux,NOT_ON_META,table-basse-kiki-60-x-60-cm,Table basse Kiki 60 × 60 cm,,,Absente du catalogue Facebook & Instagram (117/160 fiches actives y sont).,Shopify Admin (29 septembre 2026),Publier sur Facebook & Instagram si souhaité.,contrôle automatique
à faire,faible,Handle,HANDLE_PREFIX,table-basse-kiki-60-x-60-cm,Table basse Kiki 60 × 60 cm,,,Handle sans le préfixe « artek- » utilisé par les 140 autres fiches (table-basse-kiki-60-x-60-cm). Ne pas renommer sans redirection.,Shopify Admin (29 septembre 2026),,contrôle automatique
corrigé,faible,Tags,EN_MODEL_TAGS,table-basse-kiki-60-x-60-cm,Table basse Kiki 60 × 60 cm,,,"Tags anglais/références fournisseur : kiki-low-table, table-basse, table-basse-de-salon, table-de-canape.",Shopify Admin (29 septembre 2026),"Retirer ces tags, sauf ceux utilisés par le méga-menu (stool-60).",contrôle automatique
corrigé,faible,Options,OPTION_AGREEMENT,table-basse-kiki-60-x-60-cm,Table basse Kiki 60 × 60 cm,,,Accord « thermolaquée » (acier = masculin) : Noir thermolaquée.,Shopify Admin (29 septembre 2026),"Écrire « thermolaqué » (acier, masculin).",contrôle automatique
corrigé,faible,Photos,ALT_GENERIC,table-basse-kiki-60-x-60-cm,Table basse Kiki 60 × 60 cm,,,3 photos de galerie avec le même alt générique « Table basse Kiki 60 × 60 cm — Artek ».,Shopify Admin (29 septembre 2026),"Écrire un alt décrivant la scène (produit, finition, pièce).",contrôle automatique
corrigé,faible,Métachamps,ORIGIN_DENMARK,table-basse-kiki-60-x-60-cm,Table basse Kiki 60 × 60 cm,,,"Artek indique une fabrication en Hongrie et au Danemark ; le métachamp pays et le tag ne citent que la Hongrie.","custom.country_of_origin = Hongrie ; tag made-in-hongrie ; artek.fi : « Made in Hungary and Denmark »",Mentionner les deux pays.,examen détaillé
à faire,faible,Photos,GALLERY_PRODUCT_CROPPED,table-basse-kiki-60-x-60-cm,Table basse Kiki 60 × 60 cm,,#2,"Une ambiance montre surtout un canapé Kiki ; la table n'y apparaît qu'en coin, coupée.","#2 Kiki_Sofa_3_Seater_photo… (table à peine visible, coupée en bas à gauche)",La placer en dernier ou la remplacer par une ambiance où la table est entière.,examen détaillé
partiellement corrigé,faible,Tags,TAGS_MISSING,table-basse-kiki-60-x-60-cm,Table basse Kiki 60 × 60 cm,,,"Il manque annees-1960, stratifie et table-basse-rectangulaire (ou -carree pour 60 × 60).",Tags du dossier,"Ajouter ces tags ; remplacer kiki-low-table par table-basse-kiki.",examen détaillé
à faire,info,Stock,ALL_CONTINUE,(marque Artek),,,,"Les 645 variantes sont en « continuer à vendre hors stock » (vente sur commande) ; 5 variantes seulement ont du stock (1 pièce chacune). Cela rend commandables des articles probablement arrêtés chez Artek (Miroir 124, tissu H55, tables enfant 80B/80C H60).",Admin inventoryPolicy / inventoryQuantity,Passer en « arrêter la vente » ou dépublier les références arrêtées après confirmation fournisseur.,contrôle marque
à faire,info,Données fabricant,ARTEK_NOT_CARRIED,(marque Artek),,,,"Références artek.fi non vendues par Mikado (hors variantes regroupées) : Stool X602, Stool 60 Villi, éditions Stool 60 (Aizome, Celebration, Coloring, Kivet, Lokki, Seireeni), Bench 153B et Table 90D éditions, Cabinet 250 Celebration, Tea Trolley 901 Coloring, tissu Kirsikankukka, Pieces of Aalto.",artek.fi sitemap produits (145 pages),"Information pour l'assortiment ; aucune action obligatoire.",contrôle marque
à faire,info,Canaux,NOT_ON_POS,affiche-75-ans-artek-100-x-140-cm,Affiche 75 ans 100 × 140 cm,,,Absente du Point de vente (69/160 fiches y sont) : non encaissable en boutique sans ajout.,Shopify Admin (29 septembre 2026),Publier sur le Point de vente si l’article doit être encaissable en boutique.,contrôle automatique
à faire,info,SEO,SEO_TITLE_NO_DESIGNER,affiche-75-ans-artek-100-x-140-cm,Affiche 75 ans 100 × 140 cm,,,Titre SEO sans créateur alors que custom.designer = Kustaa Saksi (format incohérent avec les autres fiches).,Shopify Admin (29 septembre 2026),,contrôle automatique
à faire,info,Canaux,NOT_ON_POS,affiche-80-ans-artek-50-x-70-cm,Affiche 80 ans 50 × 70 cm,,,Absente du Point de vente (69/160 fiches y sont) : non encaissable en boutique sans ajout.,Shopify Admin (29 septembre 2026),Publier sur le Point de vente si l’article doit être encaissable en boutique.,contrôle automatique
à faire,info,SEO,SEO_TITLE_NO_DESIGNER,affiche-80-ans-artek-50-x-70-cm,Affiche 80 ans 50 × 70 cm,,,Titre SEO sans créateur alors que custom.designer = TSTO (format incohérent avec les autres fiches).,Shopify Admin (29 septembre 2026),,contrôle automatique
à faire,info,Canaux,NOT_ON_POS,affiche-85-ans-artek-50-x-70-cm,Affiche 85 ans 50 × 70 cm,,,Absente du Point de vente (69/160 fiches y sont) : non encaissable en boutique sans ajout.,Shopify Admin (29 septembre 2026),Publier sur le Point de vente si l’article doit être encaissable en boutique.,contrôle automatique
à faire,info,SEO,SEO_TITLE_NO_DESIGNER,affiche-85-ans-artek-50-x-70-cm,Affiche 85 ans 50 × 70 cm,,,Titre SEO sans créateur alors que custom.designer = Karoliina Hellberg (format incohérent avec les autres fiches).,Shopify Admin (29 septembre 2026),,contrôle automatique
à faire,info,Canaux,NOT_ON_POS,affiche-90-ans-artek-50-x-70-cm,Affiche 90 ans 50 × 70 cm,,,Absente du Point de vente (69/160 fiches y sont) : non encaissable en boutique sans ajout.,Shopify Admin (29 septembre 2026),Publier sur le Point de vente si l’article doit être encaissable en boutique.,contrôle automatique
à faire,info,SEO,SEO_TITLE_NO_DESIGNER,affiche-90-ans-artek-50-x-70-cm,Affiche 90 ans 50 × 70 cm,,,Titre SEO sans créateur alors que custom.designer = Inka Bell (format incohérent avec les autres fiches).,Shopify Admin (29 septembre 2026),,contrôle automatique
à faire,info,Canaux,NOT_ON_POS,affiche-aalto-chronology-50-x-70-cm,Affiche Aalto Chronology 50 × 70 cm,,,Absente du Point de vente (69/160 fiches y sont) : non encaissable en boutique sans ajout.,Shopify Admin (29 septembre 2026),Publier sur le Point de vente si l’article doit être encaissable en boutique.,contrôle automatique
à faire,info,Canaux,NOT_ON_POS,affiche-beehive-50-x-70-cm,Affiche Beehive 50 × 70 cm,,,Absente du Point de vente (69/160 fiches y sont) : non encaissable en boutique sans ajout.,Shopify Admin (29 septembre 2026),Publier sur le Point de vente si l’article doit être encaissable en boutique.,contrôle automatique
à faire,info,SEO,SEO_TITLE_NO_DESIGNER,affiche-beehive-50-x-70-cm,Affiche Beehive 50 × 70 cm,,,Titre SEO sans créateur alors que custom.designer = Greige (format incohérent avec les autres fiches).,Shopify Admin (29 septembre 2026),,contrôle automatique
à faire,info,Canaux,NOT_ON_POS,affiche-paimio-50-x-70-cm,Affiche Paimio 50 × 70 cm,,,Absente du Point de vente (69/160 fiches y sont) : non encaissable en boutique sans ajout.,Shopify Admin (29 septembre 2026),Publier sur le Point de vente si l’article doit être encaissable en boutique.,contrôle automatique
à faire,info,SEO,SEO_TITLE_NO_DESIGNER,affiche-paimio-50-x-70-cm,Affiche Paimio 50 × 70 cm,,,Titre SEO sans créateur alors que custom.designer = Greige (format incohérent avec les autres fiches).,Shopify Admin (29 septembre 2026),,contrôle automatique
à faire,info,Canaux,NOT_ON_POS,affiche-tabouret-60-50-x-70-cm,Affiche Tabouret 60 50 × 70 cm,,,Absente du Point de vente (69/160 fiches y sont) : non encaissable en boutique sans ajout.,Shopify Admin (29 septembre 2026),Publier sur le Point de vente si l’article doit être encaissable en boutique.,contrôle automatique
à faire,info,SEO,SEO_TITLE_NO_DESIGNER,affiche-tabouret-60-50-x-70-cm,Affiche Tabouret 60 50 × 70 cm,,,Titre SEO sans créateur alors que custom.designer = Greige (format incohérent avec les autres fiches).,Shopify Admin (29 septembre 2026),,contrôle automatique
à faire,info,Canaux,NOT_ON_POS,affiche-tea-trolley-900-50-x-70-cm,Affiche Tea Trolley 900 50 × 70 cm,,,Absente du Point de vente (69/160 fiches y sont) : non encaissable en boutique sans ajout.,Shopify Admin (29 septembre 2026),Publier sur le Point de vente si l’article doit être encaissable en boutique.,contrôle automatique
à faire,info,Canaux,NOT_ON_POS,artek-a110-hand-grenade,Suspension A110 Hand Grenade,,,Absente du Point de vente (69/160 fiches y sont) : non encaissable en boutique sans ajout.,Shopify Admin (29 septembre 2026),Publier sur le Point de vente si l’article doit être encaissable en boutique.,contrôle automatique
à faire,info,Canaux,NOT_ON_POS,artek-a201,Suspension A201,,,Absente du Point de vente (69/160 fiches y sont) : non encaissable en boutique sans ajout.,Shopify Admin (29 septembre 2026),Publier sur le Point de vente si l’article doit être encaissable en boutique.,contrôle automatique
à faire,info,Canaux,NOT_ON_POS,artek-a330s-golden-bell,Suspension A330S Golden Bell,,,Absente du Point de vente (69/160 fiches y sont) : non encaissable en boutique sans ajout.,Shopify Admin (29 septembre 2026),Publier sur le Point de vente si l’article doit être encaissable en boutique.,contrôle automatique
corrigé,info,SEO,SITE_DESC_DIFF,artek-a330s-golden-bell,Suspension A330S Golden Bell,,,Méta-description publiée différente de Shopify.,Shopify Admin (29 septembre 2026),,contrôle automatique
à faire,info,Canaux,NOT_ON_POS,artek-a331-beehive,Suspension A331 Beehive,,,Absente du Point de vente (69/160 fiches y sont) : non encaissable en boutique sans ajout.,Shopify Admin (29 septembre 2026),Publier sur le Point de vente si l’article doit être encaissable en boutique.,contrôle automatique
à faire,info,Canaux,NOT_ON_POS,artek-a333-turnip,Suspension A333 Turnip,,,Absente du Point de vente (69/160 fiches y sont) : non encaissable en boutique sans ajout.,Shopify Admin (29 septembre 2026),Publier sur le Point de vente si l’article doit être encaissable en boutique.,contrôle automatique
à faire,info,Canaux,NOT_ON_POS,artek-a440,Suspension A440,,,Absente du Point de vente (69/160 fiches y sont) : non encaissable en boutique sans ajout.,Shopify Admin (29 septembre 2026),Publier sur le Point de vente si l’article doit être encaissable en boutique.,contrôle automatique
à faire,info,Canaux,NOT_ON_POS,artek-a805-angel-wing-eu,Lampadaire A805 Angel Wing,,,Absente du Point de vente (69/160 fiches y sont) : non encaissable en boutique sans ajout.,Shopify Admin (29 septembre 2026),Publier sur le Point de vente si l’article doit être encaissable en boutique.,contrôle automatique
à faire,info,Handle,HANDLE_EU,artek-a805-angel-wing-eu,Lampadaire A805 Angel Wing,,,Handle avec suffixe fournisseur « -eu ». À conserver (URL publiée) mais ne pas le reproduire dans les tags.,Shopify Admin (29 septembre 2026),,contrôle automatique
à faire,info,Canaux,NOT_ON_POS,artek-a808-eu,Lampadaire A808,,,Absente du Point de vente (69/160 fiches y sont) : non encaissable en boutique sans ajout.,Shopify Admin (29 septembre 2026),Publier sur le Point de vente si l’article doit être encaissable en boutique.,contrôle automatique
à faire,info,Handle,HANDLE_EU,artek-a808-eu,Lampadaire A808,,,Handle avec suffixe fournisseur « -eu ». À conserver (URL publiée) mais ne pas le reproduire dans les tags.,Shopify Admin (29 septembre 2026),,contrôle automatique
à faire,info,Canaux,NOT_ON_POS,artek-a810-eu,Lampadaire A810,,,Absente du Point de vente (69/160 fiches y sont) : non encaissable en boutique sans ajout.,Shopify Admin (29 septembre 2026),Publier sur le Point de vente si l’article doit être encaissable en boutique.,contrôle automatique
à faire,info,Handle,HANDLE_EU,artek-a810-eu,Lampadaire A810,,,Handle avec suffixe fournisseur « -eu ». À conserver (URL publiée) mais ne pas le reproduire dans les tags.,Shopify Admin (29 septembre 2026),,contrôle automatique
à faire,info,Handle,HANDLE_EU,artek-a811-eu,Lampadaire A811,,,Handle avec suffixe fournisseur « -eu ». À conserver (URL publiée) mais ne pas le reproduire dans les tags.,Shopify Admin (29 septembre 2026),,contrôle automatique
à faire,info,Canaux,NOT_ON_POS,artek-aalto-table-extendable-97,Table à rallonge Aalto 97 135/190 × 85 cm,,,Absente du Point de vente (69/160 fiches y sont) : non encaissable en boutique sans ajout.,Shopify Admin (29 septembre 2026),Publier sur le Point de vente si l’article doit être encaissable en boutique.,contrôle automatique
à faire,info,SEO,SEO_TITLE_NO_DESIGNER,artek-aalto-table-extendable-97,Table à rallonge Aalto 97 135/190 × 85 cm,,,Titre SEO sans créateur alors que custom.designer = Alvar Aalto (format incohérent avec les autres fiches).,Shopify Admin (29 septembre 2026),,contrôle automatique
à faire,info,SEO,SEO_TITLE_NO_DESIGNER,artek-aalto-table-foldable-dl81c,Table pliante Aalto DL81C 75/113 × 75 cm,,,Titre SEO sans créateur alors que custom.designer = Alvar Aalto (format incohérent avec les autres fiches).,Shopify Admin (29 septembre 2026),,contrôle automatique
à faire,info,Canaux,NOT_ON_POS,artek-aalto-table-half-round-95,Table demi-ronde Aalto 95 120 × 60 cm,,,Absente du Point de vente (69/160 fiches y sont) : non encaissable en boutique sans ajout.,Shopify Admin (29 septembre 2026),Publier sur le Point de vente si l’article doit être encaissable en boutique.,contrôle automatique
à faire,info,SEO,SEO_TITLE_NO_DESIGNER,artek-aalto-table-half-round-95,Table demi-ronde Aalto 95 120 × 60 cm,,,Titre SEO sans créateur alors que custom.designer = Alvar Aalto (format incohérent avec les autres fiches).,Shopify Admin (29 septembre 2026),,contrôle automatique
à faire,info,Canaux,NOT_ON_POS,artek-aalto-table-half-round-96,Table demi-ronde Aalto 96 150 × 75 cm,,,Absente du Point de vente (69/160 fiches y sont) : non encaissable en boutique sans ajout.,Shopify Admin (29 septembre 2026),Publier sur le Point de vente si l’article doit être encaissable en boutique.,contrôle automatique
à faire,info,SEO,SEO_TITLE_NO_DESIGNER,artek-aalto-table-half-round-96,Table demi-ronde Aalto 96 150 × 75 cm,,,Titre SEO sans créateur alors que custom.designer = Alvar Aalto (format incohérent avec les autres fiches).,Shopify Admin (29 septembre 2026),,contrôle automatique
à faire,info,Canaux,NOT_ON_POS,artek-aalto-table-rectangular-80a,Table Aalto 80A 120 × 60 cm,,,Absente du Point de vente (69/160 fiches y sont) : non encaissable en boutique sans ajout.,Shopify Admin (29 septembre 2026),Publier sur le Point de vente si l’article doit être encaissable en boutique.,contrôle automatique
à faire,info,SEO,SEO_TITLE_NO_DESIGNER,artek-aalto-table-rectangular-80a,Table Aalto 80A 120 × 60 cm,,,Titre SEO sans créateur alors que custom.designer = Alvar Aalto (format incohérent avec les autres fiches).,Shopify Admin (29 septembre 2026),,contrôle automatique
à faire,info,SEO,SEO_TITLE_NO_DESIGNER,artek-aalto-table-rectangular-80a-60cm,Table enfant Aalto 80A 120 × 60 cm H60,,,Titre SEO sans créateur alors que custom.designer = Alvar Aalto (format incohérent avec les autres fiches).,Shopify Admin (29 septembre 2026),,contrôle automatique
à faire,info,Canaux,NOT_ON_POS,artek-aalto-table-rectangular-80b,Table Aalto 80B 100 × 60 cm,,,Absente du Point de vente (69/160 fiches y sont) : non encaissable en boutique sans ajout.,Shopify Admin (29 septembre 2026),Publier sur le Point de vente si l’article doit être encaissable en boutique.,contrôle automatique
à faire,info,SEO,SEO_TITLE_NO_DESIGNER,artek-aalto-table-rectangular-80b,Table Aalto 80B 100 × 60 cm,,,Titre SEO sans créateur alors que custom.designer = Alvar Aalto (format incohérent avec les autres fiches).,Shopify Admin (29 septembre 2026),,contrôle automatique
à faire,info,SEO,SEO_TITLE_NO_DESIGNER,artek-aalto-table-rectangular-80b-60cm,Table enfant Aalto 80B 100 × 60 cm H60,,,Titre SEO sans créateur alors que custom.designer = Alvar Aalto (format incohérent avec les autres fiches).,Shopify Admin (29 septembre 2026),,contrôle automatique
à faire,info,SEO,SEO_TITLE_NO_DESIGNER,artek-aalto-table-rectangular-81a,Table Aalto 81A 150 × 75 cm,,,Titre SEO sans créateur alors que custom.designer = Alvar Aalto (format incohérent avec les autres fiches).,Shopify Admin (29 septembre 2026),,contrôle automatique
à faire,info,SEO,SEO_TITLE_NO_DESIGNER,artek-aalto-table-rectangular-81a-60cm,Table enfant Aalto 81A 150 × 75 cm H60,,,Titre SEO sans créateur alors que custom.designer = Alvar Aalto (format incohérent avec les autres fiches).,Shopify Admin (29 septembre 2026),,contrôle automatique
à faire,info,Canaux,NOT_ON_POS,artek-aalto-table-rectangular-81b,Table Aalto 81B 120 × 75 cm,,,Absente du Point de vente (69/160 fiches y sont) : non encaissable en boutique sans ajout.,Shopify Admin (29 septembre 2026),Publier sur le Point de vente si l’article doit être encaissable en boutique.,contrôle automatique
à faire,info,SEO,SEO_TITLE_NO_DESIGNER,artek-aalto-table-rectangular-81b,Table Aalto 81B 120 × 75 cm,,,Titre SEO sans créateur alors que custom.designer = Alvar Aalto (format incohérent avec les autres fiches).,Shopify Admin (29 septembre 2026),,contrôle automatique
à faire,info,SEO,SEO_TITLE_NO_DESIGNER,artek-aalto-table-rectangular-81b-60cm,Table enfant Aalto 81B 120 × 75 cm H60,,,Titre SEO sans créateur alors que custom.designer = Alvar Aalto (format incohérent avec les autres fiches).,Shopify Admin (29 septembre 2026),,contrôle automatique
à faire,info,SEO,SEO_TITLE_NO_DESIGNER,artek-aalto-table-rectangular-82a,Table Aalto 82A 150 × 85 cm,,,Titre SEO sans créateur alors que custom.designer = Alvar Aalto (format incohérent avec les autres fiches).,Shopify Admin (29 septembre 2026),,contrôle automatique
à faire,info,Canaux,NOT_ON_POS,artek-aalto-table-rectangular-82b,Table Aalto 82B 135 × 85 cm,,,Absente du Point de vente (69/160 fiches y sont) : non encaissable en boutique sans ajout.,Shopify Admin (29 septembre 2026),Publier sur le Point de vente si l’article doit être encaissable en boutique.,contrôle automatique
à faire,info,SEO,SEO_TITLE_NO_DESIGNER,artek-aalto-table-rectangular-82b,Table Aalto 82B 135 × 85 cm,,,Titre SEO sans créateur alors que custom.designer = Alvar Aalto (format incohérent avec les autres fiches).,Shopify Admin (29 septembre 2026),,contrôle automatique
à faire,info,Canaux,NOT_ON_POS,artek-aalto-table-rectangular-83,Table Aalto 83 182 × 91 cm,,,Absente du Point de vente (69/160 fiches y sont) : non encaissable en boutique sans ajout.,Shopify Admin (29 septembre 2026),Publier sur le Point de vente si l’article doit être encaissable en boutique.,contrôle automatique
à faire,info,SEO,SEO_TITLE_NO_DESIGNER,artek-aalto-table-rectangular-83,Table Aalto 83 182 × 91 cm,,,Titre SEO sans créateur alors que custom.designer = Alvar Aalto (format incohérent avec les autres fiches).,Shopify Admin (29 septembre 2026),,contrôle automatique
à faire,info,Canaux,NOT_ON_POS,artek-aalto-table-rectangular-86,Table Aalto 86 210 × 100 cm,,,Absente du Point de vente (69/160 fiches y sont) : non encaissable en boutique sans ajout.,Shopify Admin (29 septembre 2026),Publier sur le Point de vente si l’article doit être encaissable en boutique.,contrôle automatique
à faire,info,SEO,SEO_TITLE_NO_DESIGNER,artek-aalto-table-rectangular-86,Table Aalto 86 210 × 100 cm,,,Titre SEO sans créateur alors que custom.designer = Alvar Aalto (format incohérent avec les autres fiches).,Shopify Admin (29 septembre 2026),,contrôle automatique
à faire,info,Canaux,NOT_ON_POS,artek-aalto-table-rectangular-86a,Table Aalto 86A 240 × 100 cm,,,Absente du Point de vente (69/160 fiches y sont) : non encaissable en boutique sans ajout.,Shopify Admin (29 septembre 2026),Publier sur le Point de vente si l’article doit être encaissable en boutique.,contrôle automatique
à faire,info,SEO,SEO_TITLE_NO_DESIGNER,artek-aalto-table-rectangular-86a,Table Aalto 86A 240 × 100 cm,,,Titre SEO sans créateur alors que custom.designer = Alvar Aalto (format incohérent avec les autres fiches).,Shopify Admin (29 septembre 2026),,contrôle automatique
à faire,info,Canaux,NOT_ON_POS,artek-aalto-table-round-90a,Table Aalto 90A Ø 100 cm,,,Absente du Point de vente (69/160 fiches y sont) : non encaissable en boutique sans ajout.,Shopify Admin (29 septembre 2026),Publier sur le Point de vente si l’article doit être encaissable en boutique.,contrôle automatique
à faire,info,SEO,SEO_TITLE_NO_DESIGNER,artek-aalto-table-round-90a,Table Aalto 90A Ø 100 cm,,,Titre SEO sans créateur alors que custom.designer = Alvar Aalto (format incohérent avec les autres fiches).,Shopify Admin (29 septembre 2026),,contrôle automatique
à faire,info,SEO,SEO_TITLE_NO_DESIGNER,artek-aalto-table-round-90a-60cm,Table enfant Aalto 90A Ø 100 cm H60,,,Titre SEO sans créateur alors que custom.designer = Alvar Aalto (format incohérent avec les autres fiches).,Shopify Admin (29 septembre 2026),,contrôle automatique
à faire,info,Canaux,NOT_ON_POS,artek-aalto-table-round-90b,Table Aalto 90B Ø 75 cm,,,Absente du Point de vente (69/160 fiches y sont) : non encaissable en boutique sans ajout.,Shopify Admin (29 septembre 2026),Publier sur le Point de vente si l’article doit être encaissable en boutique.,contrôle automatique
à faire,info,SEO,SEO_TITLE_NO_DESIGNER,artek-aalto-table-round-90b,Table Aalto 90B Ø 75 cm,,,Titre SEO sans créateur alors que custom.designer = Alvar Aalto (format incohérent avec les autres fiches).,Shopify Admin (29 septembre 2026),,contrôle automatique
à faire,info,Canaux,NOT_ON_POS,artek-aalto-table-round-91,Table Aalto 91 Ø 125 cm,,,Absente du Point de vente (69/160 fiches y sont) : non encaissable en boutique sans ajout.,Shopify Admin (29 septembre 2026),Publier sur le Point de vente si l’article doit être encaissable en boutique.,contrôle automatique
à faire,info,SEO,SEO_TITLE_NO_DESIGNER,artek-aalto-table-round-91,Table Aalto 91 Ø 125 cm,,,Titre SEO sans créateur alors que custom.designer = Alvar Aalto (format incohérent avec les autres fiches).,Shopify Admin (29 septembre 2026),,contrôle automatique
à faire,info,Canaux,NOT_ON_POS,artek-aalto-table-square-80c,Table Aalto 80C 60 × 60 cm,,,Absente du Point de vente (69/160 fiches y sont) : non encaissable en boutique sans ajout.,Shopify Admin (29 septembre 2026),Publier sur le Point de vente si l’article doit être encaissable en boutique.,contrôle automatique
à faire,info,SEO,SEO_TITLE_NO_DESIGNER,artek-aalto-table-square-80c,Table Aalto 80C 60 × 60 cm,,,Titre SEO sans créateur alors que custom.designer = Alvar Aalto (format incohérent avec les autres fiches).,Shopify Admin (29 septembre 2026),,contrôle automatique
à faire,info,Canaux,NOT_ON_POS,artek-aalto-table-square-80c-60cm,Table enfant Aalto 80C 60 × 60 cm H60,,,Absente du Point de vente (69/160 fiches y sont) : non encaissable en boutique sans ajout.,Shopify Admin (29 septembre 2026),Publier sur le Point de vente si l’article doit être encaissable en boutique.,contrôle automatique
à faire,info,SEO,SEO_TITLE_NO_DESIGNER,artek-aalto-table-square-80c-60cm,Table enfant Aalto 80C 60 × 60 cm H60,,,Titre SEO sans créateur alors que custom.designer = Alvar Aalto (format incohérent avec les autres fiches).,Shopify Admin (29 septembre 2026),,contrôle automatique
à faire,info,Canaux,NOT_ON_POS,artek-aalto-table-square-81c,Table Aalto 81C 75 × 75 cm,,,Absente du Point de vente (69/160 fiches y sont) : non encaissable en boutique sans ajout.,Shopify Admin (29 septembre 2026),Publier sur le Point de vente si l’article doit être encaissable en boutique.,contrôle automatique
à faire,info,SEO,SEO_TITLE_NO_DESIGNER,artek-aalto-table-square-81c,Table Aalto 81C 75 × 75 cm,,,Titre SEO sans créateur alors que custom.designer = Alvar Aalto (format incohérent avec les autres fiches).,Shopify Admin (29 septembre 2026),,contrôle automatique
à faire,info,SEO,SEO_TITLE_NO_DESIGNER,artek-aalto-table-square-81c-60cm,Table enfant Aalto 81C 75 × 75 cm H60,,,Titre SEO sans créateur alors que custom.designer = Alvar Aalto (format incohérent avec les autres fiches).,Shopify Admin (29 septembre 2026),,contrôle automatique
à faire,info,Canaux,NOT_ON_POS,artek-aalto-table-square-84,Table Aalto 84 120 × 120 cm,,,Absente du Point de vente (69/160 fiches y sont) : non encaissable en boutique sans ajout.,Shopify Admin (29 septembre 2026),Publier sur le Point de vente si l’article doit être encaissable en boutique.,contrôle automatique
à faire,info,SEO,SEO_TITLE_NO_DESIGNER,artek-aalto-table-square-84,Table Aalto 84 120 × 120 cm,,,Titre SEO sans créateur alors que custom.designer = Alvar Aalto (format incohérent avec les autres fiches).,Shopify Admin (29 septembre 2026),,contrôle automatique
à faire,info,Canaux,NOT_ON_POS,artek-ama500,Suspension AMA500,,,Absente du Point de vente (69/160 fiches y sont) : non encaissable en boutique sans ajout.,Shopify Admin (29 septembre 2026),Publier sur le Point de vente si l’article doit être encaissable en boutique.,contrôle automatique
à faire,info,Canaux,NOT_ON_POS,artek-armchair-401,Fauteuil 401,,,Absente du Point de vente (69/160 fiches y sont) : non encaissable en boutique sans ajout.,Shopify Admin (29 septembre 2026),Publier sur le Point de vente si l’article doit être encaissable en boutique.,contrôle automatique
à faire,info,Canaux,NOT_ON_POS,artek-armchair-406,Fauteuil 406,,,Absente du Point de vente (69/160 fiches y sont) : non encaissable en boutique sans ajout.,Shopify Admin (29 septembre 2026),Publier sur le Point de vente si l’article doit être encaissable en boutique.,contrôle automatique
à faire,info,Canaux,NOT_ON_POS,artek-armchair-41-paimio,Fauteuil 41 Paimio,,,Absente du Point de vente (69/160 fiches y sont) : non encaissable en boutique sans ajout.,Shopify Admin (29 septembre 2026),Publier sur le Point de vente si l’article doit être encaissable en boutique.,contrôle automatique
à faire,info,Canaux,NOT_ON_POS,artek-armchair-42,Fauteuil 42,,,Absente du Point de vente (69/160 fiches y sont) : non encaissable en boutique sans ajout.,Shopify Admin (29 septembre 2026),Publier sur le Point de vente si l’article doit être encaissable en boutique.,contrôle automatique
à faire,info,Canaux,NOT_ON_POS,artek-armchair-45,Fauteuil 45,,,Absente du Point de vente (69/160 fiches y sont) : non encaissable en boutique sans ajout.,Shopify Admin (29 septembre 2026),Publier sur le Point de vente si l’article doit être encaissable en boutique.,contrôle automatique
à faire,info,Canaux,NOT_ON_POS,artek-aslak-chair,Chaise Aslak,,,Absente du Point de vente (69/160 fiches y sont) : non encaissable en boutique sans ajout.,Shopify Admin (29 septembre 2026),Publier sur le Point de vente si l’article doit être encaissable en boutique.,contrôle automatique
à faire,info,Canaux,NOT_ON_POS,artek-atelier-chair,Chaise Atelier,,,Absente du Point de vente (69/160 fiches y sont) : non encaissable en boutique sans ajout.,Shopify Admin (29 septembre 2026),Publier sur le Point de vente si l’article doit être encaissable en boutique.,contrôle automatique
à faire,info,Canaux,NOT_ON_POS,artek-bench-153a,Banc 153A,,,Absente du Point de vente (69/160 fiches y sont) : non encaissable en boutique sans ajout.,Shopify Admin (29 septembre 2026),Publier sur le Point de vente si l’article doit être encaissable en boutique.,contrôle automatique
à faire,info,Classement,NOT_IN_SIEGES_COLLECTION,artek-bench-153a,Banc 153A,,,Type « Banc » hors de la collection Shopify « sieges » (le site le rattache quand même à Assises par sa sous-catégorie).,Shopify Admin (29 septembre 2026),,contrôle automatique
à faire,info,Description,DESC_CARRY_AWAY,artek-bench-153a,Banc 153A,,,"Mention « emballage Carry Away » (nom anglais du fabricant, non expliqué).",Shopify Admin (29 septembre 2026),,contrôle automatique
à faire,info,Canaux,NOT_ON_POS,artek-bench-153b,Banc 153B,,,Absente du Point de vente (69/160 fiches y sont) : non encaissable en boutique sans ajout.,Shopify Admin (29 septembre 2026),Publier sur le Point de vente si l’article doit être encaissable en boutique.,contrôle automatique
à faire,info,Classement,NOT_IN_SIEGES_COLLECTION,artek-bench-153b,Banc 153B,,,Type « Banc » hors de la collection Shopify « sieges » (le site le rattache quand même à Assises par sa sous-catégorie).,Shopify Admin (29 septembre 2026),,contrôle automatique
à faire,info,Canaux,NOT_ON_POS,artek-bench-167,Banc 167,,,Absente du Point de vente (69/160 fiches y sont) : non encaissable en boutique sans ajout.,Shopify Admin (29 septembre 2026),Publier sur le Point de vente si l’article doit être encaissable en boutique.,contrôle automatique
à faire,info,Classement,NOT_IN_SIEGES_COLLECTION,artek-bench-167,Banc 167,,,Type « Banc » hors de la collection Shopify « sieges » (le site le rattache quand même à Assises par sa sous-catégorie).,Shopify Admin (29 septembre 2026),,contrôle automatique
à faire,info,Canaux,NOT_ON_POS,artek-bench-168b,Banc 168B,,,Absente du Point de vente (69/160 fiches y sont) : non encaissable en boutique sans ajout.,Shopify Admin (29 septembre 2026),Publier sur le Point de vente si l’article doit être encaissable en boutique.,contrôle automatique
à faire,info,Classement,NOT_IN_SIEGES_COLLECTION,artek-bench-168b,Banc 168B,,,Type « Banc » hors de la collection Shopify « sieges » (le site le rattache quand même à Assises par sa sous-catégorie).,Shopify Admin (29 septembre 2026),,contrôle automatique
à faire,info,Description,DESC_CARRY_AWAY,artek-bench-168b,Banc 168B,,,"Mention « emballage Carry Away » (nom anglais du fabricant, non expliqué).",Shopify Admin (29 septembre 2026),,contrôle automatique
à faire,info,Stock,IN_STOCK,artek-cabinet-250,Buffet 250,Teinté miel,,1 en stock : Teinté miel (ART-C250-28504301) (affiché « À voir en boutique »).,Shopify Admin (29 septembre 2026),,contrôle automatique
à faire,info,Canaux,NOT_ON_POS,artek-ceiling-light-a622,Plafonnier A622,,,Absente du Point de vente (69/160 fiches y sont) : non encaissable en boutique sans ajout.,Shopify Admin (29 septembre 2026),Publier sur le Point de vente si l’article doit être encaissable en boutique.,contrôle automatique
à faire,info,SEO,SEO_TITLE_FORMAT,artek-ceiling-light-a622,Plafonnier A622,,,Format de titre SEO différent des autres (« Plafonnier A622 par Alvar Aalto — Artek | Mikado Deco »).,Shopify Admin (29 septembre 2026),,contrôle automatique
à faire,info,Canaux,NOT_ON_POS,artek-chair-611,Chaise 611,,,Absente du Point de vente (69/160 fiches y sont) : non encaissable en boutique sans ajout.,Shopify Admin (29 septembre 2026),Publier sur le Point de vente si l’article doit être encaissable en boutique.,contrôle automatique
à faire,info,Canaux,NOT_ON_POS,artek-chair-65,Chaise 65,,,Absente du Point de vente (69/160 fiches y sont) : non encaissable en boutique sans ajout.,Shopify Admin (29 septembre 2026),Publier sur le Point de vente si l’article doit être encaissable en boutique.,contrôle automatique
à faire,info,Description,DESC_CARRY_AWAY,artek-chair-65,Chaise 65,,,"Mention « emballage Carry Away » (nom anglais du fabricant, non expliqué).",Shopify Admin (29 septembre 2026),,contrôle automatique
à faire,info,Canaux,NOT_ON_POS,artek-chair-66,Chaise 66,,,Absente du Point de vente (69/160 fiches y sont) : non encaissable en boutique sans ajout.,Shopify Admin (29 septembre 2026),Publier sur le Point de vente si l’article doit être encaissable en boutique.,contrôle automatique
à faire,info,Description,DESC_CARRY_AWAY,artek-chair-66,Chaise 66,,,"Mention « emballage Carry Away » (nom anglais du fabricant, non expliqué).",Shopify Admin (29 septembre 2026),,contrôle automatique
à faire,info,Canaux,NOT_ON_POS,artek-chair-68,Chaise 68,,,Absente du Point de vente (69/160 fiches y sont) : non encaissable en boutique sans ajout.,Shopify Admin (29 septembre 2026),Publier sur le Point de vente si l’article doit être encaissable en boutique.,contrôle automatique
à faire,info,Description,DESC_CARRY_AWAY,artek-chair-68,Chaise 68,,,"Mention « emballage Carry Away » (nom anglais du fabricant, non expliqué).",Shopify Admin (29 septembre 2026),,contrôle automatique
à faire,info,SEO,SEO_TITLE_NO_DESIGNER,artek-chair-69,Chaise 69,,,Titre SEO sans créateur alors que custom.designer = Alvar Aalto (format incohérent avec les autres fiches).,Shopify Admin (29 septembre 2026),,contrôle automatique
à faire,info,Description,DESC_CARRY_AWAY,artek-chair-69,Chaise 69,,,"Mention « emballage Carry Away » (nom anglais du fabricant, non expliqué).",Shopify Admin (29 septembre 2026),,contrôle automatique
à faire,info,Stock,IN_STOCK,artek-chair-69,Chaise 69,Bouleau / laqué noir,,1 en stock : Bouleau / laqué noir (ART-C69-28100471) (affiché « À voir en boutique »).,Shopify Admin (29 septembre 2026),,contrôle automatique
à faire,info,Canaux,NOT_ON_POS,artek-childrens-chair-n65,Chaise enfant N65,,,Absente du Point de vente (69/160 fiches y sont) : non encaissable en boutique sans ajout.,Shopify Admin (29 septembre 2026),Publier sur le Point de vente si l’article doit être encaissable en boutique.,contrôle automatique
à faire,info,Description,DESC_CARRY_AWAY,artek-childrens-chair-n65,Chaise enfant N65,,,"Mention « emballage Carry Away » (nom anglais du fabricant, non expliqué).",Shopify Admin (29 septembre 2026),,contrôle automatique
à faire,info,Description,DESC_CARRY_AWAY,artek-childrens-stool-ne60,Tabouret enfant NE60,,,"Mention « emballage Carry Away » (nom anglais du fabricant, non expliqué).",Shopify Admin (29 septembre 2026),,contrôle automatique
à faire,info,Description,DESC_WARRANTY,artek-childrens-stool-ne60,Tabouret enfant NE60,,,"Promesse « garantie à vie » (garantie fabricant Artek, usage domestique) : à vérifier et à préciser dans custom.warranty.",Shopify Admin (29 septembre 2026),,contrôle automatique
à faire,info,SEO,SEO_TITLE_NO_DESIGNER,artek-clothes-tree-160,Porte-manteau 160,,,Titre SEO sans créateur alors que custom.designer = Anna-Maija Jaatinen (format incohérent avec les autres fiches).,Shopify Admin (29 septembre 2026),,contrôle automatique
à faire,info,SEO,SEO_TITLE_NO_DESIGNER,artek-day-bed-710-back-cushions,Coussins dossier pour lit de repos 710 (Lot de 2),,,Titre SEO sans créateur alors que custom.designer = Alvar Aalto (format incohérent avec les autres fiches).,Shopify Admin (29 septembre 2026),,contrôle automatique
à faire,info,Description,DESC_PRICE,artek-day-bed-710-back-cushions,Coussins dossier pour lit de repos 710 (Lot de 2),,,La description parle de prix : « … emblématique depuis 1935. Revêtement par classe Artek : le prix dépend de la classe de tissu (F40 à F200) ou de cuir (L40 à… ».,Shopify Admin (29 septembre 2026),,contrôle automatique
à faire,info,SEO,SEO_TITLE_NO_DESIGNER,artek-day-bed-710-frame,Lit de repos 710,,,Titre SEO sans créateur alors que custom.designer = Alvar Aalto (format incohérent avec les autres fiches).,Shopify Admin (29 septembre 2026),,contrôle automatique
corrigé,info,SEO,SITE_TITLE_DIFF,artek-day-bed-710-frame,Lit de repos 710,,,"Titre de page publié « Lit de repos 710, cadre seul — Artek | Mikado Deco » ≠ titre SEO Shopify.",Shopify Admin (29 septembre 2026),,contrôle automatique
à faire,info,SEO,SEO_TITLE_NO_DESIGNER,artek-day-bed-710-mattress,Matelas pour lit de repos 710,,,Titre SEO sans créateur alors que custom.designer = Alvar Aalto (format incohérent avec les autres fiches).,Shopify Admin (29 septembre 2026),,contrôle automatique
à faire,info,Description,DESC_PRICE,artek-day-bed-710-mattress,Matelas pour lit de repos 710,,,La description parle de prix : « … emblématique depuis 1935. Revêtement par classe Artek : le prix dépend de la classe de tissu (F40 à F200) ou de cuir (L40 à… ».,Shopify Admin (29 septembre 2026),,contrôle automatique
à faire,info,Canaux,NOT_ON_POS,artek-domus-chair,Chaise Domus,,,Absente du Point de vente (69/160 fiches y sont) : non encaissable en boutique sans ajout.,Shopify Admin (29 septembre 2026),Publier sur le Point de vente si l’article doit être encaissable en boutique.,contrôle automatique
à faire,info,SEO,SEO_TITLE_NO_DESIGNER,artek-domus-chair-seat-and-back-upholstered,Chaise Domus assise et dossier rembourrés,,,Titre SEO sans créateur alors que custom.designer = Ilmari Tapiovaara (format incohérent avec les autres fiches).,Shopify Admin (29 septembre 2026),,contrôle automatique
à faire,info,Stock,IN_STOCK,artek-domus-chair-seat-upholstered,Chaise Domus assise rembourrée,Bouleau — cuir noir,,1 en stock : Bouleau — cuir noir (ART-DCSU-28105102-NAT) (affiché « À voir en boutique »).,Shopify Admin (29 septembre 2026),,contrôle automatique
à faire,info,Canaux,NOT_ON_POS,artek-domus-lounge-chair,Fauteuil Domus,,,Absente du Point de vente (69/160 fiches y sont) : non encaissable en boutique sans ajout.,Shopify Admin (29 septembre 2026),Publier sur le Point de vente si l’article doit être encaissable en boutique.,contrôle automatique
à faire,info,Photos,SHARED_IMAGE_SAME_FINISH,artek-felt-glides,Patins feutre (Lot de 4),,,Photo partagée par des tailles/matières d’une même finition : LG60 (17 × 30 mm) | LG80 (22 × 45 mm) | LG83 (28 × 52 mm).,Shopify Admin (29 septembre 2026),,contrôle automatique
corrigé,info,SEO,SITE_TITLE_DIFF,artek-h55-fabric,Tissu H55 (au mètre),,,Titre de page publié « Tissu H55 (au mètre) Elissa Aalto — Artek | Mikado Deco » ≠ titre SEO Shopify.,Shopify Admin (29 septembre 2026),,contrôle automatique
corrigé,info,SEO,SITE_DESC_DIFF,artek-h55-fabric,Tissu H55 (au mètre),,,Méta-description publiée différente de Shopify.,Shopify Admin (29 septembre 2026),,contrôle automatique
à faire,info,Description,DESC_PRICE,artek-h55-fabric,Tissu H55 (au mètre),,,La description parle de prix : « … et textiles emblématiques depuis 1935. Vendu au mètre : le prix indiqué correspond à 1 mètre linéaire (largeur du tissu : 1… ».,Shopify Admin (29 septembre 2026),,contrôle automatique
à faire,info,Canaux,NOT_ON_POS,artek-high-chair-k65,Chaise de bar K65,,,Absente du Point de vente (69/160 fiches y sont) : non encaissable en boutique sans ajout.,Shopify Admin (29 septembre 2026),Publier sur le Point de vente si l’article doit être encaissable en boutique.,contrôle automatique
à faire,info,Classement,NOT_IN_SIEGES_COLLECTION,artek-high-chair-k65,Chaise de bar K65,,,Type « Chaise de bar » hors de la collection Shopify « sieges » (le site le rattache quand même à Assises par sa sous-catégorie).,Shopify Admin (29 septembre 2026),,contrôle automatique
à faire,info,Canaux,NOT_ON_POS,artek-jl341,Suspension JL341,,,Absente du Point de vente (69/160 fiches y sont) : non encaissable en boutique sans ajout.,Shopify Admin (29 septembre 2026),Publier sur le Point de vente si l’article doit être encaissable en boutique.,contrôle automatique
à faire,info,SEO,SEO_TITLE_NO_DESIGNER,artek-kaari-bureau-mural,Étagère Kaari Bureau Mural,,,Titre SEO sans créateur alors que custom.designer = Ronan & Erwan Bouroullec (format incohérent avec les autres fiches).,Shopify Admin (29 septembre 2026),,contrôle automatique
à faire,info,SEO,SEO_TITLE_NO_DESIGNER,artek-kaari-desk-reb005,Bureau Kaari REB005 150 × 65 cm,,,Titre SEO sans créateur alors que custom.designer = Ronan & Erwan Bouroullec (format incohérent avec les autres fiches).,Shopify Admin (29 septembre 2026),,contrôle automatique
à faire,info,SEO,SEO_TITLE_NO_DESIGNER,artek-kaari-reb006,Console murale Kaari REB006,,,Titre SEO sans créateur alors que custom.designer = Ronan & Erwan Bouroullec (format incohérent avec les autres fiches).,Shopify Admin (29 septembre 2026),,contrôle automatique
à faire,info,Canaux,NOT_ON_POS,artek-kaari-reb007,Étagère Kaari REB007,,,Absente du Point de vente (69/160 fiches y sont) : non encaissable en boutique sans ajout.,Shopify Admin (29 septembre 2026),Publier sur le Point de vente si l’article doit être encaissable en boutique.,contrôle automatique
à faire,info,SEO,SEO_TITLE_NO_DESIGNER,artek-kaari-table-rectangular-reb001,Table Kaari REB001 200 × 85 cm,,,Titre SEO sans créateur alors que custom.designer = Ronan & Erwan Bouroullec (format incohérent avec les autres fiches).,Shopify Admin (29 septembre 2026),,contrôle automatique
à faire,info,SEO,SEO_TITLE_NO_DESIGNER,artek-kaari-table-rectangular-reb002,Table Kaari REB002 240 × 90 cm,,,Titre SEO sans créateur alors que custom.designer = Ronan & Erwan Bouroullec (format incohérent avec les autres fiches).,Shopify Admin (29 septembre 2026),,contrôle automatique
à faire,info,SEO,SEO_TITLE_NO_DESIGNER,artek-kaari-table-rectangular-reb012,Table Kaari REB012 160 × 80 cm,,,Titre SEO sans créateur alors que custom.designer = Ronan & Erwan Bouroullec (format incohérent avec les autres fiches).,Shopify Admin (29 septembre 2026),,contrôle automatique
à faire,info,SEO,SEO_TITLE_NO_DESIGNER,artek-kaari-table-round-reb003,Table Kaari REB003 Ø 80 cm,,,Titre SEO sans créateur alors que custom.designer = Ronan & Erwan Bouroullec (format incohérent avec les autres fiches).,Shopify Admin (29 septembre 2026),,contrôle automatique
à faire,info,SEO,SEO_TITLE_NO_DESIGNER,artek-kaari-table-round-reb004,Table Kaari REB004 Ø 110 cm,,,Titre SEO sans créateur alors que custom.designer = Ronan & Erwan Bouroullec (format incohérent avec les autres fiches).,Shopify Admin (29 septembre 2026),,contrôle automatique
à faire,info,SEO,SEO_TITLE_NO_DESIGNER,artek-kaari-table-square-reb011,Table Kaari REB011 75 × 75 cm,,,Titre SEO sans créateur alors que custom.designer = Ronan & Erwan Bouroullec (format incohérent avec les autres fiches).,Shopify Admin (29 septembre 2026),,contrôle automatique
à faire,info,Canaux,NOT_ON_POS,artek-kaari-wall-hook,Patère murale Kaari,,,Absente du Point de vente (69/160 fiches y sont) : non encaissable en boutique sans ajout.,Shopify Admin (29 septembre 2026),Publier sur le Point de vente si l’article doit être encaissable en boutique.,contrôle automatique
corrigé,info,SEO,SITE_TITLE_DIFF,artek-kanto,Étagère Kanto,,,Titre de page publié « Porte-revues Kanto Pancho Nikander — Artek | Mikado Deco » ≠ titre SEO Shopify.,Shopify Admin (29 septembre 2026),,contrôle automatique
corrigé,info,SEO,SITE_DESC_DIFF,artek-kanto,Étagère Kanto,,,Méta-description publiée différente de Shopify.,Shopify Admin (29 septembre 2026),,contrôle automatique
à faire,info,Classement,NOT_IN_SIEGES_COLLECTION,artek-karuselli-ottoman,Repose-pieds Karuselli,,,Type « Repose-pieds » hors de la collection Shopify « sieges » (le site le rattache quand même à Assises par sa sous-catégorie).,Shopify Admin (29 septembre 2026),,contrôle automatique
à faire,info,Canaux,NOT_ON_POS,artek-kiila-coat-stand,Porte-manteau Kiila,,,Absente du Point de vente (69/160 fiches y sont) : non encaissable en boutique sans ajout.,Shopify Admin (29 septembre 2026),Publier sur le Point de vente si l’article doit être encaissable en boutique.,contrôle automatique
à faire,info,Classement,NOT_IN_SIEGES_COLLECTION,artek-kiki-bench-1-seater,Banc Kiki 1 place,,,Type « Banc » hors de la collection Shopify « sieges » (le site le rattache quand même à Assises par sa sous-catégorie).,Shopify Admin (29 septembre 2026),,contrôle automatique
à faire,info,Description,DESC_PRICE,artek-kiki-bench-1-seater,Banc Kiki 1 place,,,La description parle de prix : « … emblématique depuis 1935. Revêtement par classe Artek : le prix dépend de la classe de tissu (F40 à F200) ou de cuir (L40 à… ».,Shopify Admin (29 septembre 2026),,contrôle automatique
à faire,info,Photos,SHARED_IMAGE_SAME_FINISH,artek-kiki-bench-1-seater,Banc Kiki 1 place,,,Photo partagée par des tailles/matières d’une même finition : Tissu F40 | Tissu F60 | Tissu F80 | Tissu F100 | Tissu F140 | Tissu F200.,Shopify Admin (29 septembre 2026),,contrôle automatique
à faire,info,Photos,SHARED_IMAGE_SAME_FINISH,artek-kiki-bench-1-seater,Banc Kiki 1 place,,,Photo partagée par des tailles/matières d’une même finition : Cuir L40 | Cuir L60.,Shopify Admin (29 septembre 2026),,contrôle automatique
à faire,info,Classement,NOT_IN_SIEGES_COLLECTION,artek-kiki-bench-2-seater,Banc Kiki 2 places,,,Type « Banc » hors de la collection Shopify « sieges » (le site le rattache quand même à Assises par sa sous-catégorie).,Shopify Admin (29 septembre 2026),,contrôle automatique
à faire,info,Description,DESC_PRICE,artek-kiki-bench-2-seater,Banc Kiki 2 places,,,La description parle de prix : « … emblématique depuis 1935. Revêtement par classe Artek : le prix dépend de la classe de tissu (F40 à F200) ou de cuir (L40 à… ».,Shopify Admin (29 septembre 2026),,contrôle automatique
à faire,info,Photos,SHARED_IMAGE_SAME_FINISH,artek-kiki-bench-2-seater,Banc Kiki 2 places,,,Photo partagée par des tailles/matières d’une même finition : Tissu F40 | Tissu F60 | Tissu F80 | Tissu F100 | Tissu F140 | Tissu F200.,Shopify Admin (29 septembre 2026),,contrôle automatique
à faire,info,Photos,SHARED_IMAGE_SAME_FINISH,artek-kiki-bench-2-seater,Banc Kiki 2 places,,,Photo partagée par des tailles/matières d’une même finition : Cuir L40 | Cuir L60.,Shopify Admin (29 septembre 2026),,contrôle automatique
à faire,info,Classement,NOT_IN_SIEGES_COLLECTION,artek-kiki-bench-3-seater,Banc Kiki 3 places,,,Type « Banc » hors de la collection Shopify « sieges » (le site le rattache quand même à Assises par sa sous-catégorie).,Shopify Admin (29 septembre 2026),,contrôle automatique
à faire,info,Description,DESC_PRICE,artek-kiki-bench-3-seater,Banc Kiki 3 places,,,La description parle de prix : « … emblématique depuis 1935. Revêtement par classe Artek : le prix dépend de la classe de tissu (F40 à F200) ou de cuir (L40 à… ».,Shopify Admin (29 septembre 2026),,contrôle automatique
à faire,info,Photos,SHARED_IMAGE_SAME_FINISH,artek-kiki-bench-3-seater,Banc Kiki 3 places,,,Photo partagée par des tailles/matières d’une même finition : Tissu F40 | Tissu F60 | Tissu F80 | Tissu F100 | Tissu F140 | Tissu F200.,Shopify Admin (29 septembre 2026),,contrôle automatique
à faire,info,Photos,SHARED_IMAGE_SAME_FINISH,artek-kiki-bench-3-seater,Banc Kiki 3 places,,,Photo partagée par des tailles/matières d’une même finition : Cuir L40 | Cuir L60.,Shopify Admin (29 septembre 2026),,contrôle automatique
à faire,info,Description,DESC_PRICE,artek-kiki-lounge-chair,Fauteuil Kiki,,,La description parle de prix : « … emblématique depuis 1935. Revêtement par classe Artek : le prix dépend de la classe de tissu (F40 à F200) ou de cuir (L40 à… ».,Shopify Admin (29 septembre 2026),,contrôle automatique
à faire,info,Classement,NOT_IN_SIEGES_COLLECTION,artek-kiki-sofa-2-seater,Canapé Kiki 2 places,,,Type « Canapé » hors de la collection Shopify « sieges » (le site le rattache quand même à Assises par sa sous-catégorie).,Shopify Admin (29 septembre 2026),,contrôle automatique
à faire,info,Description,DESC_PRICE,artek-kiki-sofa-2-seater,Canapé Kiki 2 places,,,La description parle de prix : « … emblématique depuis 1935. Revêtement par classe Artek : le prix dépend de la classe de tissu (F40 à F200) ou de cuir (L40 à… ».,Shopify Admin (29 septembre 2026),,contrôle automatique
à faire,info,Classement,NOT_IN_SIEGES_COLLECTION,artek-kiki-sofa-3-seater,Canapé Kiki 3 places,,,Type « Canapé » hors de la collection Shopify « sieges » (le site le rattache quand même à Assises par sa sous-catégorie).,Shopify Admin (29 septembre 2026),,contrôle automatique
à faire,info,Description,DESC_PRICE,artek-kiki-sofa-3-seater,Canapé Kiki 3 places,,,La description parle de prix : « … emblématique depuis 1935. Revêtement par classe Artek : le prix dépend de la classe de tissu (F40 à F200) ou de cuir (L40 à… ».,Shopify Admin (29 septembre 2026),,contrôle automatique
à faire,info,Canaux,NOT_ON_POS,artek-kori-floor-light-eu,Lampadaire Kori,,,Absente du Point de vente (69/160 fiches y sont) : non encaissable en boutique sans ajout.,Shopify Admin (29 septembre 2026),Publier sur le Point de vente si l’article doit être encaissable en boutique.,contrôle automatique
à faire,info,Handle,HANDLE_EU,artek-kori-floor-light-eu,Lampadaire Kori,,,Handle avec suffixe fournisseur « -eu ». À conserver (URL publiée) mais ne pas le reproduire dans les tags.,Shopify Admin (29 septembre 2026),,contrôle automatique
à faire,info,Canaux,NOT_ON_POS,artek-kori-pendant-light-eu,Suspension Kori,,,Absente du Point de vente (69/160 fiches y sont) : non encaissable en boutique sans ajout.,Shopify Admin (29 septembre 2026),Publier sur le Point de vente si l’article doit être encaissable en boutique.,contrôle automatique
à faire,info,Handle,HANDLE_EU,artek-kori-pendant-light-eu,Suspension Kori,,,Handle avec suffixe fournisseur « -eu ». À conserver (URL publiée) mais ne pas le reproduire dans les tags.,Shopify Admin (29 septembre 2026),,contrôle automatique
à faire,info,Canaux,NOT_ON_POS,artek-kori-pendant-light-with-disc-shade-eu,Suspension Kori Disc,,,Absente du Point de vente (69/160 fiches y sont) : non encaissable en boutique sans ajout.,Shopify Admin (29 septembre 2026),Publier sur le Point de vente si l’article doit être encaissable en boutique.,contrôle automatique
à faire,info,Handle,HANDLE_EU,artek-kori-pendant-light-with-disc-shade-eu,Suspension Kori Disc,,,Handle avec suffixe fournisseur « -eu ». À conserver (URL publiée) mais ne pas le reproduire dans les tags.,Shopify Admin (29 septembre 2026),,contrôle automatique
à faire,info,Canaux,NOT_ON_POS,artek-kori-pendant-light-with-dune-shade-eu,Suspension Kori Dune,,,Absente du Point de vente (69/160 fiches y sont) : non encaissable en boutique sans ajout.,Shopify Admin (29 septembre 2026),Publier sur le Point de vente si l’article doit être encaissable en boutique.,contrôle automatique
à faire,info,Handle,HANDLE_EU,artek-kori-pendant-light-with-dune-shade-eu,Suspension Kori Dune,,,Handle avec suffixe fournisseur « -eu ». À conserver (URL publiée) mais ne pas le reproduire dans les tags.,Shopify Admin (29 septembre 2026),,contrôle automatique
à faire,info,Canaux,NOT_ON_POS,artek-kori-table-light-eu,Lampe de table Kori,,,Absente du Point de vente (69/160 fiches y sont) : non encaissable en boutique sans ajout.,Shopify Admin (29 septembre 2026),Publier sur le Point de vente si l’article doit être encaissable en boutique.,contrôle automatique
à faire,info,Handle,HANDLE_EU,artek-kori-table-light-eu,Lampe de table Kori,,,Handle avec suffixe fournisseur « -eu ». À conserver (URL publiée) mais ne pas le reproduire dans les tags.,Shopify Admin (29 septembre 2026),,contrôle automatique
à faire,info,Classement,NOT_IN_LUMINAIRES_FAMILY,artek-kori-table-light-eu,Lampe de table Kori,,,"Absente de la collection Shopify « luminaires » (règle sans « Lampe de table »), mais visible sur le site dans la famille Luminaires via la sous-catégorie Lampes de table (vérifié en ligne le 29 septembre).","collections.json luminaires.ruleSet ; dossier collections = [artek, lampes-de-table, hors-promotions].","Ajouter TYPE = Lampe de table (et Lampe de chevet) à la collection luminaires, ou passer le type à « Lampe ».",examen détaillé
à faire,info,Canaux,NOT_ON_POS,artek-lounge-chair-43,Fauteuil 43,,,Absente du Point de vente (69/160 fiches y sont) : non encaissable en boutique sans ajout.,Shopify Admin (29 septembre 2026),Publier sur le Point de vente si l’article doit être encaissable en boutique.,contrôle automatique
à faire,info,SEO,SEO_TITLE_NO_DESIGNER,artek-lounge-chair-43,Fauteuil 43,,,Titre SEO sans créateur alors que custom.designer = Alvar Aalto (format incohérent avec les autres fiches).,Shopify Admin (29 septembre 2026),,contrôle automatique
à faire,info,SEO,SEO_TITLE_NO_DESIGNER,artek-mademoiselle-rocking-chair,Fauteuil à bascule Mademoiselle,,,Titre SEO sans créateur alors que custom.designer = Ilmari Tapiovaara (format incohérent avec les autres fiches).,Shopify Admin (29 septembre 2026),,contrôle automatique
à faire,info,Classement,NOT_IN_SIEGES_COLLECTION,artek-rival-chair-kg002,Chaise de bureau Rival KG002,,,Type « Chaise de bureau » hors de la collection Shopify « sieges » (le site le rattache quand même à Assises par sa sous-catégorie).,Shopify Admin (29 septembre 2026),,contrôle automatique
corrigé,info,Description,DESC_PRICE,artek-rival-chair-kg002,Chaise de bureau Rival KG002,,,"La description parle de prix : « …tement bouleau naturel, laqué blanc ou laqué asphalte (même prix) — précisé à la commande.… ».",Shopify Admin (29 septembre 2026),,contrôle automatique
à faire,info,Canaux,NOT_ON_POS,artek-rivi-canvas-bag,Sac en toile Rivi,,,Absente du Point de vente (69/160 fiches y sont) : non encaissable en boutique sans ajout.,Shopify Admin (29 septembre 2026),Publier sur le Point de vente si l’article doit être encaissable en boutique.,contrôle automatique
à faire,info,Canaux,NOT_ON_POS,artek-rivi-cushion-cover,Housse de coussin Rivi,,,Absente du Point de vente (69/160 fiches y sont) : non encaissable en boutique sans ajout.,Shopify Admin (29 septembre 2026),Publier sur le Point de vente si l’article doit être encaissable en boutique.,contrôle automatique
corrigé,info,Description,DESC_PRICE,artek-rivi-fabric,Tissu Rivi (au mètre),,,La description parle de prix : « …dimension du tissu est de 150 × 300 cm. Vendu au mètre : le prix indiqué correspond à 1 mètre linéaire (largeur du tissu : 1… ».,Shopify Admin (29 septembre 2026),,contrôle automatique
à faire,info,Photos,SHARED_IMAGE_SAME_FINISH,artek-rivi-fabric,Tissu Rivi (au mètre),,,Photo partagée par des tailles/matières d’une même finition : Blanc/bleu / Coton | Blanc/bleu / Coton enduit | Blanc/bleu / Toile de coton.,Shopify Admin (29 septembre 2026),,contrôle automatique
à faire,info,Photos,SHARED_IMAGE_SAME_FINISH,artek-rivi-fabric,Tissu Rivi (au mètre),,,Photo partagée par des tailles/matières d’une même finition : Bleu/blanc / Coton | Bleu/blanc / Coton enduit | Bleu/blanc / Toile de coton.,Shopify Admin (29 septembre 2026),,contrôle automatique
à faire,info,Photos,SHARED_IMAGE_SAME_FINISH,artek-rivi-fabric,Tissu Rivi (au mètre),,,Photo partagée par des tailles/matières d’une même finition : Moutarde/blanc / Coton | Moutarde/blanc / Coton enduit | Moutarde/blanc / Toile de coton.,Shopify Admin (29 septembre 2026),,contrôle automatique
à faire,info,Photos,SHARED_IMAGE_SAME_FINISH,artek-rivi-fabric,Tissu Rivi (au mètre),,,Photo partagée par des tailles/matières d’une même finition : Noir/blanc / Coton | Noir/blanc / Coton enduit | Noir/blanc / Toile de coton.,Shopify Admin (29 septembre 2026),,contrôle automatique
à faire,info,Canaux,NOT_ON_POS,artek-rivi-pouch,Pochette Rivi,,,Absente du Point de vente (69/160 fiches y sont) : non encaissable en boutique sans ajout.,Shopify Admin (29 septembre 2026),Publier sur le Point de vente si l’article doit être encaissable en boutique.,contrôle automatique
à faire,info,SEO,SEO_TITLE_NO_DESIGNER,artek-rivi-pre-cut-fabric,Coupon de tissu Rivi (150 × 300 cm),,,Titre SEO sans créateur alors que custom.designer = Ronan & Erwan Bouroullec (format incohérent avec les autres fiches).,Shopify Admin (29 septembre 2026),,contrôle automatique
à faire,info,Photos,SHARED_IMAGE_SAME_FINISH,artek-rivi-pre-cut-fabric,Coupon de tissu Rivi (150 × 300 cm),,,Photo partagée par des tailles/matières d’une même finition : Blanc/bleu / Coton | Blanc/bleu / Coton enduit | Blanc/bleu / Toile de coton.,Shopify Admin (29 septembre 2026),,contrôle automatique
à faire,info,Photos,SHARED_IMAGE_SAME_FINISH,artek-rivi-pre-cut-fabric,Coupon de tissu Rivi (150 × 300 cm),,,Photo partagée par des tailles/matières d’une même finition : Bleu/blanc / Coton | Bleu/blanc / Coton enduit | Bleu/blanc / Toile de coton.,Shopify Admin (29 septembre 2026),,contrôle automatique
à faire,info,Photos,SHARED_IMAGE_SAME_FINISH,artek-rivi-pre-cut-fabric,Coupon de tissu Rivi (150 × 300 cm),,,Photo partagée par des tailles/matières d’une même finition : Moutarde/blanc / Coton | Moutarde/blanc / Coton enduit | Moutarde/blanc / Toile de coton.,Shopify Admin (29 septembre 2026),,contrôle automatique
à faire,info,Photos,SHARED_IMAGE_SAME_FINISH,artek-rivi-pre-cut-fabric,Coupon de tissu Rivi (150 × 300 cm),,,Photo partagée par des tailles/matières d’une même finition : Noir/blanc / Coton | Noir/blanc / Coton enduit | Noir/blanc / Toile de coton.,Shopify Admin (29 septembre 2026),,contrôle automatique
à faire,info,Canaux,NOT_ON_POS,artek-rivi-tray,Plateau Rivi,,,Absente du Point de vente (69/160 fiches y sont) : non encaissable en boutique sans ajout.,Shopify Admin (29 septembre 2026),Publier sur le Point de vente si l’article doit être encaissable en boutique.,contrôle automatique
à faire,info,Classement,NOT_IN_SIEGES_COLLECTION,artek-rocket-bar-stool,Tabouret de bar Rocket,,,Type « Tabouret de bar » hors de la collection Shopify « sieges » (le site le rattache quand même à Assises par sa sous-catégorie).,Shopify Admin (29 septembre 2026),,contrôle automatique
à faire,info,Canaux,NOT_ON_POS,artek-rope-chair,Chaise Rope,,,Absente du Point de vente (69/160 fiches y sont) : non encaissable en boutique sans ajout.,Shopify Admin (29 septembre 2026),Publier sur le Point de vente si l’article doit être encaissable en boutique.,contrôle automatique
à faire,info,Stock,IN_STOCK,artek-screen-100,Paravent 100,130 x 200 cm,,1 en stock : 130 x 200 cm (ART-S100-28500252) (affiché « À voir en boutique »).,Shopify Admin (29 septembre 2026),,contrôle automatique
à faire,info,SEO,SEO_TITLE_NO_DESIGNER,artek-secrets-of-finland,Accessoire Secrets of Finland,,,Titre SEO sans créateur alors que custom.designer = COMPANY (format incohérent avec les autres fiches).,Shopify Admin (29 septembre 2026),,contrôle automatique
à faire,info,Canaux,NOT_ON_POS,artek-side-table-606,Table d'appoint 606,,,Absente du Point de vente (69/160 fiches y sont) : non encaissable en boutique sans ajout.,Shopify Admin (29 septembre 2026),Publier sur le Point de vente si l’article doit être encaissable en boutique.,contrôle automatique
à faire,info,Canaux,NOT_ON_POS,artek-side-table-915,Table d'appoint 915,,,Absente du Point de vente (69/160 fiches y sont) : non encaissable en boutique sans ajout.,Shopify Admin (29 septembre 2026),Publier sur le Point de vente si l’article doit être encaissable en boutique.,contrôle automatique
à faire,info,SEO,SEO_TITLE_NO_DESIGNER,artek-side-table-915,Table d'appoint 915,,,Titre SEO sans créateur alors que custom.designer = Alvar Aalto (format incohérent avec les autres fiches).,Shopify Admin (29 septembre 2026),,contrôle automatique
à faire,info,Canaux,NOT_ON_POS,artek-siena-canvas-bag,Sac en toile Siena,,,Absente du Point de vente (69/160 fiches y sont) : non encaissable en boutique sans ajout.,Shopify Admin (29 septembre 2026),Publier sur le Point de vente si l’article doit être encaissable en boutique.,contrôle automatique
corrigé,info,Description,DESC_PRICE,artek-siena-fabric,Tissu Siena (au mètre),,,La description parle de prix : « …dimension du tissu est de 150 × 300 cm. Vendu au mètre : le prix indiqué correspond à 1 mètre linéaire (largeur du tissu : 1… ».,Shopify Admin (29 septembre 2026),,contrôle automatique
à faire,info,Photos,SHARED_IMAGE_SAME_FINISH,artek-siena-fabric,Tissu Siena (au mètre),,,Photo partagée par des tailles/matières d’une même finition : Blanc/blanc / Coton | Blanc/blanc / Coton enduit.,Shopify Admin (29 septembre 2026),,contrôle automatique
à faire,info,Photos,SHARED_IMAGE_SAME_FINISH,artek-siena-fabric,Tissu Siena (au mètre),,,Photo partagée par des tailles/matières d’une même finition : Blanc/noir / Coton | Blanc/noir / Coton enduit | Blanc/noir / Toile de coton.,Shopify Admin (29 septembre 2026),,contrôle automatique
à faire,info,Photos,SHARED_IMAGE_SAME_FINISH,artek-siena-fabric,Tissu Siena (au mètre),,,Photo partagée par des tailles/matières d’une même finition : Sable/blanc / Coton | Sable/blanc / Coton enduit | Sable/blanc / Toile de coton.,Shopify Admin (29 septembre 2026),,contrôle automatique
à faire,info,Photos,SHARED_IMAGE_SAME_FINISH,artek-siena-fabric,Tissu Siena (au mètre),,,Photo partagée par des tailles/matières d’une même finition : Brique/sable ombré / Coton | Brique/sable ombré / Coton enduit | Brique/sable ombré / Toile de coton.,Shopify Admin (29 septembre 2026),,contrôle automatique
à faire,info,Photos,SHARED_IMAGE_SAME_FINISH,artek-siena-fabric,Tissu Siena (au mètre),,,Photo partagée par des tailles/matières d’une même finition : Gris/gris clair ombré / Coton | Gris/gris clair ombré / Coton enduit | Gris/gris clair ombré / Toile de coton.,Shopify Admin (29 septembre 2026),,contrôle automatique
à faire,info,Photos,SHARED_IMAGE_SAME_FINISH,artek-siena-pre-cut-fabric,Coupon de tissu Siena (150 × 300 cm),,,Photo partagée par des tailles/matières d’une même finition : Blanc/noir / Coton | Blanc/noir / Coton enduit | Blanc/noir / Toile de coton.,Shopify Admin (29 septembre 2026),,contrôle automatique
à faire,info,Photos,SHARED_IMAGE_SAME_FINISH,artek-siena-pre-cut-fabric,Coupon de tissu Siena (150 × 300 cm),,,Photo partagée par des tailles/matières d’une même finition : Blanc/blanc / Coton | Blanc/blanc / Coton enduit.,Shopify Admin (29 septembre 2026),,contrôle automatique
à faire,info,Photos,SHARED_IMAGE_SAME_FINISH,artek-siena-pre-cut-fabric,Coupon de tissu Siena (150 × 300 cm),,,Photo partagée par des tailles/matières d’une même finition : Sable/blanc / Coton | Sable/blanc / Coton enduit | Sable/blanc / Toile de coton.,Shopify Admin (29 septembre 2026),,contrôle automatique
à faire,info,Photos,SHARED_IMAGE_SAME_FINISH,artek-siena-pre-cut-fabric,Coupon de tissu Siena (150 × 300 cm),,,Photo partagée par des tailles/matières d’une même finition : Brique/sable ombré / Coton | Brique/sable ombré / Coton enduit | Brique/sable ombré / Toile de coton.,Shopify Admin (29 septembre 2026),,contrôle automatique
à faire,info,Photos,SHARED_IMAGE_SAME_FINISH,artek-siena-pre-cut-fabric,Coupon de tissu Siena (150 × 300 cm),,,Photo partagée par des tailles/matières d’une même finition : Gris/gris clair ombré / Coton | Gris/gris clair ombré / Coton enduit | Gris/gris clair ombré / Toile de coton.,Shopify Admin (29 septembre 2026),,contrôle automatique
à faire,info,Description,DESC_CARRY_AWAY,artek-stool-60,Tabouret 60,,,"Mention « emballage Carry Away » (nom anglais du fabricant, non expliqué).",Shopify Admin (29 septembre 2026),,contrôle automatique
à faire,info,Description,DESC_WARRANTY,artek-stool-60,Tabouret 60,,,"Promesse « garantie à vie » (garantie fabricant Artek, usage domestique) : à vérifier et à préciser dans custom.warranty.",Shopify Admin (29 septembre 2026),,contrôle automatique
corrigé,info,Stock,IN_STOCK,artek-stool-60,Tabouret 60,Laqué rouge,,1 en stock : Laqué rouge (ART-S60-28000185) (affiché « À voir en boutique »).,Shopify Admin (29 septembre 2026),,contrôle automatique
à faire,info,Canaux,NOT_ON_POS,artek-stool-e60,Tabouret E60,,,Absente du Point de vente (69/160 fiches y sont) : non encaissable en boutique sans ajout.,Shopify Admin (29 septembre 2026),Publier sur le Point de vente si l’article doit être encaissable en boutique.,contrôle automatique
à faire,info,Description,DESC_CARRY_AWAY,artek-stool-e60,Tabouret E60,,,"Mention « emballage Carry Away » (nom anglais du fabricant, non expliqué).",Shopify Admin (29 septembre 2026),,contrôle automatique
à faire,info,Description,DESC_WARRANTY,artek-stool-e60,Tabouret E60,,,"Promesse « garantie à vie » (garantie fabricant Artek, usage domestique) : à vérifier et à préciser dans custom.warranty.",Shopify Admin (29 septembre 2026),,contrôle automatique
à faire,info,Canaux,NOT_ON_POS,artek-tea-trolley-900,Table basse Tea Trolley 900,,,Absente du Point de vente (69/160 fiches y sont) : non encaissable en boutique sans ajout.,Shopify Admin (29 septembre 2026),Publier sur le Point de vente si l’article doit être encaissable en boutique.,contrôle automatique
à faire,info,Canaux,NOT_ON_POS,artek-tea-trolley-901,Table basse Tea Trolley 901,,,Absente du Point de vente (69/160 fiches y sont) : non encaissable en boutique sans ajout.,Shopify Admin (29 septembre 2026),Publier sur le Point de vente si l’article doit être encaissable en boutique.,contrôle automatique
à faire,info,Canaux,NOT_ON_POS,artek-trienna-table,Table basse Trienna,,,Absente du Point de vente (69/160 fiches y sont) : non encaissable en boutique sans ajout.,Shopify Admin (29 septembre 2026),Publier sur le Point de vente si l’article doit être encaissable en boutique.,contrôle automatique
à faire,info,Canaux,NOT_ON_POS,artek-tupla-wall-hook,Patère murale Tupla,,,Absente du Point de vente (69/160 fiches y sont) : non encaissable en boutique sans ajout.,Shopify Admin (29 septembre 2026),Publier sur le Point de vente si l’article doit être encaissable en boutique.,contrôle automatique
à faire,info,Canaux,NOT_ON_POS,artek-wall-light-a330s-eu,Applique A330S,,,Absente du Point de vente (69/160 fiches y sont) : non encaissable en boutique sans ajout.,Shopify Admin (29 septembre 2026),Publier sur le Point de vente si l’article doit être encaissable en boutique.,contrôle automatique
à faire,info,Handle,HANDLE_EU,artek-wall-light-a330s-eu,Applique A330S,,,Handle avec suffixe fournisseur « -eu ». À conserver (URL publiée) mais ne pas le reproduire dans les tags.,Shopify Admin (29 septembre 2026),,contrôle automatique
à faire,info,Canaux,NOT_ON_POS,artek-wall-light-a910,Applique A910,,,Absente du Point de vente (69/160 fiches y sont) : non encaissable en boutique sans ajout.,Shopify Admin (29 septembre 2026),Publier sur le Point de vente si l’article doit être encaissable en boutique.,contrôle automatique
corrigé,info,SEO,SITE_TITLE_DIFF,artek-wall-light-a910,Applique A910,,,Titre de page publié « Applique A910 — Artek | Mikado Deco » ≠ titre SEO Shopify.,Shopify Admin (29 septembre 2026),,contrôle automatique
corrigé,info,SEO,SITE_DESC_DIFF,artek-wall-light-a910,Applique A910,,,Méta-description publiée différente de Shopify.,Shopify Admin (29 septembre 2026),,contrôle automatique
à faire,info,Description,DESC_PRICE,artek-webbing,Sangle en lin (au mètre),,,La description parle de prix : « …ns la section matériaux et dimensions. Vendue au mètre : le prix indiqué correspond à 1 mètre linéaire de sangle en lin.… ».,Shopify Admin (29 septembre 2026),,contrôle automatique
corrigé,info,SEO,SITE_TITLE_DIFF,artek-zebra-fabric,Tissu Zebra (au mètre),,,Titre de page publié « Tissu Zebra (au mètre) — Artek | Mikado Deco » ≠ titre SEO Shopify.,Shopify Admin (29 septembre 2026),,contrôle automatique
corrigé,info,SEO,SITE_DESC_DIFF,artek-zebra-fabric,Tissu Zebra (au mètre),,,Méta-description publiée différente de Shopify.,Shopify Admin (29 septembre 2026),,contrôle automatique
à faire,info,Description,DESC_PRICE,artek-zebra-fabric,Tissu Zebra (au mètre),,,La description parle de prix : « …in et d'autres textiles pour la maison. Vendu au mètre : le prix indiqué correspond à 1 mètre linéaire (largeur du tissu : 1… ».,Shopify Admin (29 septembre 2026),,contrôle automatique
corrigé,info,SEO,SITE_TITLE_DIFF,artek-zebra-pouch,Pochette Zebra,,,Titre de page publié « Pochette Zebra — Artek | Mikado Deco » ≠ titre SEO Shopify.,Shopify Admin (29 septembre 2026),,contrôle automatique
corrigé,info,SEO,SITE_DESC_DIFF,artek-zebra-pouch,Pochette Zebra,,,Méta-description publiée différente de Shopify.,Shopify Admin (29 septembre 2026),,contrôle automatique
corrigé,info,SEO,SITE_TITLE_DIFF,artek-zebra-seat-cushion,Coussin d'assise Zebra,,,Titre de page publié « Coussin d'assise Zebra — Artek | Mikado Deco » ≠ titre SEO Shopify.,Shopify Admin (29 septembre 2026),,contrôle automatique
corrigé,info,SEO,SITE_DESC_DIFF,artek-zebra-seat-cushion,Coussin d'assise Zebra,,,Méta-description publiée différente de Shopify.,Shopify Admin (29 septembre 2026),,contrôle automatique
corrigé,info,SEO,SITE_TITLE_DIFF,artek-zebra-tote-bag,Sac cabas Zebra,,,Titre de page publié « Sac cabas Zebra — Artek | Mikado Deco » ≠ titre SEO Shopify.,Shopify Admin (29 septembre 2026),,contrôle automatique
corrigé,info,SEO,SITE_DESC_DIFF,artek-zebra-tote-bag,Sac cabas Zebra,,,Méta-description publiée différente de Shopify.,Shopify Admin (29 septembre 2026),,contrôle automatique
à faire,info,Canaux,NOT_ON_POS,cache-pot-riihitie-20-5-x-16-cm,Cache-pot Riihitie 21 × 16 cm,,,Absente du Point de vente (69/160 fiches y sont) : non encaissable en boutique sans ajout.,Shopify Admin (29 septembre 2026),Publier sur le Point de vente si l’article doit être encaissable en boutique.,contrôle automatique
à faire,info,SEO,SEO_TITLE_NO_DESIGNER,cache-pot-riihitie-20-5-x-16-cm,Cache-pot Riihitie 21 × 16 cm,,,Titre SEO sans créateur alors que custom.designer = Aino Aalto (format incohérent avec les autres fiches).,Shopify Admin (29 septembre 2026),,contrôle automatique
à faire,info,Canaux,NOT_ON_POS,cache-pot-riihitie-28-x-23-cm,Cache-pot Riihitie 28 × 23 cm,,,Absente du Point de vente (69/160 fiches y sont) : non encaissable en boutique sans ajout.,Shopify Admin (29 septembre 2026),Publier sur le Point de vente si l’article doit être encaissable en boutique.,contrôle automatique
à faire,info,SEO,SEO_TITLE_NO_DESIGNER,cache-pot-riihitie-28-x-23-cm,Cache-pot Riihitie 28 × 23 cm,,,Titre SEO sans créateur alors que custom.designer = Aino Aalto (format incohérent avec les autres fiches).,Shopify Admin (29 septembre 2026),,contrôle automatique
à faire,info,Canaux,NOT_ON_POS,cache-pot-riihitie-40-x-27-cm,Cache-pot Riihitie 40 × 27 cm,,,Absente du Point de vente (69/160 fiches y sont) : non encaissable en boutique sans ajout.,Shopify Admin (29 septembre 2026),Publier sur le Point de vente si l’article doit être encaissable en boutique.,contrôle automatique
à faire,info,SEO,SEO_TITLE_NO_DESIGNER,cache-pot-riihitie-40-x-27-cm,Cache-pot Riihitie 40 × 27 cm,,,Titre SEO sans créateur alors que custom.designer = Aino Aalto (format incohérent avec les autres fiches).,Shopify Admin (29 septembre 2026),,contrôle automatique
à faire,info,Canaux,NOT_ON_POS,chaise-de-bar-64-h65,Chaise de bar 64 H65,,,Absente du Point de vente (69/160 fiches y sont) : non encaissable en boutique sans ajout.,Shopify Admin (29 septembre 2026),Publier sur le Point de vente si l’article doit être encaissable en boutique.,contrôle automatique
à faire,info,Classement,NOT_IN_SIEGES_COLLECTION,chaise-de-bar-64-h65,Chaise de bar 64 H65,,,Type « Chaise de bar » hors de la collection Shopify « sieges » (le site le rattache quand même à Assises par sa sous-catégorie).,Shopify Admin (29 septembre 2026),,contrôle automatique
à faire,info,SEO,SEO_TITLE_NO_DESIGNER,chaise-de-bar-64-h65,Chaise de bar 64 H65,,,Titre SEO sans créateur alors que custom.designer = Alvar Aalto (format incohérent avec les autres fiches).,Shopify Admin (29 septembre 2026),,contrôle automatique
à faire,info,Canaux,NOT_ON_POS,chaise-de-bar-64-h75,Chaise de bar 64 H75,,,Absente du Point de vente (69/160 fiches y sont) : non encaissable en boutique sans ajout.,Shopify Admin (29 septembre 2026),Publier sur le Point de vente si l’article doit être encaissable en boutique.,contrôle automatique
à faire,info,Classement,NOT_IN_SIEGES_COLLECTION,chaise-de-bar-64-h75,Chaise de bar 64 H75,,,Type « Chaise de bar » hors de la collection Shopify « sieges » (le site le rattache quand même à Assises par sa sous-catégorie).,Shopify Admin (29 septembre 2026),,contrôle automatique
à faire,info,SEO,SEO_TITLE_NO_DESIGNER,chaise-de-bar-64-h75,Chaise de bar 64 H75,,,Titre SEO sans créateur alors que custom.designer = Alvar Aalto (format incohérent avec les autres fiches).,Shopify Admin (29 septembre 2026),,contrôle automatique
à faire,info,Canaux,NOT_ON_POS,chaise-de-bar-atelier-h65,Chaise de bar Atelier H65,,,Absente du Point de vente (69/160 fiches y sont) : non encaissable en boutique sans ajout.,Shopify Admin (29 septembre 2026),Publier sur le Point de vente si l’article doit être encaissable en boutique.,contrôle automatique
à faire,info,Classement,NOT_IN_SIEGES_COLLECTION,chaise-de-bar-atelier-h65,Chaise de bar Atelier H65,,,Type « Chaise de bar » hors de la collection Shopify « sieges » (le site le rattache quand même à Assises par sa sous-catégorie).,Shopify Admin (29 septembre 2026),,contrôle automatique
à faire,info,SEO,SEO_TITLE_NO_DESIGNER,chaise-de-bar-atelier-h65,Chaise de bar Atelier H65,,,Titre SEO sans créateur alors que custom.designer = TAF Studio (format incohérent avec les autres fiches).,Shopify Admin (29 septembre 2026),,contrôle automatique
à faire,info,Canaux,NOT_ON_POS,chaise-de-bar-atelier-h75,Chaise de bar Atelier H75,,,Absente du Point de vente (69/160 fiches y sont) : non encaissable en boutique sans ajout.,Shopify Admin (29 septembre 2026),Publier sur le Point de vente si l’article doit être encaissable en boutique.,contrôle automatique
à faire,info,Classement,NOT_IN_SIEGES_COLLECTION,chaise-de-bar-atelier-h75,Chaise de bar Atelier H75,,,Type « Chaise de bar » hors de la collection Shopify « sieges » (le site le rattache quand même à Assises par sa sous-catégorie).,Shopify Admin (29 septembre 2026),,contrôle automatique
à faire,info,SEO,SEO_TITLE_NO_DESIGNER,chaise-de-bar-atelier-h75,Chaise de bar Atelier H75,,,Titre SEO sans créateur alors que custom.designer = TAF Studio (format incohérent avec les autres fiches).,Shopify Admin (29 septembre 2026),,contrôle automatique
à faire,info,Canaux,NOT_ON_POS,table-basse-kiki-100-x-60-cm,Table basse Kiki 100 × 60 cm,,,Absente du Point de vente (69/160 fiches y sont) : non encaissable en boutique sans ajout.,Shopify Admin (29 septembre 2026),Publier sur le Point de vente si l’article doit être encaissable en boutique.,contrôle automatique
à faire,info,SEO,SEO_TITLE_NO_DESIGNER,table-basse-kiki-100-x-60-cm,Table basse Kiki 100 × 60 cm,,,Titre SEO sans créateur alors que custom.designer = Ilmari Tapiovaara (format incohérent avec les autres fiches).,Shopify Admin (29 septembre 2026),,contrôle automatique
à faire,info,Canaux,NOT_ON_POS,table-basse-kiki-140-x-60-cm,Table basse Kiki 140 × 60 cm,,,Absente du Point de vente (69/160 fiches y sont) : non encaissable en boutique sans ajout.,Shopify Admin (29 septembre 2026),Publier sur le Point de vente si l’article doit être encaissable en boutique.,contrôle automatique
à faire,info,SEO,SEO_TITLE_NO_DESIGNER,table-basse-kiki-140-x-60-cm,Table basse Kiki 140 × 60 cm,,,Titre SEO sans créateur alors que custom.designer = Ilmari Tapiovaara (format incohérent avec les autres fiches).,Shopify Admin (29 septembre 2026),,contrôle automatique
à faire,info,Canaux,NOT_ON_POS,table-basse-kiki-60-x-60-cm,Table basse Kiki 60 × 60 cm,,,Absente du Point de vente (69/160 fiches y sont) : non encaissable en boutique sans ajout.,Shopify Admin (29 septembre 2026),Publier sur le Point de vente si l’article doit être encaissable en boutique.,contrôle automatique
à faire,info,SEO,SEO_TITLE_NO_DESIGNER,table-basse-kiki-60-x-60-cm,Table basse Kiki 60 × 60 cm,,,Titre SEO sans créateur alors que custom.designer = Ilmari Tapiovaara (format incohérent avec les autres fiches).,Shopify Admin (29 septembre 2026),,contrôle automatique
