handle,produit,position,rôle sur le site,photo principale,variantes liées,largeur,hauteur,alt,fichier,constats
artek-stool-60,Tabouret 60,1,variante,oui,Bouleau,882,882,Tabouret 60 — Bouleau,packshot-e01e0255019639aedaa350c2702d0f61.png,
artek-stool-60,Tabouret 60,2,galerie,,,1656,1656,Tabouret 60 — Artek,9427069_Artek-Crafted-Through-Time-In-situ-Armchair-45-Stool-60_master.jpg,"[faible] Les alts des galeries ne décrivent pas la scène : #2 montre un Fauteuil 45 avec un Tabouret 60, #4 un Tabouret 60 teinté noyer, #22 une pile de tabourets colorés."
artek-stool-60,Tabouret 60,3,galerie,,,4961,3968,Tabouret 60 — Artek,Stool60wildbirch7_master.jpg,
artek-stool-60,Tabouret 60,4,galerie,,,1000,1000,Tabouret 60 — Artek,artek-stool-60-walnut-stained-screen-100.jpg,
artek-stool-60,Tabouret 60,5,variante,,Bouleau sauvage,1200,1200,Tabouret 60 — Bouleau sauvage,artek-stool-60-wild-birch-legs-natural-lacquered-birch-veneer-top.jpg,
artek-stool-60,Tabouret 60,6,variante,,Lamifié blanc,1200,1200,Tabouret 60 — Lamifié blanc,artek-stool-60-birch-legs-white-hpl-seat.jpg,
artek-stool-60,Tabouret 60,7,variante,,Linoléum noir,1200,1200,Tabouret 60 — Linoléum noir,artek-stool-60-birch-legs-black-linoleum-seat.jpg,
artek-stool-60,Tabouret 60,8,variante,,Verni naturel / laqué noir,1200,1200,Tabouret 60 — Verni naturel / laqué noir,artek-stool-60-clear-lacquer-legs-black-top.jpg,
artek-stool-60,Tabouret 60,9,variante,,Verni naturel / laqué blanc,1200,1200,Tabouret 60 — Verni naturel / laqué blanc,artek-stool-60-clear-lacquer-legs-white-top.jpg,
artek-stool-60,Tabouret 60,10,variante,,Laqué orange,1200,1200,Tabouret 60 — Laqué orange,artek-stool-60-clear-lacquer-legs-orange-top.jpg,
artek-stool-60,Tabouret 60,11,variante,,Laqué jaune,1200,1200,Tabouret 60 — Laqué jaune,artek-stool-60-clear-lacquer-legs-yellow-top.jpg,
artek-stool-60,Tabouret 60,12,variante,,Laqué vert,1200,1200,Tabouret 60 — Laqué vert,artek-stool-60-clear-lacquer-legs-green-top.jpg,
artek-stool-60,Tabouret 60,13,variante,,Laqué pétrole,2000,2000,Tabouret 60 — Laqué pétrole,Stool-60-clear-lacquer_-top-petrol_web.jpg,
artek-stool-60,Tabouret 60,14,variante,,Laqué rouge,2000,2000,Tabouret 60 — Laqué rouge,Stool-60-clear-lacquer_-top-red_web.jpg,
artek-stool-60,Tabouret 60,15,variante,,Laqué bleu,2000,2000,Tabouret 60 — Laqué bleu,Stool-60-clear-lacquer_-top-blue_web.jpg,
artek-stool-60,Tabouret 60,16,variante,,Laqué gris,2000,2000,Tabouret 60 — Laqué gris,Stool-60-clear-lacquer_-top-grey_web.jpg,
artek-stool-60,Tabouret 60,17,variante,,Laqué blanc,1200,1200,Tabouret 60 — Laqué blanc,artek-stool-60-white-lacquer.jpg,
artek-stool-60,Tabouret 60,18,variante,,Laqué noir,1200,1200,Tabouret 60 — Laqué noir,artek-stool-60-black-lacquer.jpg,
artek-stool-60,Tabouret 60,19,variante,,Teinté noyer,1200,1200,Tabouret 60 — Teinté noyer,artek-stool-60-walnut-stain.jpg,
artek-stool-60,Tabouret 60,20,variante,,Teinté miel,1200,1200,Tabouret 60 — Teinté miel,artek-stool-60-honey-stain.jpg,
artek-stool-60,Tabouret 60,21,galerie,,,2000,2000,Tabouret 60 — Artek,Stool-60_birch-pale-pink_web_94afbdcc-bbb4-4391-b290-03590f0315c8.jpg,"[moyen] La photo de galerie #21 est un packshot d'un Tabouret 60 à assise rose pâle, finition qui n'est proposée ni par la fiche ni dans la liste de variantes Artek actuelle. Non liée à une variante, elle apparaît dans la bande « ambiances » et laisse croire qu'un rose existe."
artek-stool-60,Tabouret 60,22,galerie,,,1000,1000,Tabouret 60 — Artek,artek-stool-60-stacked.jpg,
artek-stool-e60,Tabouret E60,1,variante,oui,Bouleau,925,925,Tabouret E60 — Bouleau,packshot-76bca4ffa95ed6008d9355fbf890ca3c.png,
artek-stool-e60,Tabouret E60,2,galerie,,,776,776,Tabouret E60 — Artek,Forest-Collection_web.jpg,"[faible] Photo #6 : ambiance centrée sur une Chaise Atelier et une étagère Kaari ; le E60 (teinté noyer) n'occupe qu'un petit coin. Photo #2 (« Forest Collection », 776 px) : vue d'ensemble d'une pièce de mobilier Aalto où le E60 n'est pas identifiable avec certitude."
artek-stool-e60,Tabouret E60,3,galerie,,,1000,1000,Tabouret E60 — Artek,artek-stool-e60-clear-lacquer-side-table-606.jpg,
artek-stool-e60,Tabouret E60,4,galerie,,,1000,1000,Tabouret E60 — Artek,artek-stool-e60-white-lacquer-birch-black-lacquer.jpg,
artek-stool-e60,Tabouret E60,5,galerie,,,1000,1000,Tabouret E60 — Artek,artek-aalto-table-rectangular-stool-e60-walnut-stained-close-up-interior.jpg,
artek-stool-e60,Tabouret E60,6,galerie,,,1000,1000,Tabouret E60 — Artek,artek-atelier-chair-clear-lacquered-oak-kaari-wall-shelf.jpg,
artek-stool-e60,Tabouret E60,7,galerie,,,1000,1000,Tabouret E60 — Artek,artek-stool-e60-clear-lacquer.jpg,
artek-stool-e60,Tabouret E60,8,galerie,,,2000,2000,Tabouret E60 — Bouleau sauvage,Stool-E60-wild-birch_1.jpg,"[faible] Photo #8 (ambiance bouleau sauvage, alt « Tabouret E60 — Bouleau sauvage ») n'est pas liée à la variante alors que #24 l'est ; sur cette photo on ne distingue que 3 pieds, il pourrait s'agir d'un Tabouret 60 (à confirmer en grand format)."
artek-stool-e60,Tabouret E60,9,variante,,Lamifié blanc,1200,1200,Tabouret E60 — Lamifié blanc,artek-stool-e60-white-laminate-top.jpg,
artek-stool-e60,Tabouret E60,10,variante,,Linoléum noir,1200,1200,Tabouret E60 — Linoléum noir,artek-stool-e60-black-linoleum-top.jpg,
artek-stool-e60,Tabouret E60,11,variante,,Verni naturel / laqué noir,1200,1200,Tabouret E60 — Verni naturel / laqué noir,artek-stool-e60-clear-lacquer-legs-black-to.jpg,
artek-stool-e60,Tabouret E60,12,variante,,Verni naturel / laqué blanc,1200,1200,Tabouret E60 — Verni naturel / laqué blanc,artek-stool-e60-lacquered-birch-legs-white-top.jpg,
artek-stool-e60,Tabouret E60,13,variante,,Laqué orange,1200,1200,Tabouret E60 — Laqué orange,artek-stool-e60-lacquered-birch-legs-paimio-orange-top.jpg,
artek-stool-e60,Tabouret E60,14,variante,,Laqué jaune,1200,1200,Tabouret E60 — Laqué jaune,artek-stool-e60-lacquered-birch-legs-paimio-yellow-top.jpg,
artek-stool-e60,Tabouret E60,15,variante,,Laqué vert,1200,1200,Tabouret E60 — Laqué vert,artek-stool-e60-lacquered-birch-legs-paimio-green-top.jpg,
artek-stool-e60,Tabouret E60,16,variante,,Laqué pétrole,1200,1200,Tabouret E60 — Laqué pétrole,artek-stool-e60-clear-lacquer-legs-petrol-top.jpg,
artek-stool-e60,Tabouret E60,17,variante,,Laqué rouge,1200,1200,Tabouret E60 — Laqué rouge,artek-stool-e60-clear-lacquer-legs-red-top.jpg,
artek-stool-e60,Tabouret E60,18,variante,,Laqué bleu,1200,1200,Tabouret E60 — Laqué bleu,artek-stool-e60-clear-lacquer-legs-blue-top.jpg,
artek-stool-e60,Tabouret E60,19,variante,,Laqué gris,1200,1200,Tabouret E60 — Laqué gris,artek-stool-e60-clear-lacquer-legs-grey-top.jpg,
artek-stool-e60,Tabouret E60,20,variante,,Laqué blanc,1200,1200,Tabouret E60 — Laqué blanc,artek-stool-e60-white-lacquered.jpg,
artek-stool-e60,Tabouret E60,21,variante,,Laqué noir,1200,1200,Tabouret E60 — Laqué noir,artek-stool-e60-black-lacquered.jpg,
artek-stool-e60,Tabouret E60,22,variante,,Teinté noyer,1200,1200,Tabouret E60 — Teinté noyer,artek-stool-e60-walnut-stained.jpg,
artek-stool-e60,Tabouret E60,23,variante,,Teinté miel,1200,1200,Tabouret E60 — Teinté miel,artek-stool-e60-honey-stained.jpg,
artek-stool-e60,Tabouret E60,24,variante,,Bouleau sauvage,1200,1200,Tabouret E60 — Artek,artek-stool-e60-wild-birch-natural-lacquered-legs-birch-veneer-top.jpg,
artek-childrens-stool-ne60,Tabouret enfant NE60,1,variante,oui,Bouleau,1972,1972,Tabouret enfant NE60 — Bouleau,packshot-49ed1510ff748b7dc9f3d4e320101992.png,
artek-childrens-stool-ne60,Tabouret enfant NE60,2,variante,,Lamifié blanc,3000,3000,Tabouret enfant NE60 — Lamifié blanc,Children_s-Stool-NE60-white-laminate_web.jpg,
artek-childrens-stool-ne60,Tabouret enfant NE60,3,variante,,Linoléum noir,3000,3000,Tabouret enfant NE60 — Linoléum noir,Children_s-Stool-NE60-black-linoleum_webjpg.jpg,
artek-high-chair-k65,Chaise de bar K65,1,variante,oui,Bouleau,2179,2179,Chaise de bar K65 — Bouleau,packshot-fe1b27e5b4ce789ef7e23a7de9ae9ba9.png,
artek-high-chair-k65,Chaise de bar K65,2,galerie,,,1500,1500,Chaise de bar K65 — Artek,High_Chair_K65_web.jpg,"[faible] Alts des galeries génériques : #2 = rangée de K65 bouleau à un comptoir, #3 = K65 laqué noir dans l'atelier Aalto."
artek-high-chair-k65,Chaise de bar K65,3,galerie,,,1500,1500,Chaise de bar K65 — Artek,High_Chair_K65_black_lacquer_web.jpg,
artek-high-chair-k65,Chaise de bar K65,4,variante,,Lamifié blanc,2000,2000,Chaise de bar K65 — Lamifié blanc,High-Chair-K65-legs-birch_seat-white-HPL_web.jpg,
artek-high-chair-k65,Chaise de bar K65,5,variante,,Linoléum noir,2000,2000,Chaise de bar K65 — Linoléum noir,High-Chair-K65-black-linoleum_web.jpg,
artek-high-chair-k65,Chaise de bar K65,6,variante,,Laqué blanc,2000,2000,Chaise de bar K65 — Laqué blanc,High-Chair-K65-white-lacquer_web.jpg,
artek-high-chair-k65,Chaise de bar K65,7,variante,,Laqué noir,2000,2000,Chaise de bar K65 — Laqué noir,High-Chair-K65-black-lacquer_web.jpg,
artek-rocket-bar-stool,Tabouret de bar Rocket,1,variante,oui,Savonné,2080,2080,Tabouret de bar Rocket — Savonné,packshot-24295602c3f5871b48b244158eea1f19.png,
artek-rocket-bar-stool,Tabouret de bar Rocket,2,galerie,,,2000,2000,Tabouret de bar Rocket — Artek,Rocket_Bar_Stool_web.jpg,[faible] Les galeries #2 (restaurant avec Rocket et chaises K65 noirs) et #3 (rangée de Rocket noirs) ont un alt générique. #4 (Laqué blanc) est un packshot blanc sur fond blanc très peu contrasté.
artek-rocket-bar-stool,Tabouret de bar Rocket,3,galerie,,,1287,1287,Tabouret de bar Rocket — Artek,Rocket_Bar_Stool_Black_web.jpg,
artek-rocket-bar-stool,Tabouret de bar Rocket,4,variante,,Laqué blanc,2000,2000,Tabouret de bar Rocket — Laqué blanc,Rocket-Bar-Stool-white-lacquer_web.jpg,
artek-rocket-bar-stool,Tabouret de bar Rocket,5,variante,,Laqué noir,2000,2000,Tabouret de bar Rocket — Laqué noir,Rocket_Bar_Stool_black_lacquer_webjpg.jpg,
artek-table-90d,Table basse 90D,1,variante,oui,Bouleau,1502,1502,Table basse 90D — Bouleau,packshot-6f5e02c679cd6b235b34223c548d4cfe.png,
artek-table-90d,Table basse 90D,2,variante,,Lamifié blanc,2100,2100,Table basse 90D — Lamifié blanc,2494533_Table-90D_legs-birch_top-white-HPL_master_7fc87f28-021d-4960-9aff-88453e2a2792.jpg,
artek-table-90d,Table basse 90D,3,variante,,Linoléum noir,2200,2200,Table basse 90D — Linoléum noir,2494532_Table-90D_legs-birch_top-black-linoleum_master_ac43005c-9c9b-4b21-a789-80ddf02a3976.jpg,
artek-tea-trolley-900,Table basse Tea Trolley 900,1,variante,oui,Carrelage céramique blanc,1879,1879,Table basse Tea Trolley 900 — Carrelage céramique blanc,packshot-e14be6d3d0d3bca330023f3d9818e4ed.png,
artek-tea-trolley-900,Table basse Tea Trolley 900,2,galerie,,,2000,2000,Table basse Tea Trolley 900 — Artek,Floor-Light-A808-Pendant-Light-A110-_Hand-Grenade_-Tea-Trolley-900-Sofa-Bed-549_web_d97a306d-bab3-49a3-87b7-c7995a280917.jpg,
artek-tea-trolley-900,Table basse Tea Trolley 900,3,galerie,,,2000,2000,Table basse Tea Trolley 900 — Artek,Tea-Trolley-900-whitebirch_web.jpg,
artek-tea-trolley-900,Table basse Tea Trolley 900,4,galerie,,,2000,2000,Table basse Tea Trolley 900 — Artek,Artek_table_91_chair_69_walnut_stained.jpg,"[moyen] Les ambiances #4 et #5 montrent une table 91 et des chaises en noyer ; la desserte n'apparaît que coupée au bord droit."
artek-tea-trolley-900,Table basse Tea Trolley 900,5,galerie,,,2000,2000,Table basse Tea Trolley 900 — Artek,Aalto-table-91-walnut_pendant-light-a201-black_domus-chair_web.jpg,
artek-tea-trolley-900,Table basse Tea Trolley 900,6,variante,,Carrelage céramique noir,2200,2200,Table basse Tea Trolley 900 — Carrelage céramique noir,Tea-Trolley-900-black-tiles_web.jpg,
artek-tea-trolley-901,Table basse Tea Trolley 901,1,variante,oui,Laqué blanc / lamifié blanc,3083,3083,Table basse Tea Trolley 901 — Laqué blanc / lamifié blanc,packshot-845796d56bf4eab8e883eda2b87ba7eb.png,
artek-tea-trolley-901,Table basse Tea Trolley 901,2,galerie,,,2000,2000,Table basse Tea Trolley 901 — Artek,Tea-Trolley-901-white-laminate-Aalto-studio_webjpg.jpg,
artek-tea-trolley-901,Table basse Tea Trolley 901,3,galerie,,,2000,2000,Table basse Tea Trolley 901 — Artek,Aalto-Table-rectanqular-82B-Tea-Trolley-901-Pendant-Light-A110-_Hand-Grenade_-Stool-60_web.pg_cd1002cc-b901-40a4-b150-856f92534d5d.jpg,
artek-tea-trolley-901,Table basse Tea Trolley 901,4,galerie,,,2000,2000,Table basse Tea Trolley 901 — Artek,Tea-Trolley-901-Hella-Jongerius_-dark-version_web.jpg,
artek-tea-trolley-901,Table basse Tea Trolley 901,5,galerie,,,2000,2000,Table basse Tea Trolley 901 — Artek,Teatrolley-901-Hella-Jongerius_-dark-version_web.jpg,
artek-tea-trolley-901,Table basse Tea Trolley 901,6,variante,,Laqué blanc / linoléum noir,3000,3000,Table basse Tea Trolley 901 — Laqué blanc / linoléum noir,Tea-Trolley-901-black-linoleum_web.jpg,
artek-tea-trolley-901,Table basse Tea Trolley 901,7,variante,,Laqué noir / laqué tourbe / linoléum anthracite / linoléum tourbe,3000,3000,Table basse Tea Trolley 901 — Laqué noir / laqué tourbe / linoléum anthracite / linoléum tourbe,Tea-Trolley-901-black-laquered-dark-version-by-Hella-Jongerius_web.jpg,
artek-tea-trolley-901,Table basse Tea Trolley 901,8,galerie,,,2000,2000,Table basse Tea Trolley 901 — Artek,2114279_Tea_trolley_901_white_linoleum_web.jpg,"[moyen] L'ambiance #8 est un gros plan d'une 901 à plateau linoléum clair ou crème, une finition non vendue ici (ancienne version claire Hella Jongerius ou linoléum blanc)."
artek-side-table-606,Table d'appoint 606,1,variante,oui,Noir thermolaquée mat / laqué noir,1807,1807,Table d'appoint 606 — Noir thermolaquée mat / laqué noir,packshot-4e00d55b96a5def0fb4a329c524d0db6.png,
artek-side-table-606,Table d'appoint 606,2,galerie,,,2000,2000,Table d'appoint 606 — Artek,Stool_E60_clear_lacquer_Side_Table_606_web_b5cd8037-aba0-4aee-b64b-45fe63fd9aa2.jpg,
artek-side-table-606,Table d'appoint 606,3,galerie,,,2000,2000,Table d'appoint 606 — Artek,Side-Table-606_web.jpg,
artek-side-table-606,Table d'appoint 606,4,galerie,,,2000,2000,Table d'appoint 606 — Artek,Artek-Gems-from-the-Archive-In-situ-Screen-100B-1_web.jpg,
artek-side-table-915,Table d'appoint 915,1,variante,oui,Laqué blanc,2264,2264,Table d'appoint 915 — Laqué blanc,packshot-31b944a1c46c52cd80e9c0a67b4e588a.png,
artek-side-table-915,Table d'appoint 915,2,galerie,,,3000,2000,Table d'appoint 915 — Artek,Pendant-Light-A331-_Beehive_-Side-Table-915-Armchair-41-_Paimio_web.jpg,
artek-side-table-915,Table d'appoint 915,3,galerie,,,2000,2000,Table d'appoint 915 — Artek,Side-Table-915_web.jpg,
artek-side-table-915,Table d'appoint 915,4,galerie,,,2000,2000,Table d'appoint 915 — Artek,Artek-Gems-from-the-Archive-In-situ-Screen-100D_web.png,
artek-side-table-915,Table d'appoint 915,5,variante,,Laqué noir,3000,3000,Table d'appoint 915 — Laqué noir,Side-Table-915-clear-black-lacquer_web.jpg,
artek-trienna-table,Table basse Trienna,1,variante,oui,Chêne,1870,1870,Table basse Trienna — Chêne,packshot-3add3837eba8255a77bd874b9f9aa976.png,
artek-trienna-table,Table basse Trienna,2,galerie,,,2000,2000,Table basse Trienna — Artek,Kiki_Lounge_Chair_Trienna_Table_photo_Mikko_Ryhanen_web.jpg,"[faible] L'ambiance #2 montre surtout un fauteuil Kiki ; la Trienna n'apparaît qu'en partie, coupée au bord gauche."
artek-trienna-table,Table basse Trienna,3,variante,,Chêne / laqué blanc,2500,2500,Table basse Trienna — Chêne / laqué blanc,Trienna-Table-oak-white-lacquer_web.jpg,
artek-trienna-table,Table basse Trienna,4,variante,,Chêne / teinté noir,2300,2300,Table basse Trienna — Chêne / teinté noir,Trienna-Table-oak-black_web.jpg,
artek-bench-153a,Banc 153A,1,variante,oui,Bouleau sauvage verni naturel / À lattes,1955,1955,Banc 153A — Bouleau sauvage verni naturel / À lattes,packshot-1a9424749b95cacb1444d77a24dd61fb.png,"[faible] La photo principale et la variante ouverte par défaut sont le bouleau sauvage, une finition particulière avec nœuds, plutôt que le bouleau verni standard."
artek-bench-153a,Banc 153A,2,galerie,,,1200,960,Banc 153A — Artek,artek-bench-153a-slatted-top-pendant-light-a331-beehive-chair-66-interior.jpg,"[moyen] #2 montre un banc à lattes à teinte miel prononcée, sans doute une ancienne teinte non proposée (à confirmer). #3 et #5 (« bench-153-solid-top ») montrent un banc plein court dont les proportions évoquent plutôt le 153B (à confirmer). #4 (776 px) montre le banc très petit, à l'arrière-plan."
artek-bench-153a,Banc 153A,3,galerie,,,1200,1200,Banc 153A — Artek,artek-bench-153a-solid-top-birch-turntable-vinyl-interior.jpg,
artek-bench-153a,Banc 153A,4,galerie,,,776,776,Banc 153A — Artek,Forest-Collection_web_e6bab51a-4a72-41cf-82a1-f0dfeaf258a2.jpg,
artek-bench-153a,Banc 153A,5,galerie,,,1200,1200,Banc 153A — Artek,artek-bench-153-solid-top-birch.jpg,
artek-bench-153a,Banc 153A,6,variante,,Bouleau verni naturel / À lattes,1200,1200,Banc 153A — Bouleau verni naturel / À lattes,artek-bench-153a-slatted-top-clear-lacquer.jpg,
artek-bench-153a,Banc 153A,7,variante,,Laqué blanc / À lattes,1200,1200,Banc 153A — Laqué blanc / À lattes,artek-bench-153a-slatted-top-white-lacquer.jpg,
artek-bench-153a,Banc 153A,8,variante,,Laqué noir / À lattes,1200,1200,Banc 153A — Laqué noir / À lattes,artek-bench-153a-slatted-top-black-lacquer.jpg,
artek-bench-153a,Banc 153A,9,variante,,Verni naturel / Massif,1200,1200,Banc 153A — Verni naturel / Massif,artek-bench-153a-solid-top-clear-lacquer.jpg,
artek-bench-153a,Banc 153A,10,variante,,Laqué blanc / Massif,1200,1200,Banc 153A — Laqué blanc / Massif,artek-bench-153a-solid-top-white-lacquer.jpg,
artek-bench-153a,Banc 153A,11,variante,,Laqué noir / Massif,1200,1200,Banc 153A — Laqué noir / Massif,artek-bench-153a-solid-top-black-lacquer.jpg,
artek-bench-153b,Banc 153B,1,variante,oui,Bouleau verni naturel / À lattes,874,874,Banc 153B — Bouleau verni naturel / À lattes,packshot-766fc2018676a7aef2323198f66f97b4.png,[faible] La photo principale ne fait que 874 px (constat LOW_RES). Précision : une version Artek nette existe pour la même finition.
artek-bench-153b,Banc 153B,2,galerie,,,2000,2000,Banc 153B — Artek,ARTEK_MARIMEKKO_Bench-153B-kivet_web.jpg,
artek-bench-153b,Banc 153B,3,galerie,,,2000,2000,Banc 153B — Artek,ARTEK_MARIMEKKO_Collection_3_web_70bc4357-1cf9-40ea-aee4-c27802d8069e.jpg,
artek-bench-153b,Banc 153B,4,galerie,,,2000,2000,Banc 153B — Artek,ARTEK_MARIMEKKO_Collection_web.jpg,
artek-bench-153b,Banc 153B,5,galerie,,,1080,1080,Banc 153B — Artek,Artek-_-Marimekko_bench-153b-kivet_web.jpg,
artek-bench-153b,Banc 153B,6,galerie,,,1080,1080,Banc 153B — Artek,Artek-_-Marimekko_4_5_highres_20.jpg,
artek-bench-153b,Banc 153B,7,galerie,,,2000,1600,Banc 153B — Artek,ARTEK_MARIMEKKO_Collection_2_web.jpg,
artek-bench-153b,Banc 153B,8,galerie,,,1080,1080,Banc 153B — Artek,Artek-_-Marimekko_bench-153b-seireeni___bench-153b-kivet_web.jpg,
artek-bench-153b,Banc 153B,9,galerie,,,1350,1080,Banc 153B — Artek,Artek-_-Marimekko_4_5_highres_15.jpg,
artek-bench-153b,Banc 153B,10,variante,,Bouleau sauvage verni naturel / À lattes,2000,2000,Banc 153B — Bouleau sauvage verni naturel / À lattes,Bench-153B-slatted-top-wild-birch-natural-lacquered-2-cut-out_web.jpg,
artek-bench-153b,Banc 153B,11,variante,,Laqué blanc / À lattes,1200,1200,Banc 153B — Laqué blanc / À lattes,artek-bench-153b-slatted-top-white-lacquer.jpg,
artek-bench-153b,Banc 153B,12,variante,,Laqué noir / À lattes,1200,1200,Banc 153B — Laqué noir / À lattes,artek-bench-153b-slatted-top-black-lacquer.jpg,
artek-bench-153b,Banc 153B,13,variante,,Verni naturel / Massif,1200,1200,Banc 153B — Verni naturel / Massif,artek-bench-153b-solid-top-clear-lacquer.jpg,
artek-bench-153b,Banc 153B,14,variante,,Laqué blanc / Massif,1200,1200,Banc 153B — Laqué blanc / Massif,artek-bench-153b-solid-top-white-lacquer.jpg,
artek-bench-153b,Banc 153B,15,variante,,Laqué noir / Massif,1200,1200,Banc 153B — Laqué noir / Massif,artek-bench-153b-solid-top-black-lacquer.jpg,
artek-bench-153b,Banc 153B,16,galerie,,,2000,2000,Banc 153B — Artek,Artek-_-Marimekko-Collection_web.jpg,
artek-bench-153b,Banc 153B,17,galerie,,,2000,2000,Banc 153B — Artek,ARTEK_MARIMEKKO_Bench-153B-Seireeni_3_web.jpg,
artek-bench-153b,Banc 153B,18,galerie,,,2000,1600,Banc 153B — Artek,ARTEK_MARIMEKKO_Bench-153B-Seireeni_2_web.jpg,
artek-bench-153b,Banc 153B,19,galerie,,,2000,2000,Banc 153B — Artek,ARTEK_MARIMEKKO_Bench-153B-Seireeni_web.jpg,
artek-bench-153b,Banc 153B,20,galerie,,,1053,1053,Banc 153B — Artek,Artek-_-Marimekko_4_5_highres_18.jpg,
artek-bench-168b,Banc 168B,1,variante,oui,Laqué blanc / Massif,1140,1140,Banc 168B — Laqué blanc / Massif,packshot-17e8af5cb051ebf14231dbfa08c8b5bc.png,
artek-bench-168b,Banc 168B,2,galerie,,,1200,960,Banc 168B — Artek,artek-bench-168b-white-lacquer.jpg,
artek-bench-168b,Banc 168B,3,galerie,,,1200,1200,Banc 168B — Artek,artek-bench-168b-white-lacquer-close-up-orange-cable.jpg,
artek-bench-168b,Banc 168B,4,variante,,Verni naturel / Massif,1200,1200,Banc 168B — Verni naturel / Massif,artek-bench-168b-solid-top-clear-lacquer.jpg,
artek-bench-168b,Banc 168B,5,variante,,Laqué noir / Massif,1200,1200,Banc 168B — Laqué noir / Massif,artek-bench-168b-solid-top-black-lacquer.jpg,
artek-wall-shelf-112,Étagère murale 112,1,variante,oui,Verni naturel,2618,2618,Étagère murale 112 — Verni naturel,packshot-a5bb3412a83d2699e738dd53b4cd6bc2.png,
artek-wall-shelf-112,Étagère murale 112,2,galerie,,,2000,2000,Étagère murale 112 — Artek,Wall-Shelf-112B_web.jpg,"[faible] Alts de galerie génériques ; #4 montre la version laquée blanche en situation."
artek-wall-shelf-112,Étagère murale 112,3,galerie,,,2000,2000,Étagère murale 112 — Artek,Wall-Shelf-112B_Artek-Office-Oy_Helsinki_web.jpg,
artek-wall-shelf-112,Étagère murale 112,4,galerie,,,2000,2000,Étagère murale 112 — Artek,Wall-Shelf-112B-white-lacquered_web.jpg,
artek-wall-shelf-112,Étagère murale 112,5,variante,,Laqué blanc,3000,3000,Étagère murale 112 — Laqué blanc,Wall-Shelf-112B-white-lacquer_web.jpg,
artek-wall-shelf-112,Étagère murale 112,6,variante,,Laqué noir,3000,3000,Étagère murale 112 — Laqué noir,Wall-Shelf-112B-black-lacquer_web.jpg,
artek-cabinet-250,Buffet 250,1,variante,oui,Teinté miel,1513,1513,Buffet 250 — Teinté miel,packshot-ba00e32a2c06032359e63c0fce40c624.png,
artek-cabinet-250,Buffet 250,2,galerie,,,2000,2000,Buffet 250 — Artek,Artek-Gems-from-the-Archive-In-situ-Cabinet-250_web.png,"[faible] Alts génériques ; #4 (scène Moomin) et #5 (scène de Noël, buffet petit à gauche) sont des ambiances saisonnières où le buffet est secondaire."
artek-cabinet-250,Buffet 250,3,galerie,,,2000,2000,Buffet 250 — Artek,Artek-Gems-from-the-Archive-In-situ-Cabinet-250_web.jpg,
artek-cabinet-250,Buffet 250,4,galerie,,,2000,2000,Buffet 250 — Artek,Artek-_-Moomin-S1-2025-in-situ_web.png,
artek-cabinet-250,Buffet 250,5,galerie,,,2000,2000,Buffet 250 — Artek,Artek_Helsinki_Christmas_2025_2_new_web_3d5172bf-edbe-4788-9d43-94705e547bb4.jpg,
artek-tupla-wall-hook,Patère murale Tupla,1,variante,oui,Noir thermolaqué mat,1864,1864,Patère murale Tupla — Noir thermolaqué mat,packshot-ea8467120253df1c3919d405347428de.png,
artek-tupla-wall-hook,Patère murale Tupla,2,galerie,,,2000,2000,Patère murale Tupla — Artek,Tupla_Insitu_1_web.jpg,
artek-tupla-wall-hook,Patère murale Tupla,3,galerie,,,2000,2000,Patère murale Tupla — Artek,Tupla_Single1_web.jpg,
artek-tupla-wall-hook,Patère murale Tupla,4,galerie,,,2000,2000,Patère murale Tupla — Artek,Tupla_Insitu_2_web.jpg,
artek-tupla-wall-hook,Patère murale Tupla,5,galerie,,,2000,2000,Patère murale Tupla — Artek,Tupla_Single4_web.jpg,
artek-tupla-wall-hook,Patère murale Tupla,6,galerie,,,2000,2000,Patère murale Tupla — Artek,Tupla_Wall_Hook_02_web.jpg,
artek-tupla-wall-hook,Patère murale Tupla,7,galerie,,,2000,2000,Patère murale Tupla — Artek,Tupla-wallhook_Screen100_web.jpg,
artek-124-mirror,Miroir 124,1,variante,oui,Moyen,543,739,Miroir 124° médium — plateau en frêne naturel,artek-artek-124-mirror-00.png,"[élevé] Photo principale = ambiance recadrée (mur en bois, objet coupé en bas), 543×739 : pas un packshot."
artek-124-mirror,Miroir 124,2,variante,,Moyen / laqué noir,1800,1800,Miroir 124° médium — plateau en frêne laqué noir,Artek_Rybakken_124_mirror_with_tray_1_Cutout_photo_Studio_Daniel_RybakkensRGB-v2_2c1b7c45-f6fc-469d-bce3-c3e698159b71.jpg,
artek-124-mirror,Miroir 124,3,galerie,,,1000,750,Miroir 124° médium noir — vue murale,1961137_124_Mirrormediumtray_2_preview_347fcdbd-d114-4562-bf05-ece7e032f303.jpg,
artek-124-mirror,Miroir 124,4,galerie,,,667,1000,Miroir 124° médium noir — vue d'ambiance,1953960_124_Mirror_preview_76b461d7-65b8-4741-be46-629256c1f8cf.jpg,
artek-115-umbrella-stand,Porte-parapluie 115,1,variante,oui,Laiton,2092,2092,Porte-parapluie 115 — Laiton,packshot-1c0edcf89b6ef916c2fbf5082343c929.png,
artek-115-umbrella-stand,Porte-parapluie 115,2,galerie,,,2000,2000,Porte-parapluie 115 — Artek,Umbrella_Stand_115_photo_Mikko_Ryhanen_web.jpg,[faible] Alt générique.
artek-kanto,Étagère Kanto,1,variante,oui,Verni naturel,2257,2257,Étagère Kanto — Verni naturel,packshot-b2c14bd814f4078e34a16208a77da841.png,
artek-kanto,Étagère Kanto,2,galerie,,,2000,2000,Étagère Kanto — Artek,Kaari-Wall-Console-REB006-Kanto-Pendant-Light-A440-Chair-69_web.jpg,"[faible] Alts génériques ; #2 montre Kanto noir sous une console Kaari, #3 Kanto blanc avec revues."
artek-kanto,Étagère Kanto,3,galerie,,,2000,2000,Étagère Kanto — Artek,Kanto_Magazine_Rack_white_lacquer_3_web.jpg,
artek-kanto,Étagère Kanto,4,variante,,Laqué noir,3000,3000,Étagère Kanto — Laqué noir,Kanto-Magazine-Firewood-Rack-PN001-black-lacquer_web.jpg,
artek-kanto,Étagère Kanto,5,variante,,Laqué blanc,3000,3000,Étagère Kanto — Laqué blanc,Kanto-Magazine-Firewood-Rack-PN001-white-lacquer_web.jpg,
artek-kiila-coat-stand,Porte-manteau Kiila,1,variante,oui,Laqué noir,3320,3320,Porte-manteau Kiila — Noir,packshot-144976faba21fb8d62c0428dc893e06d.png,"[faible] Préciser qu'il s'agit des pieds en frêne laqué noir, structure noire. | [faible] Alt de #1 « Noir » alors que la photo est liée à « Laqué noir » (et « Noir » est une autre variante) ; #6 alt générique."
artek-kiila-coat-stand,Porte-manteau Kiila,2,galerie,,,2000,2000,Porte-manteau Kiila — Laqué noir,Kiila_Coat_Stand_black_lacquered_ash_black_hooks_3_web.jpg,
artek-kiila-coat-stand,Porte-manteau Kiila,3,galerie,,,2000,2000,Porte-manteau Kiila — Artek,Kiila_coat_stand_clear_lacquer_black_pegs_web.jpg,
artek-kiila-coat-stand,Porte-manteau Kiila,4,galerie,,,2000,2000,Porte-manteau Kiila — Artek,Kiila-coat-stand-detail_web.jpg,
artek-kiila-coat-stand,Porte-manteau Kiila,5,variante,,Pierre blanc,3000,3000,Porte-manteau Kiila — Pierre blanc,Kiila-Coat-Stand-Natural_Stone-White_web.jpg,"[faible] « Pierre blanc » (ordre anglais « stone white ») ; pieds naturels non mentionnés."
artek-kiila-coat-stand,Porte-manteau Kiila,6,variante,,Noir,3000,3000,Porte-manteau Kiila — Artek,Kiila-Coat-Stand-Natural_Black_web.jpg,"[moyen] « Noir » désigne en réalité des pieds en frêne verni naturel avec structure et patères noires ; confusion possible avec « Laqué noir »."
artek-clothes-tree-160,Porte-manteau 160,1,variante,oui,Tronc verni naturel,3300,3300,Porte-manteau 160 — Tronc verni naturel,packshot-d458e118e6a3c7415ab6f2764e8028ca.png,
artek-clothes-tree-160,Porte-manteau 160,2,variante,,Tronc laqué noir,3000,3000,Porte-manteau 160 — Tronc laqué noir,Clothes-tree-160-black-lacquer_web.jpg,
artek-clothes-tree-160,Porte-manteau 160,3,galerie,,,1280,1280,Porte-manteau 160 — Artek,Artek-Collection-Overview_web.jpg,[moyen] Seule ambiance = vue d'ensemble de la collection (1280 px) où le porte-manteau est coupé au bord droit.
artek-kaari-reb007,Étagère Kaari REB007,1,variante,oui,Chêne verni naturel / linoléum noir / chant noir,2045,2045,Étagère Kaari REB007 — Chêne verni naturel / linoléum noir / chant noir,packshot-08a3f16fc91e98e7443672b6d389e7a0.png,
artek-kaari-reb007,Étagère Kaari REB007,2,galerie,,,2000,2000,Étagère Kaari REB007 — Artek,Kaari-Wall-Shelf-round-REB007_1.jpg,"[faible] Alts génériques ; #2 montre la version laquée noir / bleu, #3 la version naturelle / noir."
artek-kaari-reb007,Étagère Kaari REB007,3,galerie,,,2000,2000,Étagère Kaari REB007 — Artek,Kaari-Wall-Shelf-round-REB007_web.jpg,
artek-kaari-reb007,Étagère Kaari REB007,4,variante,,Chêne laqué noir / linoléum rouge / chant noir,3000,3000,Étagère Kaari REB007 — Chêne laqué noir / linoléum rouge / chant noir,Kaari-Wall-Console-REB007-black-oak-red-Linoleum_web.jpg,
artek-kaari-reb007,Étagère Kaari REB007,5,variante,,Chêne laqué noir / linoléum bleu / chant rouge brillant,3000,3000,Étagère Kaari REB007 — Chêne laqué noir / linoléum bleu / chant rouge brillant,Kaari-Wall-Console-REB007-black-oak-blue-Linoleum-red-edge_web.jpg,
artek-kaari-wall-hook,Patère murale Kaari,1,variante,oui,Verni naturel,1800,1800,Patère murale Kaari — Verni naturel,packshot-6a03de8f06284f9f6144fbfd09f8b60f.png,
artek-kaari-wall-hook,Patère murale Kaari,2,galerie,,,2000,2000,Patère murale Kaari — Artek,Kaari-Wall-Hook-oak-and-black_web.jpg,"[faible] Alts génériques ; #2 = chêne naturel, #3 = laqué noir."
artek-kaari-wall-hook,Patère murale Kaari,3,galerie,,,2000,2000,Patère murale Kaari — Artek,Kaari-Wall-Hook-black_web.jpg,
artek-kaari-wall-hook,Patère murale Kaari,4,variante,,Laqué noir,3000,3000,Patère murale Kaari — Laqué noir,Kaari-Wall-Hook-black-lacquer_web.jpg,[faible] Packshot laqué noir : produit petit dans le cadre (≈ 1/4 de la hauteur) comparé à #1.
artek-screen-100,Paravent 100,1,variante,oui,100 x 200 cm,1210,1210,Paravent 100 — 100 x 200 cm,packshot-8bfc0023ab479e50239fa8d5bbc4e703.png,
artek-screen-100,Paravent 100,2,galerie,,,2000,2000,Paravent 100 — Artek,Artek-Gems-from-the-Archive-In-situ-Screen-100C_web_a21d4c0f-9d32-44c6-90ca-34de48a88e63.png,
artek-screen-100,Paravent 100,3,galerie,,,2000,2000,Paravent 100 — Artek,Artek-Gems-from-the-Archive-In-situ-Screen-100A_web_f2121b31-6511-490d-90b4-01432f7b1984.png,
artek-screen-100,Paravent 100,4,galerie,,,2000,2000,Paravent 100 — Artek,Artek-Gems-from-the-Archive-In-situ-group_web.png,
artek-screen-100,Paravent 100,5,galerie,,,2000,2000,Paravent 100 — Artek,Artek-Gems-from-the-Archive-In-situ-Cabinet-250_-Screen-100A_web_25a876f1-e621-41cd-962a-5f2f90950068.png,
artek-screen-100,Paravent 100,6,galerie,,,2000,2000,Paravent 100 — Artek,Artek-Gems-from-the-Archive-In-situ-Screen-100B_-Screen-100C_web_a93f3c15-f38a-449d-97d7-17534592fffe.png,
artek-screen-100,Paravent 100,7,galerie,,,2000,2000,Paravent 100 — Artek,Artek-Gems-from-the-Archive-In-situ-Stool-X602_-Screen-100A_web.png,
artek-screen-100,Paravent 100,8,galerie,,,2000,2000,Paravent 100 — Artek,Artek-Gems-from-the-Archive-In-situ-Screen-100D_web_6eff385b-aa7d-4bb8-a346-72e9c407a16d.png,
artek-screen-100,Paravent 100,9,galerie,,,2000,2000,Paravent 100 — Artek,Artek-Gems-from-the-Archive-In-situ-Screen-100C_web_3b0d4792-488d-4373-b6b3-7bbdff043ada.png,
artek-screen-100,Paravent 100,10,galerie,,,2000,2000,Paravent 100 — Artek,Screen-100_-top-detail-shot-landscape_web.png,
artek-screen-100,Paravent 100,11,variante,,130 x 200 cm,1532,1532,Paravent 100 — 130 x 200 cm,packshot-96819818ab413d560b0b1117bc87a71d.png,
artek-screen-100,Paravent 100,12,variante,,150 x 200 cm,1768,1768,Paravent 100 — 150 x 200 cm,packshot-5b6db6d3688aa7840eb1d94912715359.png,
artek-screen-100,Paravent 100,13,variante,,180 x 200 cm,2114,2114,Paravent 100 — 180 x 200 cm,packshot-61b1dbc181c56aae6561078d3fba6a88.png,
artek-kori-pendant-light-eu,Suspension Kori,1,variante,oui,Laqué blanc / blanc câble,1200,1200,Suspension Kori — Laqué blanc / blanc câble,artek-kori-pendant-light-white.jpg,"[faible] Libellé « Laqué blanc / blanc câble » : ordre des mots incorrect (« blanc câble »), et la finition Artek est un thermolaquage blanc mat profond, pas une laque. Libellé différent de celui des Kori lampadaire/lampe de table (« Laqué blanc »)."
artek-kori-pendant-light-eu,Suspension Kori,2,galerie,,,2000,2000,Suspension Kori — Artek,Kori-Pendant-Light_web_2784850d-761a-402d-94d3-2d2be803eaba.jpg,
artek-kori-pendant-light-eu,Suspension Kori,3,galerie,,,2000,2000,Suspension Kori — Artek,Kori-Pendant-Light_on_web.jpg,
artek-kori-pendant-light-eu,Suspension Kori,4,galerie,,,2000,2000,Suspension Kori — Artek,Kori-Pendant-Light_Aalto-Table_Atelier-Chair_web.jpg,
artek-kori-pendant-light-eu,Suspension Kori,5,galerie,,,1200,960,Suspension Kori — Artek,artek-kori-pendant-light-on.jpg,
artek-kori-pendant-light-with-disc-shade-eu,Suspension Kori Disc,1,variante,oui,Laqué blanc / blanc câble,1200,1200,Suspension Kori Disc — Laqué blanc / blanc câble,artek-kori-pendant-light-with-disc-shade-white.jpg,"[faible] Libellé « Laqué blanc / blanc câble » : ordre des mots incorrect (« blanc câble »), et la finition Artek est un thermolaquage blanc mat profond, pas une laque. Libellé différent de celui des Kori lampadaire/lampe de table (« Laqué blanc »)."
artek-kori-pendant-light-with-disc-shade-eu,Suspension Kori Disc,2,galerie,,,2000,2000,Suspension Kori Disc — Artek,Kori-Pendant-Light-with-Disc-Shade_web_5d7da96e-1468-4e0c-b663-76116aa1e57c.jpg,
artek-kori-pendant-light-with-disc-shade-eu,Suspension Kori Disc,3,galerie,,,2000,2000,Suspension Kori Disc — Artek,Kori-Pendant-Light-with-Disc-Shade_on_web.jpg,
artek-kori-pendant-light-with-disc-shade-eu,Suspension Kori Disc,4,galerie,,,2000,2000,Suspension Kori Disc — Artek,Kori-Pendant-Light-with-Disc-Shade_1_web.jpg,
artek-kori-pendant-light-with-disc-shade-eu,Suspension Kori Disc,5,galerie,,,1200,960,Suspension Kori Disc — Artek,artek-kori-pendant-light-with-disc-on.jpg,
artek-kori-pendant-light-with-dune-shade-eu,Suspension Kori Dune,1,variante,oui,Laqué blanc / blanc câble,1200,1200,Suspension Kori Dune — Laqué blanc / blanc câble,artek-kori-pendant-light-with-dune-shade-white.jpg,"[faible] Libellé « Laqué blanc / blanc câble » : ordre des mots incorrect (« blanc câble »), et la finition Artek est un thermolaquage blanc mat profond, pas une laque. Libellé différent de celui des Kori lampadaire/lampe de table (« Laqué blanc »)."
artek-kori-pendant-light-with-dune-shade-eu,Suspension Kori Dune,2,galerie,,,2000,2000,Suspension Kori Dune — Artek,Kori-Pendant-Light-with-Dune-Shade_web_f7201de3-6b84-4207-b2d6-c801be31c453.jpg,
artek-kori-pendant-light-with-dune-shade-eu,Suspension Kori Dune,3,galerie,,,2000,2000,Suspension Kori Dune — Artek,Kori-Pendant-Light-with-Dune-Shade_on_web.jpg,[faible] #3 (allumée) et #4 (éteinte) sont la même scène au même cadrage : doublon visuel dans la bande d'ambiances.
artek-kori-pendant-light-with-dune-shade-eu,Suspension Kori Dune,4,galerie,,,2000,2000,Suspension Kori Dune — Artek,Kori-Pendant-Light-with-Dune-Shade_1_web.jpg,
artek-kori-pendant-light-with-dune-shade-eu,Suspension Kori Dune,5,galerie,,,1200,960,Suspension Kori Dune — Artek,artek-kori-pendant-light-with-dune-shade-on.jpg,
artek-a201,Suspension A201,1,variante,oui,Blanc thermolaquée / laitonné / blanc câble,1200,1200,Suspension A201 — Blanc thermolaquée / laitonné / blanc câble,artek-pendant-light-a201-white-brass.jpg,"[faible] En plus de l'accord (constat auto), l'ordre « blanc câble » n'est pas du français et le rôle de « laitonné » (l'anneau) n'est pas dit."
artek-a201,Suspension A201,2,galerie,,,2000,2000,Suspension A201 — Artek,Pendant-A201-Aalto-Table-Rectangular-black-Chair-66-Riihitie-A-white_web_2ba32713-6871-426f-b99d-9317a1f0d206.jpg,
artek-a201,Suspension A201,3,galerie,,,2000,2000,Suspension A201 — Artek,Pendant_light_A201_Off_web.jpg,
artek-a201,Suspension A201,4,galerie,,,2000,2000,Suspension A201 — Artek,Pendant_light_A201_On_2_web.jpg,
artek-a201,Suspension A201,5,galerie,,,1200,960,Suspension A201 — Artek,artek-kaari-table-atelier-chairs-a201-pendant-light-dining-room.jpg,
artek-a201,Suspension A201,6,galerie,,,1200,960,Suspension A201 — Artek,artek-pendant-light-a201-white-brass-on.jpg,
artek-ama500,Suspension AMA500,1,variante,oui,Blanc thermolaquée / laitonné / blanc câble,1200,1200,Suspension AMA500 — Blanc thermolaquée / laitonné / blanc câble,artek-pendant-light-ama500-white-brass.jpg,"[faible] Ordre « blanc câble » incorrect ; rôle de « laitonné » non précisé."
artek-ama500,Suspension AMA500,2,galerie,,,2000,2000,Suspension AMA500 — Artek,Pendant_light_AMA500_Off_2_web.jpg,
artek-ama500,Suspension AMA500,3,galerie,,,2000,2000,Suspension AMA500 — Artek,Pendant_light_AMA500_On_web.jpg,
artek-ama500,Suspension AMA500,4,galerie,,,2000,2000,Suspension AMA500 — Artek,Pendant_light_AMA500_photo_Mikko_Ryhanen_web.jpg,
artek-ama500,Suspension AMA500,5,galerie,,,2000,2000,Suspension AMA500 — Artek,Aslak_Chair_Pendant_Light_AMA500_Kaari_Desk_photo_Mikko_Ryhanen_web_8ae59f51-7ef6-4dea-929f-d0f2e6739a9d.jpg,
artek-ama500,Suspension AMA500,6,galerie,,,1200,960,Suspension AMA500 — Artek,artek-pendant-light-ama500.jpg,
artek-a110-hand-grenade,Suspension A110 Hand Grenade,1,variante,oui,Noir thermolaquée / laitonné / noir câble,1200,1200,Suspension A110 Hand Grenade — Noir thermolaquée / laitonné / noir câble,artek-pendant-light-a110-hand-grenade-black-brass.jpg,
artek-a110-hand-grenade,Suspension A110 Hand Grenade,2,galerie,,,2000,2000,Suspension A110 Hand Grenade — Artek,Aalto-Table-rectanqular-82B-Tea-Trolley-901-Pendant-Light-A110-_Hand-Grenade_-Stool-60_web.jpg,
artek-a110-hand-grenade,Suspension A110 Hand Grenade,3,galerie,,,2000,2000,Suspension A110 Hand Grenade — Artek,Pendant_light_A110_Off_web.jpg,
artek-a110-hand-grenade,Suspension A110 Hand Grenade,4,variante,,Blanc thermolaquée / laitonné / blanc câble,1200,1200,Suspension A110 Hand Grenade — Blanc thermolaquée / laitonné / blanc câble,artek-pendant-light-a110-hand-grenade-white-brass.jpg,
artek-a110-hand-grenade,Suspension A110 Hand Grenade,5,variante,,Noir thermolaquée / laqué noir / noir câble,1200,1200,Suspension A110 Hand Grenade — Noir thermolaquée / laqué noir / noir câble,artek-pendant-light-a110-hand-grenade-black-black.jpg,
artek-a110-hand-grenade,Suspension A110 Hand Grenade,6,variante,,Blanc thermolaquée / laqué blanc / blanc câble,1200,1200,Suspension A110 Hand Grenade — Blanc thermolaquée / laqué blanc / blanc câble,artek-pendant-light-a110-hand-grenade-white-white.jpg,
artek-a110-hand-grenade,Suspension A110 Hand Grenade,7,galerie,,,1200,960,Suspension A110 Hand Grenade — Artek,artek-pendant-light-a110-hand-grenade-black-brass-on.jpg,
artek-a110-hand-grenade,Suspension A110 Hand Grenade,8,galerie,,,2000,1600,Suspension A110 Hand Grenade — Artek,artek-pendant-light-a110-hand-grenade-white-brass-on.jpg,
artek-a110-hand-grenade,Suspension A110 Hand Grenade,9,galerie,,,1200,960,Suspension A110 Hand Grenade — Artek,artek-pendant-light-a110-hand-grenade-black-brass-bottom-detail.jpg,
artek-a110-hand-grenade,Suspension A110 Hand Grenade,10,galerie,,,1200,800,Suspension A110 Hand Grenade — Artek,artek-pendant-light-a110-hand-grenade-white-brass-detail-on.jpg,
artek-a330s-golden-bell,Suspension A330S Golden Bell,1,variante,oui,Laiton poli non verni | Laiton poli,1200,1200,Suspension A330S Golden Bell — Laiton poli non verni,artek-pendant-light-a330s-golden-bell-brass.jpg,"[critique] La variante « Laiton poli non verni » (Savoy, 607 €) affiche la photo #1, qui montre le laiton poli verni à câble blanc (même image que la variante « Laiton poli » à 564 €). Le vrai packshot Savoy (#12, laiton plus chaud, câble noir) existe mais est rangé en galerie, donc affiché comme ambiance. Le client qui paie le supplément Savoy voit l'autre finition. | [moyen] Tant que #1 est partagée, la fiche s'ouvre sur la 1re variante, « Laiton poli non verni » (la plus chère), avec une photo qui ne lui correspond pas. L'alt de #1 dit « Laiton poli non verni » alors que l'image montre le laiton verni."
artek-a330s-golden-bell,Suspension A330S Golden Bell,2,galerie,,,1200,1200,Suspension A330S Golden Bell — Artek,artek-pendant-light-a330s-golden-bell-brass-bedroom.jpg,
artek-a330s-golden-bell,Suspension A330S Golden Bell,3,galerie,,,1200,1200,Suspension A330S Golden Bell — Artek,artek-aalto-table-round-90a-chair-66-bench-153a-pendant-light-a330s-dining-interior.jpg,
artek-a330s-golden-bell,Suspension A330S Golden Bell,4,galerie,,,1200,960,Suspension A330S Golden Bell — Artek,artek-armchair-401-402-bench-153b-stool-60-savoy-a330s-living-room_14484499-afdc-47de-a33e-d66e9ee8bbf4.jpg,
artek-a330s-golden-bell,Suspension A330S Golden Bell,5,galerie,,,2000,2000,Suspension A330S Golden Bell — Artek,Artek_Helsinki_Christmas_2025_2_new_web_4dd79274-d8e3-4f06-bc09-91270009f111.jpg,"[faible] #5 (Artek Helsinki, Noël 2025) : la suspension est minuscule en haut à droite, scène saisonnière datée."
artek-a330s-golden-bell,Suspension A330S Golden Bell,6,galerie,,,1200,960,Suspension A330S Golden Bell — Artek,artek-pendant-light-a330s-golden-bell-brass-savoy-helsinki-close-up.jpg,
artek-a330s-golden-bell,Suspension A330S Golden Bell,7,galerie,,,1200,1200,Suspension A330S Golden Bell — Artek,artek-tea-trolley-901-white-laminate-armchair-402-yellow-pendant-light-a330s-golden-bell-living-room-interior.jpg,
artek-a330s-golden-bell,Suspension A330S Golden Bell,8,galerie,,,1200,1200,Suspension A330S Golden Bell — Artek,artek-pendant-light-a330s-golden-bell-brass-on-bedroom.jpg,
artek-a330s-golden-bell,Suspension A330S Golden Bell,9,variante,,Chromé,1200,1200,Suspension A330S Golden Bell — Chromé,artek-pendant-light-a330s-golden-bell-chrome.jpg,
artek-a330s-golden-bell,Suspension A330S Golden Bell,10,variante,,Laqué noir,1200,1200,Suspension A330S Golden Bell — Laqué noir,artek-pendant-light-a330s-golden-bell-black.jpg,
artek-a330s-golden-bell,Suspension A330S Golden Bell,11,variante,,Laqué blanc,1200,1200,Suspension A330S Golden Bell — Laqué blanc,artek-pendant-light-a330s-golden-bell-white.jpg,
artek-a330s-golden-bell,Suspension A330S Golden Bell,12,galerie,,,1200,1200,Suspension A330S Golden Bell — Artek,artek-pendant-light-a330s-golden-bell-savoy.jpg,
artek-a330s-golden-bell,Suspension A330S Golden Bell,13,galerie,,,1200,960,Suspension A330S Golden Bell — Artek,artek-pendant-light-a330s-golden-bell-brass-on.jpg,
artek-a330s-golden-bell,Suspension A330S Golden Bell,14,galerie,,,1200,960,Suspension A330S Golden Bell — Artek,artek-pendant-light-a330s-golden-bell-white-on.jpg,
artek-a331-beehive,Suspension A331 Beehive,1,variante,oui,Blanc thermolaquée / laitonné / blanc câble,1200,1200,Suspension A331 Beehive — Blanc thermolaquée / laitonné / blanc câble,artek-pendant-light-a331-beehive-white-brass.jpg,
artek-a331-beehive,Suspension A331 Beehive,2,galerie,,,1200,1200,Suspension A331 Beehive — Artek,artek-pendant-light-a331-beehive-white-brass-off-colourful-artwork-interior.jpg,
artek-a331-beehive,Suspension A331 Beehive,3,galerie,,,1200,1200,Suspension A331 Beehive — Artek,artek-pendant-light-a331-beehive-white-brass-on-dark-interior.jpg,
artek-a331-beehive,Suspension A331 Beehive,4,galerie,,,1200,960,Suspension A331 Beehive — Artek,artek-pendant-lights-a331-beehive-dining-room.jpg,
artek-a331-beehive,Suspension A331 Beehive,5,galerie,,,1200,1200,Suspension A331 Beehive — Artek,artek-pendant-light-a331-beehive-white-brass-interior.jpg,
artek-a331-beehive,Suspension A331 Beehive,6,variante,,Noir thermolaquée / intérieur blanc / laitonné / noir câble plastique,1200,1200,Suspension A331 Beehive — Noir thermolaquée / intérieur blanc / laitonné / noir câble plastique,artek-pendant-light-a331-beehive-black-brass.jpg,
artek-a331-beehive,Suspension A331 Beehive,7,variante,,Blanc thermolaquée / chromé / blanc câble plastique,1200,1200,Suspension A331 Beehive — Blanc thermolaquée / chromé / blanc câble plastique,artek-pendant-light-a331-beehive-white-chrome.jpg,
artek-a331-beehive,Suspension A331 Beehive,8,galerie,,,1200,960,Suspension A331 Beehive — Artek,artek-pendant-light-a331-beehive-white-brass-on.jpg,
artek-a331-beehive,Suspension A331 Beehive,9,galerie,,,1200,960,Suspension A331 Beehive — Artek,artek-pendant-light-a331-beehive-black-brass-on.jpg,
artek-a331-beehive,Suspension A331 Beehive,10,galerie,,,1200,960,Suspension A331 Beehive — Artek,artek-pendant-light-a331-beehive-white-brass-close-up-top-on.jpg,
artek-a333-turnip,Suspension A333 Turnip,1,variante,oui,Laqué blanc,1200,1200,Suspension A333 Turnip — Laqué blanc,artek-pendant-light-a333-turnip-white-white.jpg,
artek-a333-turnip,Suspension A333 Turnip,2,galerie,,,1200,960,Suspension A333 Turnip — Artek,artek-pendant-light-a333-turnip-bedroom-on.jpg,
artek-a333-turnip,Suspension A333 Turnip,3,galerie,,,1200,960,Suspension A333 Turnip — Artek,artek-pendant-light-a333-turnip-bedroom-off.jpg,
artek-a333-turnip,Suspension A333 Turnip,4,variante,,Laitonné,1200,1200,Suspension A333 Turnip — Laitonné,artek-pendant-light-a333-turnip-white-brass.jpg,[moyen] « Laitonné » et « Laqué blanc » décrivent en fait seulement l'anneau : l'abat-jour est blanc dans les deux cas. Le libellé « Laitonné » laisse croire à un luminaire en laiton. Libellés incohérents avec l'A110 et l'A331 (« Blanc thermolaquée / laitonné… »).
artek-a333-turnip,Suspension A333 Turnip,5,galerie,,,1200,960,Suspension A333 Turnip — Artek,artek-pendant-light-a333-turnip-white-brass-on.jpg,
artek-a440,Suspension A440,1,variante,oui,Soufflé bouche verre opalin / satiné,1200,1200,Suspension A440 — Soufflé bouche verre opalin / satiné,artek-pendant-light-a440-white.jpg,[faible] Libellé « Soufflé bouche verre opalin / satiné » peu naturel.
artek-a440,Suspension A440,2,galerie,,,2000,2000,Suspension A440 — Artek,Pendant_light_A440_On_web.jpg,
artek-a440,Suspension A440,3,galerie,,,2000,2000,Suspension A440 — Artek,Pendant_light_A440_Off_2_web.jpg,
artek-a440,Suspension A440,4,galerie,,,2000,2000,Suspension A440 — Artek,Pendant_light_A440_On_2_web.jpg,
artek-a440,Suspension A440,5,galerie,,,2000,2000,Suspension A440 — Artek,Pendant_light_A440_Off_web.jpg,
artek-a440,Suspension A440,6,galerie,,,1200,960,Suspension A440 — Artek,artek-pendant-light-a440-white-on.jpg,
artek-jl341,Suspension JL341,1,variante,oui,Laqué blanc,1200,1200,Suspension JL341 — Laqué blanc,artek-pendant-light-jl341-white-white.jpg,
artek-jl341,Suspension JL341,2,galerie,,,2000,2000,Suspension JL341 — Artek,Pendant_light_JL341_Off_web.jpg,
artek-jl341,Suspension JL341,3,galerie,,,2000,2000,Suspension JL341 — Artek,Pendant_light_JL341_On_web.jpg,
artek-jl341,Suspension JL341,4,variante,,Laqué blanc / inférieur réflecteurs laiton poli,1200,1200,Suspension JL341 — Laqué blanc / inférieur réflecteurs laiton poli,artek-pendant-light-jl341-white-brass.jpg,[faible] Libellé « Laqué blanc / inférieur réflecteurs laiton poli » : ordre des mots incorrect.
artek-jl341,Suspension JL341,5,galerie,,,1200,960,Suspension JL341 — Artek,artek-pendant-light-jl341-white-white-on.jpg,
artek-jl341,Suspension JL341,6,galerie,,,1200,960,Suspension JL341 — Artek,artek-pendant-light-jl341-white-white-detail-on.jpg,
artek-wall-light-a910,Applique A910,1,variante,oui,Laqué blanc,2000,2000,Applique A910 — Laqué blanc,Wall-Light-A910-white_web.jpg,
artek-wall-light-a910,Applique A910,2,galerie,,,2000,2000,Applique A910 — Artek,Wall_light_A910_Off_2_web.jpg,
artek-wall-light-a910,Applique A910,3,galerie,,,2000,2000,Applique A910 — Artek,Artek-Gems-from-the-Archive-In-situ-Cabinet-250_Wall-light-A910-white_web.jpg,
artek-wall-light-a910,Applique A910,4,galerie,,,2000,2000,Applique A910 — Artek,Artek-Gems-from-the-Archive-In-situ-Screen-web.jpg,
artek-wall-light-a910,Applique A910,5,galerie,,,2000,2000,Applique A910 — Artek,Wall_light_A910_On_web.jpg,
artek-ceiling-light-a622,Plafonnier A622,1,variante,oui,A622a,1470,1470,Plafonnier A622 — A622A,packshot-ac063c2f1f8ce10bb78d97292e150aaf.png,"[faible] Les packshots #1 (A622A) et #5 (A622B) ont les mêmes proportions (les deux tailles sont homothétiques, 57/23 ≈ 46,5/18,5) : rien ne montre la différence de taille, et l'attribution de chaque image ne peut pas être vérifiée visuellement (à confirmer par la source)."
artek-ceiling-light-a622,Plafonnier A622,2,galerie,,,2000,2000,Plafonnier A622 — Artek,Ceiling_light_A622_Off_web.jpg,
artek-ceiling-light-a622,Plafonnier A622,3,galerie,,,2000,2000,Plafonnier A622 — Artek,Ceiling_light_A622_On_2_web.jpg,"[faible] #4 est le même cliché que #3 (plafonnier allumé devant la fenêtre), simplement recadré : doublon."
artek-ceiling-light-a622,Plafonnier A622,4,galerie,,,2000,1600,Plafonnier A622 — Artek,5576794_Ceiling_light_A622_On_w_c729175e-5c04-4869-890c-d7988f9d59d7.jpg,
artek-ceiling-light-a622,Plafonnier A622,5,variante,,A622b,1200,1200,Plafonnier A622 — A622B,artek-ceiling-light-a622b-white.jpg,
artek-ceiling-light-a622,Plafonnier A622,6,galerie,,,1200,960,Plafonnier A622 — A622A,artek-ceiling-light-a622a-white.jpg,"[faible] #6 et #7 sont des rendus produit sur fond gris (A622A, A622B) non liés à une variante : ils s'affichent comme ambiances."
artek-ceiling-light-a622,Plafonnier A622,7,galerie,,,1200,960,Plafonnier A622 — A622B,artek-ceiling-light-a622b-white-off.jpg,
artek-kori-floor-light-eu,Lampadaire Kori,1,variante,oui,Laqué blanc,3748,3748,Lampadaire Kori — Laqué blanc,packshot-ff4da8014aa3c7ba07f59f06027ca77d.png,
artek-kori-floor-light-eu,Lampadaire Kori,2,galerie,,,2000,2000,Lampadaire Kori — Artek,Kori-Floor-Light_white_01_web.jpg,
artek-kori-floor-light-eu,Lampadaire Kori,3,galerie,,,2000,2000,Lampadaire Kori — Artek,Kori-Floor-Light_white_on_web.jpg,
artek-kori-floor-light-eu,Lampadaire Kori,4,galerie,,,2000,2000,Lampadaire Kori — Artek,Kori-Floor-Light-Orange_1_Hanna-Katariina-Mononen_web.jpg,
artek-kori-floor-light-eu,Lampadaire Kori,5,galerie,,,2000,2000,Lampadaire Kori — Artek,Kori-Floor-Light-Orange-Hanna-Katariina-Mononen_web.jpg,
artek-kori-floor-light-eu,Lampadaire Kori,6,variante,,Laqué orange,4000,4000,Lampadaire Kori — Laqué orange,Kori-Floor-Light-orange-Cut-out_web_ce621c6c-cd1f-4cbb-873a-4ba90d8c85a5.jpg,
artek-kori-floor-light-eu,Lampadaire Kori,7,galerie,,,2000,2000,Lampadaire Kori — Artek,Kori-Floor-Light_on_white_web.jpg,
artek-a805-angel-wing-eu,Lampadaire A805 Angel Wing,1,variante,oui,Laiton poli,2119,2119,Lampadaire A805 Angel Wing — Laiton poli,packshot-8d23f055798aefa12e0856a3ad356e9a.png,
artek-a805-angel-wing-eu,Lampadaire A805 Angel Wing,2,galerie,,,2000,2000,Lampadaire A805 Angel Wing — Artek,Floor_Light_a805_6_photo_Suvi_Kesalainen_web.jpg,
artek-a805-angel-wing-eu,Lampadaire A805 Angel Wing,3,galerie,,,2000,2000,Lampadaire A805 Angel Wing — Artek,Floor_Light_A805.jpg,"[faible] #3 : salle de réunion où le lampadaire n'est qu'un petit élément au fond, derrière la table ; peu utile."
artek-a805-angel-wing-eu,Lampadaire A805 Angel Wing,4,galerie,,,2000,2000,Lampadaire A805 Angel Wing — Artek,Floor_Light_A805_1_photo_Suvi_Kesalainen_web.jpg,
artek-a805-angel-wing-eu,Lampadaire A805 Angel Wing,5,galerie,,,2731,2000,Lampadaire A805 Angel Wing — Artek,Floor_Light_A805_Angel_Wing_web.jpg,
artek-a805-angel-wing-eu,Lampadaire A805 Angel Wing,6,variante,,Laiton nickelé,2000,2000,Lampadaire A805 Angel Wing — Laiton nickelé,Floor-Light-A805-_Angel-Wing_nickel_on_web.jpg,
artek-a808-eu,Lampadaire A808,1,variante,oui,Blanc peint acier,2044,2044,Lampadaire A808 — Blanc peint acier,packshot-81962dec69254f0e485e3373d7b99225.png,
artek-a808-eu,Lampadaire A808,2,galerie,,,2000,2000,Lampadaire A808 — Artek,Chair-69-Table-83-Pendant-Light-A331-_Beehive_-Floor-Light-A808_web.jpg,
artek-a808-eu,Lampadaire A808,3,galerie,,,2000,2000,Lampadaire A808 — Artek,Floor-Light-A808-Pendant-Light-A110-_Hand-Grenade_-Tea-Trolley-900-Sofa-Bed-549_web.jpg,
artek-a808-eu,Lampadaire A808,4,galerie,,,2000,2000,Lampadaire A808 — Artek,Floor-Light-A808-white-Tea-Trolley-900_1_web.jpg,
artek-a808-eu,Lampadaire A808,5,galerie,,,1571,1169,Lampadaire A808 — Artek,Floor-Light-A808_brass_close_up_web.jpg,
artek-a808-eu,Lampadaire A808,6,variante,,Laiton poli,2000,2000,Lampadaire A808 — Laiton poli,Floor-Light-A808-brass_web.jpg,
artek-a810-eu,Lampadaire A810,1,variante,oui,Laiton poli,4197,4197,Lampadaire A810 — Laiton poli,packshot-847e9e5e3e0bfbfd88647277e60e0d93.png,
artek-a810-eu,Lampadaire A810,2,galerie,,,2000,2000,Lampadaire A810 — Artek,A810_Floor_Light_web.jpg,
artek-a810-eu,Lampadaire A810,3,galerie,,,2000,2000,Lampadaire A810 — Artek,Kaari_Table_Domus_Chair_A810_Floor_Light_web.jpg,
artek-a810-eu,Lampadaire A810,4,galerie,,,1600,2000,Lampadaire A810 — Artek,Floor-light-a810-burgundy_stool-60-burgundy_web.jpg,"[élevé] #5 est un packshot complet de l'A810 édition spéciale Artek Helsinki à pied et socle rubis, #8 un gros plan de ce socle rouge, #4 une ambiance avec le pied bordeaux. Cette finition n'est pas proposée (variantes : tube laiton ou inox, pied cuir noir). Non liées aux variantes, ces images apparaissent comme ambiances ; #5 ressemble à une variante disponible."
artek-a810-eu,Lampadaire A810,5,galerie,,,2000,2000,Lampadaire A810 — Artek,Floor-light-A810_artek-helsinki-special_ruby_web_8dc280a7-e7b7-41bd-b5ff-837186211a50.jpg,
artek-a810-eu,Lampadaire A810,6,galerie,,,2000,2000,Lampadaire A810 — Artek,Floor_Light_A810_2_web.jpg,
artek-a810-eu,Lampadaire A810,7,variante,,Acier inoxydable,4000,4000,Lampadaire A810 — Acier inoxydable,Floor-Light-A810-nickel-tube_on_web.jpg,"[faible] Le fichier du packshot inox s'appelle « Floor-Light-A810-nickel-tube_on_web.jpg » alors qu'il n'existe pas de version nickelée pour l'A810 (inox poli). L'image montre bien un tube argenté et l'alt est juste ; seul le nom de fichier prête à confusion."
artek-a810-eu,Lampadaire A810,8,galerie,,,2000,1600,Lampadaire A810 — Artek,A810_helsinki-specials_04_web.jpg,
artek-a811-eu,Lampadaire A811,1,variante,oui,Laiton poli | Laiton nickelé,4217,4217,Lampadaire A811 — Laiton poli,packshot-b12598b098d1783dd506fda20a608a39.png,"[critique] Précision sur SHARED_VARIANT_IMAGE : la variante « Laiton nickelé » affiche #1, qui montre le col et le tube en laiton doré, alors que le packshot de la version nickelée (#3, tube argenté) est déjà dans la fiche, rangé en galerie (donc affiché comme ambiance)."
artek-a811-eu,Lampadaire A811,2,galerie,,,3000,2000,Lampadaire A811 — Artek,Floor_light_A811_On_web.jpg,
artek-a811-eu,Lampadaire A811,3,galerie,,,4000,4000,Lampadaire A811 — Artek,Floor-Light-A811-nickel-tube_on_web.jpg,
artek-kori-table-light-eu,Lampe de table Kori,1,variante,oui,Laqué blanc,502,502,Lampe de table Kori — Laqué blanc,packshot-c281fc1f9479e310513d0843cbc99332.png,
artek-kori-table-light-eu,Lampe de table Kori,2,galerie,,,2000,2000,Lampe de table Kori — Artek,Kori-Table-Light_1_webjpg.jpg,
artek-kori-table-light-eu,Lampe de table Kori,3,galerie,,,2000,2000,Lampe de table Kori — Artek,Kori-Table-Light_Riihitie-Plant-Pot_Kaari-Wall-Shelves_web.jpg,
artek-kori-table-light-eu,Lampe de table Kori,4,galerie,,,2000,2000,Lampe de table Kori — Artek,Kori-Table-Light-Orange-Hanna-Katariina-Monone_web.jpg,
artek-kori-table-light-eu,Lampe de table Kori,5,variante,,Laqué orange,1200,1200,Lampe de table Kori — Laqué orange,artek-kori-table-light-orange.jpg,"[faible] Packshot orange (#5) très petit dans le cadre et décalé vers la droite (câble inclus), alors que le packshot blanc (#1) est cadré serré : les deux finitions ne s'affichent pas à la même échelle."
artek-kori-table-light-eu,Lampe de table Kori,6,galerie,,,2000,2000,Lampe de table Kori — Artek,Kori-Table-Light-Orange_1_-Hanna-Katariina-Monone_web.jpg,
artek-wall-light-a330s-eu,Applique A330S,1,variante,oui,Laiton,1200,1200,Applique A330S — Laiton,artek-wall-light-a330s-golden-bell-brass.jpg,
artek-wall-light-a330s-eu,Applique A330S,2,galerie,,,2000,2000,Applique A330S — Artek,Aslak_Chair_Wall_Light_A330S_photo_Mikko_Ryhanen_master.jpg,
artek-wall-light-a330s-eu,Applique A330S,3,galerie,,,2000,2000,Applique A330S — Artek,Wall_light_A330S_On_1_web.jpg,
artek-wall-light-a330s-eu,Applique A330S,4,galerie,,,2000,2000,Applique A330S — Artek,Wall-Light-A330S-white-Aalto-Table-Half-Round-white-Riihitie-A-white_web.jpg,
artek-wall-light-a330s-eu,Applique A330S,5,galerie,,,1200,960,Applique A330S — Artek,artek-aslak-chair-table-90b-a330s-wall-light.jpg,"[faible] #5 : l'applique (noire) est minuscule au fond de la pièce ; l'image montre surtout des chaises Aslak."
artek-wall-light-a330s-eu,Applique A330S,6,variante,,Acier chromé,1200,1200,Applique A330S — Acier chromé,artek-wall-light-a330s-golden-bell-chrome.jpg,
artek-wall-light-a330s-eu,Applique A330S,7,variante,,Noir acier,1200,1200,Applique A330S — Noir acier,artek-wall-light-a330s-golden-bell-black.jpg,
artek-wall-light-a330s-eu,Applique A330S,8,variante,,Blanc acier,1200,1200,Applique A330S — Blanc acier,artek-wall-light-a330s-golden-bell-white.jpg,
artek-kaari-bureau-mural,Étagère Kaari Bureau Mural,1,variante,oui,Bureau 100 x 55 cm,3090,3090,Étagère Kaari Bureau Mural — Bureau 100 x 55 cm,packshot-8031bfc51e61d7149a944b34c06405cf.png,"[moyen] Libellés donnant seulement la taille du plan de travail ; ni code, ni largeur/hauteur totale (100 × 142 cm)."
artek-kaari-bureau-mural,Étagère Kaari Bureau Mural,2,galerie,,,2000,2000,Étagère Kaari Bureau Mural — Artek,Aslak_Chair_black_lacquered_Kaari_Wall_Shelf_with_desk_web_e7640cfd-bb08-46af-b5f8-02e14e04be8f.jpg,
artek-kaari-bureau-mural,Étagère Kaari Bureau Mural,3,galerie,,,2000,2000,Étagère Kaari Bureau Mural — Artek,Atelier_Chair_clear_lacquered_oak_Kaari_Wall_Shelf_with_desk_1_web_a6bae6ae-2e7c-4ff0-9b6b-c5a24fb3cd85.jpg,
artek-kaari-bureau-mural,Étagère Kaari Bureau Mural,4,galerie,,,2000,2000,Étagère Kaari Bureau Mural — Artek,Kaari-wall-shelf-with-desk_2_web_c61681bc-22fb-4553-a39a-784e0463fc76.jpg,
artek-kaari-bureau-mural,Étagère Kaari Bureau Mural,5,galerie,,,2000,2000,Étagère Kaari Bureau Mural — Artek,Kaari-wall-shelf-with-desk_REB010_web_a5898687-d939-4acb-871f-925f59e9ba66.jpg,
artek-kaari-bureau-mural,Étagère Kaari Bureau Mural,6,galerie,,,2000,2000,Étagère Kaari Bureau Mural — Artek,Kaari-Wall-Shelf-with-Desk_1_web_01543bee-716b-44ef-b4cd-722860fcee45.jpg,
artek-kaari-bureau-mural,Étagère Kaari Bureau Mural,7,variante,,Bureau 200 x 55 cm,4300,4300,Étagère Kaari Bureau Mural — Bureau 200 x 55 cm,1846760_Kaari-Wall-Shelf-with-desk-REB010-black-oak_web_d760c61c-2eb2-4414-8345-46f89be2692f.jpg,"[moyen] Idem pour REB010 ; le fichier de #7 dit « black-oak » mais la photo montre bien des montants chêne naturel (conforme à la seule finition Artek)."
artek-kaari-wall-shelf,Étagère murale Kaari,1,variante,oui,200 x 35 cm,3590,3590,Étagère murale Kaari — 200 x 35 cm,packshot-e3e4c14f4ed5ba7fc3f27dbf7097c899.png,"[élevé] Idem : REB008 = 3 tablettes, 113 cm de haut."
artek-kaari-wall-shelf,Étagère murale Kaari,2,galerie,,,2000,2000,Étagère murale Kaari — Artek,Kaari_Wall_Shelf_3_web_6fc63003-f18f-499f-904a-2e449d6390e1.jpg,"[faible] Alt générique ; fichier #3 nommé « black-oak » alors que les montants sont en chêne naturel (sans impact client)."
artek-kaari-wall-shelf,Étagère murale Kaari,3,variante,,100 x 35 cm,3000,3000,Étagère murale Kaari — 100 x 35 cm,Kaari-Wall-Shelf-REB009-black-oak_web.jpg,"[élevé] « 100 x 35 cm » décrit une tablette ; le produit REB009 est une colonne de 5 tablettes de 188 cm de haut : le client ne peut pas deviner la hauteur ni le nombre de tablettes."
artek-aalto-table-rectangular-80a,Table Aalto 80A 120 × 60 cm,1,variante,oui,Bouleau,1688,1688,Table Aalto 80A 120 × 60 cm — Bouleau,packshot-88fda39f26ab2eca11c992ad404790bb.png,
artek-aalto-table-rectangular-80a,Table Aalto 80A 120 × 60 cm,2,galerie,,,1500,1500,Table Aalto 80A 120 × 60 cm — Artek,Aalto-Table-rectangular-80A_web.jpg,
artek-aalto-table-rectangular-80a,Table Aalto 80A 120 × 60 cm,3,galerie,,,1500,1500,Table Aalto 80A 120 × 60 cm — Artek,Lukki-Chair-Aalto-Table-rectangular-_3_web.jpg,"[faible] Gros plan sur une chaise Lukki ; seul un pied de table est visible, code non identifiable (même image que 80B #2 et 81A #2)."
artek-aalto-table-rectangular-80a,Table Aalto 80A 120 × 60 cm,4,galerie,,,1500,1500,Table Aalto 80A 120 × 60 cm — Artek,Rival-Chair-KG002-Aalto-Table-rectangular-80A_web.jpg,
artek-aalto-table-rectangular-80a,Table Aalto 80A 120 × 60 cm,5,galerie,,,2000,2000,Table Aalto 80A 120 × 60 cm — Artek,Children_s-Chair-N65-and-Aalto-Table-81B-in-situ-close-up_web_9d55ae88-08f1-49f6-b897-e2c91b0d3a9e.jpg,"[moyen] Photo « Children’s Chair N65 and Aalto Table 81B in situ » : chaise enfant N65 et table enfant 81B (H60) dans une chambre d’enfant ; ni 80A ni table adulte."
artek-aalto-table-rectangular-80a,Table Aalto 80A 120 × 60 cm,6,variante,,Lamifié blanc,2000,2000,Table Aalto 80A 120 × 60 cm — Lamifié blanc,Aalto-Table-rectangular-80A-legs-and-edge-band-birch-top-white-HPL_web.jpg,
artek-aalto-table-rectangular-80a,Table Aalto 80A 120 × 60 cm,7,variante,,Linoléum noir,2000,2000,Table Aalto 80A 120 × 60 cm — Linoléum noir,Aalto-Table-rectangular-80A-legs-and-edge-band-birch-top-black-linoleum_web.jpg,
artek-aalto-table-rectangular-80a,Table Aalto 80A 120 × 60 cm,8,galerie,,,3000,3000,Table Aalto 80A 120 × 60 cm — Artek,Aalto-Children_s-Table-rectangular-80A-legs-and-edge-band-birch-top-birch_web_66baf660-c431-4f65-b35d-f8a9e7785e64.jpg,"[moyen] Trois packshots de la table ENFANT 80A (H60, vendue sur la fiche artek-aalto-table-rectangular-80a-60cm) sont en galerie : ils apparaissent comme ambiances de la table adulte H74 et peuvent tromper sur la hauteur."
artek-aalto-table-rectangular-80a,Table Aalto 80A 120 × 60 cm,9,galerie,,,3000,3000,Table Aalto 80A 120 × 60 cm — Artek,Aalto-Children_s-Table-rectangular-80A-legs-and-edge-band-birch-top-black-linoleum_web_a6a9b577-23b7-4205-8f49-7f38471504a3.jpg,
artek-aalto-table-rectangular-80a,Table Aalto 80A 120 × 60 cm,10,galerie,,,3000,3001,Table Aalto 80A 120 × 60 cm — Artek,Aalto-Children_s-Table-rectangular-80A-legs-and-edge-band-birch-top-white-HPL_web_ccb3495e-15c4-467d-9bec-2e463259e149.jpg,
artek-aalto-table-rectangular-80b,Table Aalto 80B 100 × 60 cm,1,variante,oui,Bouleau,1424,1424,Table Aalto 80B 100 × 60 cm — Bouleau,packshot-71272de9cd9e5d835c7e61d92548e9b0.png,
artek-aalto-table-rectangular-80b,Table Aalto 80B 100 × 60 cm,2,galerie,,,1500,1500,Table Aalto 80B 100 × 60 cm — Artek,Lukki-Chair-Aalto-Table-rectangular.jpg,"[faible] Gros plan Lukki (même image que 80A #3 et 81A #2), table non identifiable."
artek-aalto-table-rectangular-80b,Table Aalto 80B 100 × 60 cm,3,galerie,,,1500,1500,Table Aalto 80B 100 × 60 cm — Artek,Childrens-Chair-N65-and-Aalto-Table-81B-in-situ-close-up_web.jpg,[moyen] Photo « Children’s Chair N65 and Aalto Table 81B in situ » : chaise enfant N65 et table enfant 81B (H60) dans une chambre d’enfant.
artek-aalto-table-rectangular-80b,Table Aalto 80B 100 × 60 cm,4,galerie,,,1500,1500,Table Aalto 80B 100 × 60 cm — Artek,Aalto-table-rectangular-80B_black-linoleum_Rival-Chair-analogue_web.jpg,
artek-aalto-table-rectangular-80b,Table Aalto 80B 100 × 60 cm,5,galerie,,,1500,1500,Table Aalto 80B 100 × 60 cm — Artek,Aalto-table-rectangular-80B_black-linoleum_Rival-Chair.jpg,
artek-aalto-table-rectangular-80b,Table Aalto 80B 100 × 60 cm,6,variante,,Linoléum noir,2000,2000,Table Aalto 80B 100 × 60 cm — Linoléum noir,Aalto-Table-rectangular-80B_-legs-and-edge-band-birch_-top-black-linoleum_cut-out_web.jpg,
artek-aalto-table-rectangular-80b,Table Aalto 80B 100 × 60 cm,7,variante,,Lamifié blanc,2000,2000,Table Aalto 80B 100 × 60 cm — Lamifié blanc,Aalto-Table-rectangular-80B_-legs-and-edge-band-birch_-top-white-HPL_cut-out_web.jpg,
artek-aalto-table-rectangular-80b,Table Aalto 80B 100 × 60 cm,8,galerie,,,2000,2000,Table Aalto 80B 100 × 60 cm — Artek,Aalto-Children_s-Table-rectangular-80B_-legs-and-edge-band-birch_-top-white-HPL_cut-out_web.jpg,[moyen] Trois packshots de la table ENFANT 80B (H60) affichés comme ambiances de la table adulte H74.
artek-aalto-table-rectangular-80b,Table Aalto 80B 100 × 60 cm,9,galerie,,,2000,2000,Table Aalto 80B 100 × 60 cm — Artek,Aalto-Children_s-Table-rectangular-80B_-legs-and-edge-band-birch_-top-birch_cut-out_web.jpg,
artek-aalto-table-rectangular-80b,Table Aalto 80B 100 × 60 cm,10,galerie,,,2000,2000,Table Aalto 80B 100 × 60 cm — Artek,Aalto-Children_s-Table-rectangular-80B_-legs-and-edge-band-birch_-top-black-linoleum_cut-out_web.jpg,
artek-aalto-table-rectangular-80b,Table Aalto 80B 100 × 60 cm,11,galerie,,,1500,1200,Table Aalto 80B 100 × 60 cm — Artek,Aalto-Table-tops-IKI-white-HPL-birch-veneer-black-linoleum_web.jpg,
artek-aalto-table-rectangular-81a,Table Aalto 81A 150 × 75 cm,1,variante,oui,Bouleau,1983,1983,Table Aalto 81A 150 × 75 cm — Artek,packshot-432e0ba2ad87f882360c8b2ced854d2a.png,
artek-aalto-table-rectangular-81a,Table Aalto 81A 150 × 75 cm,2,galerie,,,1500,1500,Table Aalto 81A 150 × 75 cm — Artek,Lukki-Chair-Aalto-Table.jpg,"[faible] Gros plan Lukki, table non identifiable (image partagée avec 80A/80B)."
artek-aalto-table-rectangular-81a,Table Aalto 81A 150 × 75 cm,3,galerie,,,1500,1500,Table Aalto 81A 150 × 75 cm — Artek,Childrens-Chair-N65-and-Aalto-Table-81B-in-situ-close-up_web_2dc38957-f6bf-42e2-95c2-de681e64faeb.jpg,[moyen] Photo « Children’s Chair N65 and Aalto Table 81B in situ » : chaise enfant N65 et table enfant 81B (H60) dans une chambre d’enfant.
artek-aalto-table-rectangular-81a,Table Aalto 81A 150 × 75 cm,4,variante,,Lamifié blanc,2000,2000,Table Aalto 81A 150 × 75 cm — Lamifié blanc,Aalto-Table-rectangular-81A_-legs-and-ede-band-birch_-top-white-HPL_cut-out_web.jpg,
artek-aalto-table-rectangular-81a,Table Aalto 81A 150 × 75 cm,5,variante,,Linoléum noir,2000,2000,Table Aalto 81A 150 × 75 cm — Linoléum noir,Aalto-Table-rectangular-81A_-legs-and-ede-band-birch_-top-black-Linoleum_cut-out_web.jpg,
artek-aalto-table-rectangular-81a,Table Aalto 81A 150 × 75 cm,6,galerie,,,3000,3000,Table Aalto 81A 150 × 75 cm — Artek,Aalto-Children_s-Table-rectangular-81A_-legs-and-ede-band-birch_-top-birch_cut-out_web.jpg,[moyen] Deux packshots de la table ENFANT 81A (H60) en galerie de la table adulte.
artek-aalto-table-rectangular-81a,Table Aalto 81A 150 × 75 cm,7,galerie,,,3000,3000,Table Aalto 81A 150 × 75 cm — Artek,Aalto-Children_s-Table-rectangular-81A_-legs-and-ede-band-birch_-top-black-Linoleum_cut-out_web.jpg,
artek-aalto-table-rectangular-81a,Table Aalto 81A 150 × 75 cm,8,galerie,,,1500,1200,Table Aalto 81A 150 × 75 cm — Artek,Aalto-Table-tops-IKI-white-HPL-birch-veneer-black-linoleum.jpg,
artek-aalto-table-rectangular-81b,Table Aalto 81B 120 × 75 cm,1,variante,oui,Bouleau,3252,3252,Table Aalto 81B 120 × 75 cm — Bouleau,packshot-d9ca8ed01ac8f2bf2f6b11e9b07e513f.png,"[critique] La photo principale, qui est aussi l’image de la variante « Bouleau », montre une table au plateau environ deux fois plus long que profond, avec des pieds rapprochés des bouts : proportion d’une 80A (120 × 60) ou 81A (150 × 75), pas d’une 81B (120 × 75). Toutes les autres photos 81B (#7, #8, #9, #10) montrent un plateau nettement plus profond. Code exact de la table photographiée à confirmer."
artek-aalto-table-rectangular-81b,Table Aalto 81B 120 × 75 cm,2,galerie,,,1500,1500,Table Aalto 81B 120 × 75 cm — Artek,Chair-69-Aalto-Table-rectangular-81B-Aalto-Chronology-Poster_4_web.jpg,
artek-aalto-table-rectangular-81b,Table Aalto 81B 120 × 75 cm,3,galerie,,,1500,1500,Table Aalto 81B 120 × 75 cm — Artek,Lukki-Chair-Aalto-Table-rectangular-81B.jpg,"[faible] Gros plan Lukki, table peu visible."
artek-aalto-table-rectangular-81b,Table Aalto 81B 120 × 75 cm,4,galerie,,,3000,2000,Table Aalto 81B 120 × 75 cm — Artek,Children_s-Chair-N65-and-Aalto-table-81B-in-situ_webjpg_1fb3e055-e83a-4989-be31-7e76f0f4a7a8.jpg,[moyen] Deux packshots de la table ENFANT 81B (H60) et deux scènes de chambre d’enfant (N65 + 81B enfant) servent d’ambiances à la table adulte.
artek-aalto-table-rectangular-81b,Table Aalto 81B 120 × 75 cm,5,galerie,,,1500,1500,Table Aalto 81B 120 × 75 cm — Artek,Childrens-Chair-N65-and-Aalto-Table-81B-in-situ-close-up_web_051260d6-a6db-49b7-9a2c-d2096882590c.jpg,
artek-aalto-table-rectangular-81b,Table Aalto 81B 120 × 75 cm,6,galerie,,,1500,1200,Table Aalto 81B 120 × 75 cm — Artek,Artek_Aalto-Table-tops-IKI-white-HPL-birch-veneer-black-linoleum.jpg,
artek-aalto-table-rectangular-81b,Table Aalto 81B 120 × 75 cm,7,variante,,Bouleau sauvage,2000,2000,Table Aalto 81B 120 × 75 cm — Bouleau sauvage,Aalto-table-rectangular-81B-wild-birch-natural-lacquered-2-cut-out_web.jpg,
artek-aalto-table-rectangular-81b,Table Aalto 81B 120 × 75 cm,8,variante,,Bouleau verni naturel / lamifié blanc,2000,2000,Table Aalto 81B 120 × 75 cm — Bouleau verni naturel / lamifié blanc,Aalto-table-rectangular-81B-clear-lacquer-top-white-HPL_web.jpg,
artek-aalto-table-rectangular-81b,Table Aalto 81B 120 × 75 cm,9,variante,,Bouleau verni naturel / linoléum noir,2000,2000,Table Aalto 81B 120 × 75 cm — Bouleau verni naturel / linoléum noir,Aalto-table-rectangular-81B-clear-lacquer-top-black-linoleum_web.jpg,
artek-aalto-table-rectangular-81b,Table Aalto 81B 120 × 75 cm,10,galerie,,,2000,2000,Table Aalto 81B 120 × 75 cm — Artek,Aalto-table-rectangular-81B-clear-lacquer_web.jpg,
artek-aalto-table-rectangular-81b,Table Aalto 81B 120 × 75 cm,11,galerie,,,3500,3500,Table Aalto 81B 120 × 75 cm — Artek,Aalto-Children_s-Table-rectangular-81B-legs-and-edge-band-birch-top-black-linoleum_webjpg_27f67e2d-fbd4-4a8a-a4f2-9c1f5fe3a3d1.jpg,
artek-aalto-table-rectangular-81b,Table Aalto 81B 120 × 75 cm,12,galerie,,,3500,3500,Table Aalto 81B 120 × 75 cm — Artek,Aalto-Children_s-Table-rectangular-81B-legs-and-edge-band-birch-top-white-HPL_web_8c0843e6-ad51-4db0-884c-c95b2ccefdf8.jpg,
artek-aalto-table-rectangular-82a,Table Aalto 82A 150 × 85 cm,1,variante,oui,Bouleau,1810,1810,Table Aalto 82A 150 × 85 cm — Artek,packshot-a9a8a1dc0501bdfd93a89f26e96ac9fd.png,
artek-aalto-table-rectangular-82a,Table Aalto 82A 150 × 85 cm,2,galerie,,,1500,1000,Table Aalto 82A 150 × 85 cm — Artek,Aalto-Table-82A-rectangula-birch-Chair-65-Chair-68-Chair-66-Chair-69-white-lacquered_web.jpg,
artek-aalto-table-rectangular-82a,Table Aalto 82A 150 × 85 cm,3,galerie,,,1500,1500,Table Aalto 82A 150 × 85 cm — Artek,Aalto-Table-82A-rectangular-Stool-60-Chair-65-Chair-68-Chair-66-Chair-69-white-lacquered.jpg,
artek-aalto-table-rectangular-82a,Table Aalto 82A 150 × 85 cm,4,variante,,Lamifié blanc,2000,2000,Table Aalto 82A 150 × 85 cm — Lamifié blanc,Aalto-Table-Rectangular-82A-clear-lacquer-white-laminate_web.jpg,
artek-aalto-table-rectangular-82a,Table Aalto 82A 150 × 85 cm,5,variante,,Linoléum noir,2000,2000,Table Aalto 82A 150 × 85 cm — Linoléum noir,Aalto-Table-Rectangular-82A-clear-lacquer-black-linoleum_web.jpg,
artek-aalto-table-rectangular-82a,Table Aalto 82A 150 × 85 cm,6,galerie,,,2404,2000,Table Aalto 82A 150 × 85 cm — Artek,Chair-66-Aalto-Table-rectangular-82A-white-laminate_webjpg.jpg,"[faible] Le nom de fichier annonce un plateau lamifié blanc, la vignette montre un plateau clair peu lisible ; sans gravité, ambiance cohérente."
artek-aalto-table-rectangular-82a,Table Aalto 82A 150 × 85 cm,7,galerie,,,1500,1200,Table Aalto 82A 150 × 85 cm — Artek,Artek_Aalto-Table-tops-IKI-white-HPL-birch-veneer-black-linoleum_artek_web.jpg,
artek-aalto-table-rectangular-82b,Table Aalto 82B 135 × 85 cm,1,variante,oui,Bouleau,1972,1972,Table Aalto 82B 135 × 85 cm — Bouleau,packshot-3017bf3e0b874a710577200a60ccd7cd.png,
artek-aalto-table-rectangular-82b,Table Aalto 82B 135 × 85 cm,2,galerie,,,1500,1000,Table Aalto 82B 135 × 85 cm — Artek,Aalto-Table-rectanqular-82B-Chair-69-Tea-Trolley-900-Pendant-Light-A331-_Beehive_-Stool-60_web.jpg,
artek-aalto-table-rectangular-82b,Table Aalto 82B 135 × 85 cm,3,galerie,,,1500,1500,Table Aalto 82B 135 × 85 cm — Artek,Aalto-Table-rectanqular-82B-Tea-Trolley-901-Pendant-Light-A110-_Hand-Grenade_-Stool-60.jpg,
artek-aalto-table-rectangular-82b,Table Aalto 82B 135 × 85 cm,4,variante,,Lamifié blanc,2000,2000,Table Aalto 82B 135 × 85 cm — Lamifié blanc,Aalto-Table-82B-clear-lacquer-top-white-HPL_web.jpg,
artek-aalto-table-rectangular-82b,Table Aalto 82B 135 × 85 cm,5,variante,,Linoléum noir,2000,2000,Table Aalto 82B 135 × 85 cm — Linoléum noir,Aalto-Table-82B-clear-lacquer-top-black-linoleum_web.jpg,
artek-aalto-table-rectangular-82b,Table Aalto 82B 135 × 85 cm,6,galerie,,,1500,1000,Table Aalto 82B 135 × 85 cm — Artek,Aalto-Table-rectangular-82B-birch-Chair-69-upholstered-Rauno-Traskelin_web.jpg,
artek-aalto-table-rectangular-82b,Table Aalto 82B 135 × 85 cm,7,galerie,,,1500,1200,Table Aalto 82B 135 × 85 cm — Artek,Aalto-Table-tops-IKI-white-HPL-birch.jpg,
artek-aalto-table-rectangular-83,Table Aalto 83 182 × 91 cm,1,variante,oui,Bouleau sauvage,2075,2075,Table Aalto 83 182 × 91 cm — Bouleau sauvage,packshot-d8708da2dd61892ae6a4f947ff57f510.png,"[faible] La photo principale est l’image de la variante « Bouleau sauvage » (nœuds visibles) : la carte montre cette finition et la fiche s’ouvre dessus au lieu de « Bouleau », la finition standard classée en premier."
artek-aalto-table-rectangular-83,Table Aalto 83 182 × 91 cm,2,galerie,,,749,749,Table Aalto 83 182 × 91 cm — Artek,Armchair_45_Aalto_Table_83.jpg,
artek-aalto-table-rectangular-83,Table Aalto 83 182 × 91 cm,3,galerie,,,1500,1125,Table Aalto 83 182 × 91 cm — Artek,Domus-Chair_Bench-168B_leather-uphostery_Table-83.jpg,
artek-aalto-table-rectangular-83,Table Aalto 83 182 × 91 cm,4,variante,,Bouleau verni naturel / lamifié blanc,2000,2000,Table Aalto 83 182 × 91 cm — Bouleau verni naturel / lamifié blanc,8849308_Aalto-Table-rectangular-83_-legs-naturally-lacquered_-top-white-HPL_cut-out_web.jpg,
artek-aalto-table-rectangular-83,Table Aalto 83 182 × 91 cm,5,variante,,Bouleau verni naturel / linoléum noir,2000,2000,Table Aalto 83 182 × 91 cm — Bouleau verni naturel / linoléum noir,Aalto-Table-rectangular-83_-legs-naturally-lacquered_-top-black-linoleum_cut-out_web.jpg,
artek-aalto-table-rectangular-83,Table Aalto 83 182 × 91 cm,6,variante,,Bouleau teinté noyer / chêne veneer teinté noyer,2000,2000,Table Aalto 83 182 × 91 cm — Bouleau teinté noyer / chêne veneer teinté noyer,Aalto-Table-83_-legs-walnut-stained--top-oak-walnut-stained_Cut-out_web.jpg,
artek-aalto-table-rectangular-83,Table Aalto 83 182 × 91 cm,7,variante,,Bouleau,2000,2000,Table Aalto 83 182 × 91 cm — Bouleau,Aalto-Table-rectangular-83_-legs-naturally-lacquered_-top-birch-veneer_cut-out_web.jpg,
artek-aalto-table-rectangular-83,Table Aalto 83 182 × 91 cm,8,galerie,,,1500,1200,Table Aalto 83 182 × 91 cm — Artek,Aalto-Table-tops-IKI-white-HPL-birch-veneer-black-linoleum_artek_web_5.jpg,
artek-aalto-table-rectangular-83,Table Aalto 83 182 × 91 cm,9,galerie,,,1875,1500,Table Aalto 83 182 × 91 cm — Artek,Aalto-Table-rectangular-83_-legs-walnut-stained--top-oak-walnut-stained-close-up_web.jpg,
artek-aalto-table-rectangular-83,Table Aalto 83 182 × 91 cm,10,galerie,,,2000,2000,Table Aalto 83 182 × 91 cm — Artek,Table-83-walnut-stained-detail.jpg,
artek-aalto-table-rectangular-86,Table Aalto 86 210 × 100 cm,1,variante,oui,Bouleau,2219,2219,Table Aalto 86 210 × 100 cm — Bouleau,packshot-e9f999f2eed0beef6ee7f08bfdcdee38.png,
artek-aalto-table-rectangular-86,Table Aalto 86 210 × 100 cm,2,galerie,,,1500,1195,Table Aalto 86 210 × 100 cm — Artek,Chair_611_Aalto_table_86_Riikka_Kantinkoski_web.jpg,
artek-aalto-table-rectangular-86,Table Aalto 86 210 × 100 cm,3,galerie,,,1500,1500,Table Aalto 86 210 × 100 cm — Artek,Aalto-table-rectangular-86_white-laminate_Chair-69_Armchair-45_web.jpg,
artek-aalto-table-rectangular-86,Table Aalto 86 210 × 100 cm,4,variante,,Lamifié blanc,2000,2000,Table Aalto 86 210 × 100 cm — Lamifié blanc,Aalto-Table-rectangular-86_-legs-and-edge-band-birch_-top-white-HPL_cut-out_web.jpg,
artek-aalto-table-rectangular-86,Table Aalto 86 210 × 100 cm,5,variante,,Linoléum noir,2000,2000,Table Aalto 86 210 × 100 cm — Linoléum noir,Aalto-Table-rectangular-86_-legs-and-edge-band-birch_-top-black-Linoleum_cut-out_web.jpg,
artek-aalto-table-rectangular-86,Table Aalto 86 210 × 100 cm,6,galerie,,,1500,1200,Table Aalto 86 210 × 100 cm — Artek,Aalto-Table-tops-IKI-white-HPL-birch-veneer.jpg,
artek-aalto-table-rectangular-86a,Table Aalto 86A 240 × 100 cm,1,variante,oui,Bouleau,2384,2384,Table Aalto 86A 240 × 100 cm — Bouleau,packshot-8f10d247511e1b09dcdafb22178232fc.png,
artek-aalto-table-rectangular-86a,Table Aalto 86A 240 × 100 cm,2,galerie,,,1500,1500,Table Aalto 86A 240 × 100 cm — Artek,Aalto-table-rectangular_white-laminate_Chair-69_web.jpg,"[faible] Seule ambiance : gros plan d’un coin de table lamifié blanc avec chaises 69 ; le code (86A) n’est pas identifiable."
artek-aalto-table-rectangular-86a,Table Aalto 86A 240 × 100 cm,3,variante,,Lamifié blanc,2000,2000,Table Aalto 86A 240 × 100 cm — Lamifié blanc,Aalto-Table-rectangular-86A_-legs-and-edge-band-birch_-top-white-HPL_cut-out_web.jpg,
artek-aalto-table-rectangular-86a,Table Aalto 86A 240 × 100 cm,4,variante,,Linoléum noir,3000,3000,Table Aalto 86A 240 × 100 cm — Linoléum noir,Aalto-Table-rectangular-86A_-legs-and-edge-band-birch_-top-black-Linoleum_cut-out_web.pg.jpg,
artek-aalto-table-rectangular-86a,Table Aalto 86A 240 × 100 cm,5,galerie,,,1500,1200,Table Aalto 86A 240 × 100 cm — Artek,Aalto-Table-tops-IKI-white-HPL-birch-veneer-black-linoleum_1.jpg,
artek-aalto-table-square-80c,Table Aalto 80C 60 × 60 cm,1,variante,oui,Bouleau,1218,1218,Table Aalto 80C 60 × 60 cm — Bouleau,packshot-486ad3371a3c16c99aee235db24dc259.png,
artek-aalto-table-square-80c,Table Aalto 80C 60 × 60 cm,2,galerie,,,1500,1500,Table Aalto 80C 60 × 60 cm — Artek,Aalto-table-square-80C_Chair-69_web.jpg,
artek-aalto-table-square-80c,Table Aalto 80C 60 × 60 cm,3,galerie,,,1500,1500,Table Aalto 80C 60 × 60 cm — Artek,Childrens-Chair-N65-and-Aalto-Table-81B-in-situ-close-up_web_dd29d291-ea8b-4bf4-8765-44094ff8c7ec.jpg,"[moyen] Photo « Children’s Chair N65 and Aalto Table 81B in situ » : chaise enfant N65 et table enfant 81B (H60) dans une chambre d’enfant ; pas une table carrée 80C."
artek-aalto-table-square-80c,Table Aalto 80C 60 × 60 cm,4,galerie,,,1500,1200,Table Aalto 80C 60 × 60 cm — Artek,Aalto-Table-tops.jpg,
artek-aalto-table-square-80c,Table Aalto 80C 60 × 60 cm,5,variante,,Linoléum noir,2000,2000,Table Aalto 80C 60 × 60 cm — Linoléum noir,Aalto-Table-square-80C_-legs-and-endge-band-birch_-top-black-Linoleum_cut-out_web.jpg,
artek-aalto-table-square-80c,Table Aalto 80C 60 × 60 cm,6,variante,,Lamifié blanc,2000,2000,Table Aalto 80C 60 × 60 cm — Lamifié blanc,Aalto-Table-square-80C_-legs-and-endge-band-birch_-top-white-HPL_cut-out_web.jpg,
artek-aalto-table-square-80c,Table Aalto 80C 60 × 60 cm,7,galerie,,,3000,3000,Table Aalto 80C 60 × 60 cm — Artek,Aalto-Children_s-Table-square-80C_-legs-and-endge-band-birch_-top-birch_cut-out_web.jpg,[moyen] Trois packshots de la table ENFANT 80C (H60) en galerie de la table H74.
artek-aalto-table-square-80c,Table Aalto 80C 60 × 60 cm,8,galerie,,,3000,3000,Table Aalto 80C 60 × 60 cm — Artek,Aalto-Children_s-Table-square-80C_-legs-and-endge-band-birch_-top-black-Linoleum_cut-out_web.jpg,
artek-aalto-table-square-80c,Table Aalto 80C 60 × 60 cm,9,galerie,,,3000,3000,Table Aalto 80C 60 × 60 cm — Artek,Aalto-Children_s-Table-square-80C_-legs-and-endge-band-birch_-top-white-HPL_cut-out_webr.jpg,
artek-aalto-table-square-81c,Table Aalto 81C 75 × 75 cm,1,variante,oui,Bouleau,1019,1019,Table Aalto 81C 75 × 75 cm — Bouleau,packshot-41360d091dbf7331da9c292f14f5a0e1.png,
artek-aalto-table-square-81c,Table Aalto 81C 75 × 75 cm,2,galerie,,,1500,1500,Table Aalto 81C 75 × 75 cm — Artek,Childrens-Chair-N65-and-Aalto-Table-81B-in-situ-close-up_web_da0d1026-2eb2-49e5-8811-79777f5041d0.jpg,"[moyen] Photo « Children’s Chair N65 and Aalto Table 81B in situ » : chaise enfant N65 et table enfant 81B (H60) dans une chambre d’enfant ; table rectangulaire, pas la 81C."
artek-aalto-table-square-81c,Table Aalto 81C 75 × 75 cm,3,galerie,,,1500,1500,Table Aalto 81C 75 × 75 cm — Artek,Aalto_table_web.jpg,"[faible] Gros plan abstrait (assiette sur plateau blanc, formes orange) où la table n’est pas identifiable ; même image que 84 #5."
artek-aalto-table-square-81c,Table Aalto 81C 75 × 75 cm,4,variante,,Lamifié blanc,2000,2000,Table Aalto 81C 75 × 75 cm — Lamifié blanc,Aalto-Table-square-81C_-legs-and-edge-band-birch_-top-white-HPL_cut-out_web.jpg,
artek-aalto-table-square-81c,Table Aalto 81C 75 × 75 cm,5,variante,,Linoléum noir,2000,2000,Table Aalto 81C 75 × 75 cm — Linoléum noir,Aalto-Table-square-81C_-legs-and-edge-band-birch_-top-black-Linoleum_cut-out_web.jpg,
artek-aalto-table-square-81c,Table Aalto 81C 75 × 75 cm,6,galerie,,,3000,3000,Table Aalto 81C 75 × 75 cm — Artek,Aalto-Children_s-Table-square-81C_-legs-and-edge-band-birch_-top-birch_cut-out_web.jpg,[moyen] Trois packshots de la table ENFANT 81C (H60) en galerie.
artek-aalto-table-square-81c,Table Aalto 81C 75 × 75 cm,7,galerie,,,3000,3000,Table Aalto 81C 75 × 75 cm — Artek,Aalto-Children_s-Table-square-81C_-legs-and-edge-band-birch_-top-black-Linoleum_cut-out_web.jpg,
artek-aalto-table-square-81c,Table Aalto 81C 75 × 75 cm,8,galerie,,,3000,3000,Table Aalto 81C 75 × 75 cm — Artek,Aalto-Children_s-Table-square-81C_-legs-and-edge-band-birch_-top-white-HPL_cut-out_web.jpg,
artek-aalto-table-square-81c,Table Aalto 81C 75 × 75 cm,9,galerie,,,1500,1200,Table Aalto 81C 75 × 75 cm — Artek,Aalto-Table-tops-IKI-white-HPL-birch-veneer-black-linoleum_artek_web.jpg,
artek-aalto-table-square-84,Table Aalto 84 120 × 120 cm,1,variante,oui,Bouleau,2024,2024,Table Aalto 84 120 × 120 cm — Bouleau,packshot-180d29b041f89d8440ab885af7f802db.png,
artek-aalto-table-square-84,Table Aalto 84 120 × 120 cm,2,galerie,,,1500,1500,Table Aalto 84 120 × 120 cm — Artek,Aalto-Table-Square-84-Aalto-Table-Half-Round-95-Chair-66-Stool-60-Pendant-333_web.jpg,
artek-aalto-table-square-84,Table Aalto 84 120 × 120 cm,3,variante,,Linoléum noir,2000,2000,Table Aalto 84 120 × 120 cm — Linoléum noir,Aalto-Table-square-84-legs-and-edge-band-birch-top-black-linoleum_web.jpg,
artek-aalto-table-square-84,Table Aalto 84 120 × 120 cm,4,variante,,Lamifié blanc,2000,2000,Table Aalto 84 120 × 120 cm — Lamifié blanc,Aalto-Table-square-84-legs-and-edge-band-birch-top-white-HPL_web.pg.jpg,
artek-aalto-table-square-84,Table Aalto 84 120 × 120 cm,5,galerie,,,1500,1500,Table Aalto 84 120 × 120 cm — Artek,Aalto_table_top_web.jpg,"[faible] Gros plan abstrait (assiette, formes orange), table non identifiable ; doublon de 81C #3."
artek-aalto-table-square-84,Table Aalto 84 120 × 120 cm,6,galerie,,,1500,1200,Table Aalto 84 120 × 120 cm — Artek,Aalto-Table-tops-IKI-white-HPL-birch-veneer-black-linoleum_artek_web_4.jpg,
artek-aalto-table-round-90a,Table Aalto 90A Ø 100 cm,1,variante,oui,Bouleau,1467,1467,Table Aalto 90A Ø 100 cm — Bouleau,packshot-a7a812e4bece89b7e6c27ac3170ba552.png,
artek-aalto-table-round-90a,Table Aalto 90A Ø 100 cm,2,galerie,,,1500,1500,Table Aalto 90A Ø 100 cm — Artek,Chair-69-Table-90A-white-laminate_web.jpg,[faible] Une seule vraie ambiance (#2).
artek-aalto-table-round-90a,Table Aalto 90A Ø 100 cm,3,variante,,Bouleau sauvage,2000,2000,Table Aalto 90A Ø 100 cm — Bouleau sauvage,Aalto-table-round-90A-wild-birch-natural-lacquered-2-cut-out_web.jpg,
artek-aalto-table-round-90a,Table Aalto 90A Ø 100 cm,4,variante,,Bouleau verni naturel / lamifié blanc,2000,2000,Table Aalto 90A Ø 100 cm — Bouleau verni naturel / lamifié blanc,Aalto-Children_s-Table-round-90A-legs-and-edge-band-birch-top-white-HPL_web.jpg,"[critique] Les images des variantes « Bouleau verni naturel / lamifié blanc » et « … / linoléum noir » sont des packshots de la table ENFANT 90A (H60, pieds nettement plus courts). Le client qui choisit ces finitions voit une table basse d’enfant au lieu de la table H74 vendue."
artek-aalto-table-round-90a,Table Aalto 90A Ø 100 cm,5,variante,,Bouleau verni naturel / linoléum noir,2000,2000,Table Aalto 90A Ø 100 cm — Bouleau verni naturel / linoléum noir,Aalto-Children_s-Table-round-90A-legs-and-edge-band-birch-top-black-linoleum_web.jpg,
artek-aalto-table-round-90a,Table Aalto 90A Ø 100 cm,6,galerie,,,2000,2000,Table Aalto 90A Ø 100 cm — Artek,Aalto-Table-round-90A-black-linoleum_web.jpg,[moyen] Les packshots adultes lamifié blanc et linoléum noir ne sont liés à aucune variante et s’affichent comme « ambiances ».
artek-aalto-table-round-90a,Table Aalto 90A Ø 100 cm,7,galerie,,,3000,3000,Table Aalto 90A Ø 100 cm — Artek,Aalto-table-round-90A-white-laminate_web.jpg,
artek-aalto-table-round-90a,Table Aalto 90A Ø 100 cm,8,galerie,,,2000,2000,Table Aalto 90A Ø 100 cm — Artek,Aalto-Children_s-Table-round-90A-legs-and-edge-band-birch-top-birch_web.jpg,[moyen] Packshot de la table enfant 90A bouleau en galerie.
artek-aalto-table-round-90b,Table Aalto 90B Ø 75 cm,1,variante,oui,Bouleau,1253,1253,Table Aalto 90B Ø 75 cm — Bouleau,packshot-16533599dc7911ad6aa38db3fedc0bf9.png,
artek-aalto-table-round-90b,Table Aalto 90B Ø 75 cm,2,galerie,,,1500,1500,Table Aalto 90B Ø 75 cm — Artek,Midsummer_Dream_Vase_Aslak_Chair_Table_90B_photo_Mikko_Ryhanen.jpg,
artek-aalto-table-round-90b,Table Aalto 90B Ø 75 cm,3,galerie,,,2000,2000,Table Aalto 90B Ø 75 cm — Artek,Artek-Gems-from-the-Archive-In-situ-Screen-100B_-Screen-100C_web_3cf020f0-ba78-406a-aa0c-00b78a260e92.png,"[faible] Ambiance centrée sur le paravent 100 ; la petite table ronde est en arrière-plan."
artek-aalto-table-round-90b,Table Aalto 90B Ø 75 cm,4,variante,,Bouleau sauvage,2000,2000,Table Aalto 90B Ø 75 cm — Bouleau sauvage,Aalto-table-round-90B-wild-birch-natural-lacquered-2-cut-out_web.jpg,
artek-aalto-table-round-90b,Table Aalto 90B Ø 75 cm,5,variante,,Bouleau verni naturel / lamifié blanc,2000,2000,Table Aalto 90B Ø 75 cm — Bouleau verni naturel / lamifié blanc,Aalto-table-round-90B-clear-lacquer-top-white-HPL_web.jpg,
artek-aalto-table-round-90b,Table Aalto 90B Ø 75 cm,6,variante,,Bouleau verni naturel / linoléum noir,2000,2000,Table Aalto 90B Ø 75 cm — Bouleau verni naturel / linoléum noir,Aalto-table-round-90B-clear-lacquer-top-black-linoleum_web.jpg,
artek-aalto-table-round-90b,Table Aalto 90B Ø 75 cm,7,galerie,,,1500,1000,Table Aalto 90B Ø 75 cm — Artek,Aslak_Chair_Table_90B_photo_Mikko_Ryhanen_1_web.jpg,
artek-aalto-table-round-91,Table Aalto 91 Ø 125 cm,1,variante,oui,Bouleau,1690,1690,Table Aalto 91 Ø 125 cm — Bouleau,packshot-55aac2197b9d4fa39153c6d09c7eb5bf.png,
artek-aalto-table-round-91,Table Aalto 91 Ø 125 cm,2,galerie,,,1500,1500,Table Aalto 91 Ø 125 cm — Artek,Chair_611_Aalto_table_91.jpg,
artek-aalto-table-round-91,Table Aalto 91 Ø 125 cm,3,galerie,,,1500,1125,Table Aalto 91 Ø 125 cm — Artek,Domus-Chair-Aalto-Table-Round-91_web.jpg,
artek-aalto-table-round-91,Table Aalto 91 Ø 125 cm,4,galerie,,,1500,1500,Table Aalto 91 Ø 125 cm — Artek,Domus-Chair-Pendant-A110-Hand-Grenade-Aalto-Table-Round-91-Floor-Light-A808_web.jpg,
artek-aalto-table-round-91,Table Aalto 91 Ø 125 cm,5,galerie,,,2000,1600,Table Aalto 91 Ø 125 cm — Artek,9427119_Artek-Crafted-Through-Time-In-situ-II-Armchair-45_-Domus-Chair_-Aalto-Table-91_master.jpg,
artek-aalto-table-round-91,Table Aalto 91 Ø 125 cm,6,galerie,,,2000,2000,Table Aalto 91 Ø 125 cm — Artek,Artek-Gems-from-the-Archive-In-situ-Screen-100A_web_0d87a89e-2205-4bd7-ac12-117d47746411.png,"[faible] Ambiance centrée sur le paravent 100A ; la table 91 n’est visible qu’en bord d’image."
artek-aalto-table-round-91,Table Aalto 91 Ø 125 cm,7,galerie,,,750,750,Table Aalto 91 Ø 125 cm — Artek,Aalto_Table_91_walnut_Armchair_45.jpg,
artek-aalto-table-round-91,Table Aalto 91 Ø 125 cm,8,galerie,,,2000,2000,Table Aalto 91 Ø 125 cm — Artek,Artek_table_91_chair_69_walnut_stained_8eab5bec-b340-4343-8d1c-8f93019bb420.jpg,
artek-aalto-table-round-91,Table Aalto 91 Ø 125 cm,9,galerie,,,2000,2000,Table Aalto 91 Ø 125 cm — Artek,Aalto-table-91-walnut_pendant-light-a201-black_domus-chair_web_42971cbb-99e9-4137-ab55-8573e56865b7.jpg,
artek-aalto-table-round-91,Table Aalto 91 Ø 125 cm,10,variante,,Lamifié blanc,2000,2000,Table Aalto 91 Ø 125 cm — Lamifié blanc,Aalto-table-round-91-white-laminate_web.jpg,
artek-aalto-table-round-91,Table Aalto 91 Ø 125 cm,11,variante,,Linoléum noir,2000,2000,Table Aalto 91 Ø 125 cm — Linoléum noir,Aalto-table-round-91-top-black-linoleum_web.jpg,
artek-aalto-table-round-91,Table Aalto 91 Ø 125 cm,12,variante,,Bouleau teinté noyer,2000,2000,Table Aalto 91 Ø 125 cm — Bouleau teinté noyer,Aalto-Table-91_-legs-walnut-stained-top.jpg,
artek-aalto-table-half-round-95,Table demi-ronde Aalto 95 120 × 60 cm,1,variante,oui,Bouleau,1418,1418,Table demi-ronde Aalto 95 120 × 60 cm — Bouleau,packshot-e37b9c2cd4c6a8f718b36aa44c942e55.png,
artek-aalto-table-half-round-95,Table demi-ronde Aalto 95 120 × 60 cm,2,galerie,,,1500,1125,Table demi-ronde Aalto 95 120 × 60 cm — Artek,Aalto-Table-Square-84-Aalto-Table-Half-Round-95-Chair-66-Stool-60-Pendant-A333_web.jpg,
artek-aalto-table-half-round-95,Table demi-ronde Aalto 95 120 × 60 cm,3,galerie,,,1500,1500,Table demi-ronde Aalto 95 120 × 60 cm — Artek,Aalto-table-half-round-95_web.jpg,
artek-aalto-table-half-round-95,Table demi-ronde Aalto 95 120 × 60 cm,4,variante,,Lamifié blanc,2000,2000,Table demi-ronde Aalto 95 120 × 60 cm — Lamifié blanc,Aalto-Table-half-round-95-birch-veneer-top-white-HPL_F_web.jpg,
artek-aalto-table-half-round-95,Table demi-ronde Aalto 95 120 × 60 cm,5,variante,,Linoléum noir,2000,2000,Table demi-ronde Aalto 95 120 × 60 cm — Linoléum noir,Aalto-Table-half-round-95-birch-veneer-top-black-linoleum_web.jpg,
artek-aalto-table-half-round-95,Table demi-ronde Aalto 95 120 × 60 cm,6,galerie,,,1500,1500,Table demi-ronde Aalto 95 120 × 60 cm — Artek,Aalto-table-rectangular-80A_half-round_95_black-linoleum_Chair-611_3_web.jpg,
artek-aalto-table-half-round-96,Table demi-ronde Aalto 96 150 × 75 cm,1,variante,oui,Bouleau,1692,1692,Table demi-ronde Aalto 96 150 × 75 cm — Bouleau,packshot-6bbaa09e758c24527a1adc1c07591222.png,
artek-aalto-table-half-round-96,Table demi-ronde Aalto 96 150 × 75 cm,2,variante,,Linoléum noir,2000,2000,Table demi-ronde Aalto 96 150 × 75 cm — Linoléum noir,Aalto-Table-half-round-96-legs-natural-lacquered_-top-black-linoleum_cut-out_web.jpg,
artek-aalto-table-half-round-96,Table demi-ronde Aalto 96 150 × 75 cm,3,variante,,Lamifié blanc,2000,2000,Table demi-ronde Aalto 96 150 × 75 cm — Lamifié blanc,Aalto-Table-half-round-96_-legs-and-edge-band-birch_-top-white-HPL_cut-out_web.jpg,
artek-aalto-table-half-round-96,Table demi-ronde Aalto 96 150 × 75 cm,4,galerie,,,1500,1200,Table demi-ronde Aalto 96 150 × 75 cm — Artek,Aalto-Table-tops-IKI-white-HPL-birch-veneer-black-linoleum_artek_web_6.jpg,[faible] Aucune ambiance : la galerie ne contient qu’un gros plan d’échantillons de plateaux.
artek-aalto-table-extendable-97,Table à rallonge Aalto 97 135/190 × 85 cm,1,variante,oui,Bouleau,1998,1998,Table à rallonge Aalto 97 135/190 × 85 cm — Bouleau,packshot-8f0e0d3cc607391adff4ddcd3b0754f1.png,
artek-aalto-table-extendable-97,Table à rallonge Aalto 97 135/190 × 85 cm,2,galerie,,,1500,1021,Table à rallonge Aalto 97 135/190 × 85 cm — Artek,Aalto_table_97_Chair-611_web.jpg,
artek-aalto-table-extendable-97,Table à rallonge Aalto 97 135/190 × 85 cm,3,variante,,Lamifié blanc,2000,2000,Table à rallonge Aalto 97 135/190 × 85 cm — Lamifié blanc,Aalto-Table-extendable-97-white-laminate_web.jpg,
artek-aalto-table-extendable-97,Table à rallonge Aalto 97 135/190 × 85 cm,4,galerie,,,1500,912,Table à rallonge Aalto 97 135/190 × 85 cm — Artek,Aalto-Table-extendable-97-white-laminate-Chair-611_extended_1.jpg,
artek-aalto-table-extendable-97,Table à rallonge Aalto 97 135/190 × 85 cm,5,galerie,,,1500,912,Table à rallonge Aalto 97 135/190 × 85 cm — Artek,Aalto-Table-extendable-97-white-laminate-Chair-611_web.jpg,
artek-aalto-table-foldable-dl81c,Table pliante Aalto DL81C 75/113 × 75 cm,1,variante,oui,Bouleau,2462,2462,Table pliante Aalto DL81C 75/113 × 75 cm — Bouleau,packshot-9f5026c0bf44b217312066f34b5a726e.png,
artek-aalto-table-foldable-dl81c,Table pliante Aalto DL81C 75/113 × 75 cm,2,galerie,,,2000,2000,Table pliante Aalto DL81C 75/113 × 75 cm — Artek,Artek_Helsinki_Christmas_2025_2_new_web_f65980b5-b489-46b2-9ac8-02078096dceb.jpg,"[faible] Ambiance de Noël 2025 dans le magasin Artek Helsinki ; photo saisonnière datée, table peu mise en valeur."
artek-aalto-table-foldable-dl81c,Table pliante Aalto DL81C 75/113 × 75 cm,3,galerie,,,1500,1500,Table pliante Aalto DL81C 75/113 × 75 cm — Artek,Aalto-Table-foldable-DL81C_white-laminate_-Chair-69_4_web.jpg,
artek-aalto-table-foldable-dl81c,Table pliante Aalto DL81C 75/113 × 75 cm,4,variante,,Lamifié blanc,1500,1500,Table pliante Aalto DL81C 75/113 × 75 cm — Lamifié blanc,Aalto-Table-foldable-DL81C_white-laminate.jpg,"[moyen] L’image de la variante « Lamifié blanc » est un gros plan d’ambiance recadré (tasse, assiette, chaises) et non un packshot : la table entière n’apparaît pas."
artek-aalto-table-foldable-dl81c,Table pliante Aalto DL81C 75/113 × 75 cm,5,variante,,Linoléum noir | Clay linoléum | Pistachio linoléum | Vapour linoléum,2000,2000,Table pliante Aalto DL81C 75/113 × 75 cm — Linoléum noir,Aalto-Table-foldable-DL81C-folded_-legs-natural-lacquered_-top-black-linoleum_cut-out_web.jpg,"[critique] Précision sur le constat automatique : les variantes Clay, Pistachio et Vapour affichent un plateau linoléum NOIR, alors qu’Artek les vend en linoléum bicolore (argile/noyer, pistache/olive, vapeur/bleu fumé). Le client voit une autre finition que celle qu’il commande."
artek-aalto-table-foldable-dl81c,Table pliante Aalto DL81C 75/113 × 75 cm,6,galerie,,,1500,1200,Table pliante Aalto DL81C 75/113 × 75 cm — Artek,Aalto-Table-tops-IKI-white-HPL-birch-veneer-1.jpg,
artek-secrets-of-finland,Accessoire Secrets of Finland,1,variante,oui,Pauper coin collector,3430,3430,Secrets of Finland — Pauper Coin Collector,packshot-8c843f60f1729553b8df7a33b005ee56.png,
artek-secrets-of-finland,Accessoire Secrets of Finland,2,variante,,Easter witch vase,4096,4096,Secrets of Finland — Easter Witch Vase,Secrets-of-Finland-Easter-witch-vase_F-2665049.jpg,
artek-secrets-of-finland,Accessoire Secrets of Finland,3,variante,,Easter dog vase,4096,4096,Secrets of Finland — Easter Dog Vase,Secrets-of-Finland-Easter-dog-vase_F-2665047.jpg,
artek-secrets-of-finland,Accessoire Secrets of Finland,4,variante,,Midsummer dream vase,4096,4096,Secrets of Finland — Midsummer Dream Vase,Secrets-of-Finland-Midsummer-dream-vase_F-2665050.jpg,
artek-secrets-of-finland,Accessoire Secrets of Finland,5,variante,,Lucius candleholder,4096,4096,Secrets of Finland — Lucius Candleholder,Secrets-of-Finland-Lucius-candleholder_F-2665048.jpg,
artek-secrets-of-finland,Accessoire Secrets of Finland,6,variante,,Lucia candleholder,4096,4096,Secrets of Finland — Lucia Candleholder,Secrets-of-Finland-Lucia-candleholder_F-2665051.jpg,
artek-postcards,Accessoire Postcards,1,variante,oui,Outline postcards,3428,3428,Accessoire Postcards — Outline postcards,packshot-588c31c5d29d5e1864736d5e41231352.png,
artek-postcards,Accessoire Postcards,2,variante,,Icon postcards,1850,1850,Accessoire Postcards — Artek,Artek-Icons-Post-Cards_web.jpg,"[élevé] La description et le SEO annoncent « trois cartes postales » dessinées par TSTO. Or la variante « Icon postcards » (20 €) est un lot de CINQ cartes du studio Greige : Paimio, Kiki, 10-Unit System, Beehive, Stool 60. Le client qui choisit Icons lit un contenu et un créateur faux. | [faible] L'alt de la photo #2 (« Accessoire Postcards — Artek ») ne nomme pas le lot Icons. Les 5 cartes n'occupent qu'une bande étroite au centre d'une image carrée 1850×1850 : elles sont minuscules sur la carte produit."
artek-architect-s-tools,Accessoire Architect's Tools,1,variante,oui,Ruler / hêtre / 20 cm,2397,2397,Règle Artek en hêtre — 20 cm,packshot-01c8b0faa08696ebd23912de502571fa.png,
artek-architect-s-tools,Accessoire Architect's Tools,2,variante,,Ruler / hêtre / 30 cm,4096,2731,Règle Artek en hêtre — 30 cm,Ruler_30cm-1847586.jpg,
artek-architect-s-tools,Accessoire Architect's Tools,3,variante,,Architect's scale / aluminium / 20 cm / 1:2 / 5 - 1:5 - 1:20 - 1:50 - 1:100,4096,2731,Échelle d'architecte Artek en aluminium — 20 cm,Architects-Scale-1846723.jpg,
artek-architect-s-tools,Accessoire Architect's Tools,4,variante,,Tape measure / blanc / 3 m,4096,2731,Mètre ruban Artek blanc — 3 m,Tape_Measure-1844713.jpg,
artek-architect-s-tools,Accessoire Architect's Tools,5,variante,,Folding ruler / hêtre / laqué noir / 2 m,4096,2731,Mètre pliant Artek en hêtre laqué noir — 2 m,Folding_Ruler-1842194.jpg,
artek-architect-s-tools,Accessoire Architect's Tools,6,variante,,Level / aluminium / 40 cm,4096,2731,Niveau Artek en aluminium — 40 cm,Level-1834778.jpg,
artek-childrens-chair-n65,Chaise enfant N65,1,variante,oui,Bouleau,2510,2510,Chaise enfant N65 — Bouleau,packshot-9644cea3ecab8fa7527465eefcf7afa5.png,
artek-childrens-chair-n65,Chaise enfant N65,2,galerie,,,2000,2000,Chaise enfant N65 — Artek,Children_s-Chair-N65-and-Aalto-Table-81B-in-situ-close-up_web.jpg,[faible] Les galeries #2 et #3 montrent la N65 avec la table enfant 81B mais ont l'alt générique.
artek-childrens-chair-n65,Chaise enfant N65,3,galerie,,,3000,2000,Chaise enfant N65 — Artek,Children_s-Chair-N65-and-Aalto-table-81B-in-situ_webjpg.jpg,
artek-childrens-chair-n65,Chaise enfant N65,4,variante,,Lamifié blanc,3000,3000,Chaise enfant N65 — Lamifié blanc,Children_s-Chair-N65-white-laminate_web.jpg,
artek-childrens-chair-n65,Chaise enfant N65,5,variante,,Linoléum noir,3000,3000,Chaise enfant N65 — Linoléum noir,Children_s-Chair-N65-legs-birch_seat-black-linoleum_web.jpg,
artek-aalto-table-rectangular-80a-60cm,Table enfant Aalto 80A 120 × 60 cm H60,1,variante,oui,Bouleau,2529,2529,Table enfant Aalto 80A 120 × 60 cm H60 — Bouleau,packshot-93272e7fe4dd6402433d804e40d44aee.png,"[élevé] Les images #1 (Bouleau), #3 (Lamifié blanc) et #4 (Linoléum noir) sont identiques, à la retouche près, à celles de la table enfant 81B 120 × 75 (écart moyen de pixels 0,3 à 1,3 sur 255). Deux tables de profondeurs différentes (60 et 75 cm) ne peuvent pas avoir la même photo : l'une des deux fiches montre le mauvais plateau (à confirmer avec les fichiers Artek d'origine)."
artek-aalto-table-rectangular-80a-60cm,Table enfant Aalto 80A 120 × 60 cm H60,2,galerie,,,2000,2000,Table enfant Aalto 80A 120 × 60 cm H60 — Artek,Children_s-Chair-N65-and-Aalto-Table-81B-in-situ-close-up_web_15d63c83-a647-42c0-9957-6d6062f1ea91.jpg,[moyen] La seule ambiance (#2) est un gros plan d'une table enfant 81B avec des chaises N65 : on ne voit pas le modèle vendu (80A 120 × 60 cm H60).
artek-aalto-table-rectangular-80a-60cm,Table enfant Aalto 80A 120 × 60 cm H60,3,variante,,Lamifié blanc,3000,3001,Table enfant Aalto 80A 120 × 60 cm H60 — Lamifié blanc,Aalto-Children_s-Table-rectangular-80A-legs-and-edge-band-birch-top-white-HPL_web_2a169fed-a07c-4a04-9e8d-f03e06b8e18a.jpg,
artek-aalto-table-rectangular-80a-60cm,Table enfant Aalto 80A 120 × 60 cm H60,4,variante,,Linoléum noir,3000,3000,Table enfant Aalto 80A 120 × 60 cm H60 — Linoléum noir,Aalto-Children_s-Table-rectangular-80A-legs-and-edge-band-birch-top-black-linoleum_web_af1afd88-310b-4b00-95d7-80225c03b555.jpg,
artek-aalto-table-rectangular-80b-60cm,Table enfant Aalto 80B 100 × 60 cm H60,1,variante,oui,Bouleau,1423,1423,Table enfant Aalto 80B 100 × 60 cm H60 — Bouleau,packshot-1d7d32b800ea0cb3c814e5912b32d4e5.png,
artek-aalto-table-rectangular-80b-60cm,Table enfant Aalto 80B 100 × 60 cm H60,2,galerie,,,1500,1500,Table enfant Aalto 80B 100 × 60 cm H60 — Artek,Childrens-Chair-N65-and-Aalto-Table-81B-in-situ-close-up_web_6f93a42c-70a5-4593-9304-364df3080d4f.jpg,[moyen] La seule ambiance (#2) est un gros plan d'une table enfant 81B avec des chaises N65 : on ne voit pas le modèle vendu (80B 100 × 60 cm H60).
artek-aalto-table-rectangular-80b-60cm,Table enfant Aalto 80B 100 × 60 cm H60,3,variante,,Linoléum noir,2000,2000,Table enfant Aalto 80B 100 × 60 cm H60 — Linoléum noir,Aalto-Children_s-Table-rectangular-80B_-legs-and-edge-band-birch_-top-black-linoleum_cut-out_web_333ce33e-f8d1-4b10-a460-4d8207aed827.jpg,
artek-aalto-table-rectangular-80b-60cm,Table enfant Aalto 80B 100 × 60 cm H60,4,variante,,Iki blanc hp,2000,2000,Table enfant Aalto 80B 100 × 60 cm H60 — Iki blanc hp,Aalto-Children_s-Table-rectangular-80B_-legs-and-edge-band-birch_-top-white-HPL_cut-out_web_6280a5d7-e5b0-4af4-95e6-9c27ed7268c5.jpg,
artek-aalto-table-rectangular-81a-60cm,Table enfant Aalto 81A 150 × 75 cm H60,1,variante,oui,Bouleau,2970,2970,Table enfant Aalto 81A 150 × 75 cm H60 — Artek,packshot-5a28a3efdbb20a36a76a6b2d7f104a62.png,
artek-aalto-table-rectangular-81a-60cm,Table enfant Aalto 81A 150 × 75 cm H60,2,galerie,,,1500,1500,Table enfant Aalto 81A 150 × 75 cm H60 — Artek,Childrens-Chair-N65-and-Aalto-Table-81B-in-situ-close-up_web_14adb4e5-7fe3-42b2-b770-2bfdf8011660.jpg,[moyen] La seule ambiance (#2) est un gros plan d'une table enfant 81B avec des chaises N65 : on ne voit pas le modèle vendu (81A 150 × 75 cm H60).
artek-aalto-table-rectangular-81a-60cm,Table enfant Aalto 81A 150 × 75 cm H60,3,variante,,Lamifié blanc,3000,3000,Table enfant Aalto 81A 150 × 75 cm H60 — Lamifié blanc,Aalto-Children_s-Table-rectangular-81A_-legs-and-ede-band-birch_-top-white-HPL_cut-out_web.jpg,
artek-aalto-table-rectangular-81a-60cm,Table enfant Aalto 81A 150 × 75 cm H60,4,variante,,Linoléum noir,3000,3000,Table enfant Aalto 81A 150 × 75 cm H60 — Linoléum noir,Aalto-Children_s-Table-rectangular-81A_-legs-and-ede-band-birch_-top-black-Linoleum_cut-out_web_240bcec9-812c-4a1a-a6a7-7045787c20ae.jpg,
artek-aalto-table-rectangular-81b-60cm,Table enfant Aalto 81B 120 × 75 cm H60,1,variante,oui,Bouleau,3252,3252,Table enfant Aalto 81B 120 × 75 cm H60 — Bouleau,packshot-d9ca8ed01ac8f2bf2f6b11e9b07e513f_fdced386-44c3-418a-8537-19d697da7c3a.png,"[élevé] Les images #1, #4 et #5 sont identiques à celles de la table enfant 80A 120 × 60 (#1, #3, #4). L'une des deux fiches montre la mauvaise profondeur de plateau (60 ou 75 cm), à confirmer."
artek-aalto-table-rectangular-81b-60cm,Table enfant Aalto 81B 120 × 75 cm H60,2,galerie,,,3000,2000,Table enfant Aalto 81B 120 × 75 cm H60 — Artek,Children_s-Chair-N65-and-Aalto-table-81B-in-situ_webjpg_6ae889f1-596f-4628-9ea2-0c0fc1f1bb34.jpg,
artek-aalto-table-rectangular-81b-60cm,Table enfant Aalto 81B 120 × 75 cm H60,3,galerie,,,1500,1500,Table enfant Aalto 81B 120 × 75 cm H60 — Artek,Childrens-Chair-N65-and-Aalto-Table-81B-in-situ-close-up_web_6f8fc5e2-91ba-4854-97b2-9ed109687847.jpg,
artek-aalto-table-rectangular-81b-60cm,Table enfant Aalto 81B 120 × 75 cm H60,4,variante,,Lamifié blanc,3500,3500,Table enfant Aalto 81B 120 × 75 cm H60 — Lamifié blanc,Aalto-Children_s-Table-rectangular-81B-legs-and-edge-band-birch-top-white-HPL_web_64957470-9421-4abb-90c6-fbbbc2407d69.jpg,
artek-aalto-table-rectangular-81b-60cm,Table enfant Aalto 81B 120 × 75 cm H60,5,variante,,Linoléum noir,3500,3500,Table enfant Aalto 81B 120 × 75 cm H60 — Linoléum noir,Aalto-Children_s-Table-rectangular-81B-legs-and-edge-band-birch-top-black-linoleum_webjpg_603df0a5-a5b5-47ab-aa1f-ff7be13b4995.jpg,
artek-aalto-table-square-80c-60cm,Table enfant Aalto 80C 60 × 60 cm H60,1,variante,oui,Bouleau,1689,1689,Table enfant Aalto 80C 60 × 60 cm H60 — Bouleau,packshot-dbbf757c471d668841dc4874619c941e.png,
artek-aalto-table-square-80c-60cm,Table enfant Aalto 80C 60 × 60 cm H60,2,galerie,,,1500,1500,Table enfant Aalto 80C 60 × 60 cm H60 — Artek,Childrens-Chair-N65-and-Aalto-Table-81B-in-situ-close-up_web_b59fa969-afb6-4742-8e5b-cd68f7400ca0.jpg,[moyen] La seule ambiance (#2) est un gros plan d'une table enfant 81B avec des chaises N65 : on ne voit pas le modèle vendu (80C 60 × 60 cm H60).
artek-aalto-table-square-80c-60cm,Table enfant Aalto 80C 60 × 60 cm H60,3,variante,,Linoléum noir,3000,3000,Table enfant Aalto 80C 60 × 60 cm H60 — Linoléum noir,Aalto-Children_s-Table-square-80C_-legs-and-endge-band-birch_-top-black-Linoleum_cut-out_web_1a8ae56f-7217-4fac-b114-f88b1ac69bb9.jpg,
artek-aalto-table-square-80c-60cm,Table enfant Aalto 80C 60 × 60 cm H60,4,variante,,Iki blanc hp,3000,3000,Table enfant Aalto 80C 60 × 60 cm H60 — Iki blanc hp,Aalto-Children_s-Table-square-80C_-legs-and-endge-band-birch_-top-white-HPL_cut-out_webr_99702e97-7189-45fa-89cd-ad9723c46ff6.jpg,
artek-aalto-table-square-81c-60cm,Table enfant Aalto 81C 75 × 75 cm H60,1,variante,oui,Bouleau,2035,2035,Table enfant Aalto 81C 75 × 75 cm H60 — Bouleau,packshot-132b663f86180056378746aa9ecfc749.png,
artek-aalto-table-square-81c-60cm,Table enfant Aalto 81C 75 × 75 cm H60,2,galerie,,,1500,1500,Table enfant Aalto 81C 75 × 75 cm H60 — Artek,Childrens-Chair-N65-and-Aalto-Table-81B-in-situ-close-up_web_932f6fae-5c41-4397-bb69-279e53ba203f.jpg,[moyen] La seule ambiance (#2) est un gros plan d'une table enfant 81B avec des chaises N65 : on ne voit pas le modèle vendu (81C 75 × 75 cm H60).
artek-aalto-table-square-81c-60cm,Table enfant Aalto 81C 75 × 75 cm H60,3,variante,,Lamifié blanc,3000,3000,Table enfant Aalto 81C 75 × 75 cm H60 — Lamifié blanc,Aalto-Children_s-Table-square-81C_-legs-and-edge-band-birch_-top-white-HPL_cut-out_web_2804e86d-df98-4674-913d-9bec0318013b.jpg,
artek-aalto-table-square-81c-60cm,Table enfant Aalto 81C 75 × 75 cm H60,4,variante,,Linoléum noir,3000,3000,Table enfant Aalto 81C 75 × 75 cm H60 — Linoléum noir,Aalto-Children_s-Table-square-81C_-legs-and-edge-band-birch_-top-black-Linoleum_cut-out_web_15528d1a-4ef7-4337-8497-ba7e03635dc4.jpg,
artek-aalto-table-round-90a-60cm,Table enfant Aalto 90A Ø 100 cm H60,1,variante,oui,Bouleau,1470,1470,Table enfant Aalto 90A Ø 100 cm H60 — Bouleau,packshot-a97517c62de1f5605254fffd334116fc.png,
artek-aalto-table-round-90a-60cm,Table enfant Aalto 90A Ø 100 cm H60,2,variante,,Lamifié blanc,2000,2000,Table enfant Aalto 90A Ø 100 cm H60 — Lamifié blanc,Aalto-Children_s-Table-round-90A-legs-and-edge-band-birch-top-white-HPL_web_f5de38e4-3c5a-46bc-8916-c7a0505de842.jpg,
artek-aalto-table-round-90a-60cm,Table enfant Aalto 90A Ø 100 cm H60,3,variante,,Linoléum noir,2000,2000,Table enfant Aalto 90A Ø 100 cm H60 — Linoléum noir,Aalto-Children_s-Table-round-90A-legs-and-edge-band-birch-top-black-linoleum_web_0c4741fa-c096-4496-be71-c733193ddcfb.jpg,
artek-atelier-chair,Chaise Atelier,1,variante,oui,Hêtre,1148,1148,Chaise Atelier — Hêtre,packshot-68415c67618037a50f4695d359c39878.png,
artek-atelier-chair,Chaise Atelier,2,galerie,,,1200,960,Chaise Atelier — Artek,artek-kaari-table-atelier-chairs-a201-pendant-light-dining-room_1166c8b4-9b77-4fca-b4f6-1b00dbbb4247.jpg,
artek-atelier-chair,Chaise Atelier,3,galerie,,,1000,1000,Chaise Atelier — Artek,artek-atelier-chair-stacked-screen-100-minimalist-interior.jpg,
artek-atelier-chair,Chaise Atelier,4,galerie,,,1200,960,Chaise Atelier — Artek,oak-atelier-chairs-a201-pendant-lights-atmospheric-dining-room.jpg,
artek-atelier-chair,Chaise Atelier,5,galerie,,,1000,1000,Chaise Atelier — Artek,artek-atelier-chair-oak-dining-interior.jpg,
artek-atelier-chair,Chaise Atelier,6,galerie,,,1000,1000,Chaise Atelier — Artek,artek-atelier-chair-clear-lacquered-ash-kaari-shelf-with-desk-interior.jpg,
artek-atelier-chair,Chaise Atelier,7,variante,,Frêne,1200,1200,Chaise Atelier — Frêne,artek-atelier-chair-natural-lacquered-ash.jpg,
artek-atelier-chair,Chaise Atelier,8,variante,,Chêne,1200,1200,Chaise Atelier — Chêne,artek-atelier-chair-natural-lacquered-oak.jpg,
artek-atelier-chair,Chaise Atelier,9,variante,,Hêtre / laqué noir,1200,1200,Chaise Atelier — Hêtre / laqué noir,artek-atelier-chair-black-lacquered-beech.jpg,
artek-atelier-chair,Chaise Atelier,10,variante,,Hêtre / laqué rouge foncé,1200,1200,Chaise Atelier — Hêtre / laqué rouge foncé,artek-atelier-chair-dark-red-lacquered-beech.jpg,
artek-atelier-chair,Chaise Atelier,11,variante,,Hêtre / laqué vert,1200,1200,Chaise Atelier — Hêtre / laqué vert,artek-atelier-chair-green-lacquered-beech.jpg,
artek-aslak-chair,Chaise Aslak,1,variante,oui,Laqué noir,1205,1205,Chaise Aslak — Laqué noir,packshot-a20efd4f3b6ad5d180a9c5e1e8fdf95d.png,
artek-aslak-chair,Chaise Aslak,2,galerie,,,1200,960,Chaise Aslak — Artek,artek-aslak-chair-table-90b-a330s-wall-light_a7a5c72a-2ee1-4b7a-b13b-8c15fed94036.jpg,
artek-aslak-chair,Chaise Aslak,3,galerie,,,1200,1200,Chaise Aslak — Artek,artek-aslak-chair-petrol-kaari-desk-back-close-up-interior.jpg,
artek-aslak-chair,Chaise Aslak,4,galerie,,,1200,1200,Chaise Aslak — Artek,artek-aslak-chair-white-kaari-desk-minimalist-interior.jpg,
artek-aslak-chair,Chaise Aslak,5,galerie,,,1200,960,Chaise Aslak — Artek,artek-aslak-chair-table-90b.jpg,
artek-aslak-chair,Chaise Aslak,6,variante,,Laqué blanc,1200,1200,Chaise Aslak — Laqué blanc,artek-aslak-chair-white-lacquered.jpg,
artek-aslak-chair,Chaise Aslak,7,variante,,Laqué gris,1200,1200,Chaise Aslak — Laqué gris,artek-aslak-chair-grey-lacquered.jpg,
artek-aslak-chair,Chaise Aslak,8,variante,,Laqué pétrole,1200,1200,Chaise Aslak — Laqué pétrole,artek-aslak-chair-petrol-lacquered.jpg,
artek-aslak-chair,Chaise Aslak,9,variante,,Laqué rouge,1200,1200,Chaise Aslak — Laqué rouge,artek-aslak-chair-red-lacquered.jpg,
artek-lukki-chair,Chaise Lukki,1,variante,oui,Noir thermolaqué mat / laqué noir,1217,1217,Chaise Lukki — Noir thermolaqué mat / laqué noir,packshot-359392ce106637d6123d987fe33291b6.png,
artek-lukki-chair,Chaise Lukki,2,galerie,,,1200,1200,Chaise Lukki — Artek,artek-lukki-chair-aalto-table-81b-rectangular-dining-interior.jpg,
artek-chair-611,Chaise 611,1,variante,oui,"Verni naturel, sangle naturel/noir",1272,1272,"Chaise 611 — Verni naturel, sangle naturel/noir",packshot-34516198d8de95ef380ff92cd3d7ba48.png,
artek-chair-611,Chaise 611,2,galerie,,,1000,797,Chaise 611 — Artek,artek-table-86-chair-611-black-webbing-dining-room.jpg,
artek-chair-611,Chaise 611,3,galerie,,,1000,1000,Chaise 611 — Artek,artek-aalto-table-83-chair-611-close-up-dining-interior.jpg,
artek-chair-611,Chaise 611,4,galerie,,,1000,1000,Chaise 611 — Artek,artek-aalto-table-91-chair-611-dining-area-interior.jpg,
artek-chair-611,Chaise 611,5,galerie,,,1000,1000,Chaise 611 — Artek,artek-aalto-table-91-black-linoleum-chair-611-dining-area-interior.jpg,
artek-chair-611,Chaise 611,6,galerie,,,1000,1000,Chaise 611 — Artek,artek-aalto-table-91-white-laminate-chair-611-close-up-interior.jpg,
artek-chair-611,Chaise 611,7,galerie,,,1200,960,Chaise 611 — Artek,artek-extension-table-97-white-laminate-chair-611-workspace.jpg,
artek-chair-611,Chaise 611,8,variante,,"Verni naturel, sangle noir/bleu",1200,1200,"Chaise 611 — Verni naturel, sangle noir/bleu",artek-chair-611-clear-lacquered-birch-black-blue-webbing.jpg,
artek-chair-611,Chaise 611,9,variante,,"Verni naturel, sangle noir/marron",1200,1200,"Chaise 611 — Verni naturel, sangle noir/marron",artek-chair-611-clear-lacquered-birch-black-brown-webbing.jpg,
artek-chair-611,Chaise 611,10,variante,,"Verni naturel, sangle naturel/blanc",1200,1200,"Chaise 611 — Verni naturel, sangle naturel/blanc",artek-chair-611-clear-lacquered-birch-natural-white-webbing.jpg,
artek-chair-611,Chaise 611,11,variante,,"Verni naturel, sangle naturel/rouge",1200,1200,"Chaise 611 — Verni naturel, sangle naturel/rouge",artek-chair-611-clear-lacquered-birch-natural-red-webbing.jpg,
artek-chair-611,Chaise 611,12,variante,,"Laqué noir, sangle noir/noir",2000,2000,"Chaise 611 — Laqué noir, sangle noir/noir",artek-chair-611-black-lacquered-birch-black-webbing.jpg,
artek-chair-611,Chaise 611,13,variante,,"Laqué noir, sangle noir/bleu",1200,1200,"Chaise 611 — Laqué noir, sangle noir/bleu",artek-chair-611-black-lacquered-birch-black-blue-webbing.jpg,
artek-chair-611,Chaise 611,14,variante,,"Laqué noir, sangle noir/marron",1200,1200,"Chaise 611 — Laqué noir, sangle noir/marron",artek-chair-611-black-lacquered-birch-black-brown-webbing.jpg,
artek-chair-611,Chaise 611,15,variante,,"Laqué noir, sangle naturel/noir",1200,1200,"Chaise 611 — Laqué noir, sangle naturel/noir",artek-chair-611-black-lacquered-natural-black-webbing.jpg,"[faible] « Laqué noir, sangle naturel/noir » n'apparaît pas dans la liste d'exemples Artek (qui s'arrête à noir, noir/bleu, noir/marron pour la version laquée noire) ; une photo Artek existe toutefois (#15)."
artek-chair-611,Chaise 611,16,variante,,"Verni naturel, sangle noir/noir",1200,1200,"Chaise 611 — Verni naturel, sangle noir/noir",artek-chair-611-clear-lacquered-birch-black-webbing.jpg,
artek-chair-65,Chaise 65,1,variante,oui,Bouleau,1022,1022,Chaise 65 — Bouleau,packshot-2c4bfbb90b3bfcdb3a21a32833a48de9.png,
artek-chair-65,Chaise 65,2,galerie,,,1200,960,Chaise 65 — Artek,artek-chair-65-black-linoleum-kids-room.jpg,
artek-chair-65,Chaise 65,3,galerie,,,1200,1200,Chaise 65 — Artek,artek-chair-65-white-lacquer-kids-room-interior.jpg,
artek-chair-65,Chaise 65,4,galerie,,,1200,1200,Chaise 65 — Artek,artek-chair-65-black-lacquer-minimalist.jpg,
artek-chair-65,Chaise 65,5,variante,,Lamifié blanc,2000,2000,Chaise 65 — Lamifié blanc,artek-chair-65-birch-legs-white-hpl-top.jpg,
artek-chair-65,Chaise 65,6,variante,,Linoléum noir,2000,2000,Chaise 65 — Linoléum noir,artek-chair-65-birch-legs-black-linoleum-top.jpg,
artek-chair-65,Chaise 65,7,variante,,Laqué blanc,1200,1200,Chaise 65 — Laqué blanc,artek-chair-65-white-lacquer.jpg,
artek-chair-65,Chaise 65,8,variante,,Laqué noir,1200,1200,Chaise 65 — Laqué noir,artek-chair-65-black-lacquer.jpg,
artek-chair-66,Chaise 66,1,variante,oui,Bouleau,1158,1158,Chaise 66 — Bouleau,packshot-f6f94cf7373c2f22d89ffc99fa9b4955.png,
artek-chair-66,Chaise 66,2,galerie,,,1200,1200,Chaise 66 — Artek,artek-pendant-light-a201-aalto-table-82b-chair-66.jpg,
artek-chair-66,Chaise 66,3,galerie,,,1200,1200,Chaise 66 — Artek,artek-pendant-light-a330s-golden-bell-aalto-table-90a-chair-66-bench-153a-slatted-top.jpg,
artek-chair-66,Chaise 66,4,galerie,,,1200,1200,Chaise 66 — Artek,artek-pendant-light-a330s-golden-bell-aalto-table-90a-chair-66-bench-153a-slatted-top-zebra-cushion.jpg,
artek-chair-66,Chaise 66,5,galerie,,,1200,1200,Chaise 66 — Artek,artek-stool-60-white-lacquer-chair-66-white-lacquer.jpg,
artek-chair-66,Chaise 66,6,variante,,Bouleau sauvage,2000,2000,Chaise 66 — Bouleau sauvage,Chair-66-wild-birch-natural-lacquered_web.jpg,
artek-chair-66,Chaise 66,7,variante,,Bouleau / lamifié blanc,1200,1200,Chaise 66 — Bouleau / lamifié blanc,artek-chair-66-white-laminate-top.jpg,
artek-chair-66,Chaise 66,8,variante,,Bouleau / linoléum noir,2000,2000,Chaise 66 — Bouleau / linoléum noir,artek-chair-66-clear-lacquer-legs-black-linoleum-top.jpg,
artek-chair-66,Chaise 66,9,variante,,Laqué blanc,1200,1200,Chaise 66 — Laqué blanc,artek-chair-66-white-lacquer.jpg,
artek-chair-66,Chaise 66,10,variante,,Laqué noir,1200,1200,Chaise 66 — Laqué noir,artek-chair-66-black-lacquer.jpg,
artek-chair-66,Chaise 66,11,galerie,,,750,750,Chaise 66 — Artek,artek-chair-66-wild-birch-detail-magnifying-glass-interior.jpg,
artek-chair-68,Chaise 68,1,variante,oui,Bouleau,1104,1104,Chaise 68 — Bouleau,packshot-ea983cbeb7ad55f5e6bf26201b46eef2.png,
artek-chair-68,Chaise 68,2,galerie,,,1200,1200,Chaise 68 — Artek,artek-aalto-table-82a-rectangular-stool-60-chair-65-66-68-69-white-lacquer.jpg,
artek-chair-68,Chaise 68,3,galerie,,,1200,1200,Chaise 68 — Artek,artek-chair-65-white-lacquer-2nd-cycle-stool-60-chair-68-white-lacquer.jpg,
artek-chair-68,Chaise 68,4,galerie,,,1200,960,Chaise 68 — Artek,artek-aalto-table-82a-white-laminate-chair-65-66-68-69-white-barn-interior.jpg,
artek-chair-68,Chaise 68,5,variante,,Lamifié blanc,1200,1200,Chaise 68 — Lamifié blanc,artek-chair-68-birch-natural-lacquered-legs-white-hpl-seat.jpg,
artek-chair-68,Chaise 68,6,variante,,Linoléum noir,1200,1200,Chaise 68 — Linoléum noir,artek-chair-68-birch-natural-lacquered-legs-black-linoleum-seat.jpg,
artek-chair-68,Chaise 68,7,variante,,Laqué blanc,1200,1200,Chaise 68 — Laqué blanc,artek-chair-68-white-lacquer.jpg,
artek-chair-68,Chaise 68,8,variante,,Laqué noir,1200,1200,Chaise 68 — Laqué noir,artek-chair-68-black-lacquer.jpg,
artek-chair-69,Chaise 69,1,variante,oui,Bouleau,1147,1147,Chaise 69 — Bouleau,packshot-72d4861f1daec008ce0930619d7bab6f.png,
artek-chair-69,Chaise 69,2,galerie,,,1000,1000,Chaise 69 — Artek,artek-aalto-table-90a-round-chair-69-pendant-light-a330-dining-area.jpg,
artek-chair-69,Chaise 69,3,galerie,,,1000,1000,Chaise 69 — Artek,artek-aalto-table-80c-square-chair-69.jpg,
artek-chair-69,Chaise 69,4,galerie,,,1200,960,Chaise 69 — Artek,artek-round-table-91-chair-69-stool-60-a808-floor-light-402-armchair-dining-room.jpg,
artek-chair-69,Chaise 69,5,galerie,,,1000,1000,Chaise 69 — Artek,artek-aalto-foldable-table-dl81c-white-laminate-chair-69-stool-60-close-up-interior.jpg,
artek-chair-69,Chaise 69,6,variante,,Bouleau sauvage,1500,1500,Chaise 69 — Bouleau sauvage,Chair-69-wild-birch-natural-lacquered-cut-out_web.jpg,
artek-chair-69,Chaise 69,7,variante,,Lamifié blanc,1200,1200,Chaise 69 — Lamifié blanc,artek-chair-69-white-laminate-seat.jpg,
artek-chair-69,Chaise 69,8,variante,,Bouleau / laqué noir,1200,1200,Chaise 69 — Bouleau / laqué noir,artek-chair-69-black-lacquer-seat-back.jpg,
artek-chair-69,Chaise 69,9,variante,,Laqué blanc,1200,1200,Chaise 69 — Bouleau / laqué blanc,artek-chair-69-white-lacquer.jpg,"[moyen] La photo #9 (chaise entièrement blanche, pieds laqués) est bien liée à « Laqué blanc » mais son alt dit « Bouleau / laqué blanc » (pieds naturels) ; inversement l'alt de #14 est générique. Non signalé par le contrôle automatique pour #9."
artek-chair-69,Chaise 69,10,variante,,Bouleau / laqué orange,1200,1200,Chaise 69 — Bouleau / laqué orange,artek-chair-69-orange-lacquer-seat-back.jpg,
artek-chair-69,Chaise 69,11,variante,,Bouleau / laqué jaune,1200,1200,Chaise 69 — Bouleau / laqué jaune,artek-chair-69-yellow-lacquer-seat-back.jpg,
artek-chair-69,Chaise 69,12,variante,,Bouleau / laqué vert,1200,1200,Chaise 69 — Bouleau / laqué vert,artek-chair-69-green-lacquer-seat-back.jpg,
artek-chair-69,Chaise 69,13,variante,,Bouleau / laqué pétrole,1200,1200,Chaise 69 — Bouleau / laqué pétrole,artek-chair-69-petrol-lacquer-seat-back.jpg,
artek-chair-69,Chaise 69,14,variante,,Bouleau / laqué blanc,1200,1200,Chaise 69 — Artek,artek-chair-69-white-lacquer-seat-back.jpg,
artek-chair-69,Chaise 69,15,variante,,Laqué noir,1200,1200,Chaise 69 — Artek,artek-chair-69-black-lacquer.jpg,
artek-domus-chair,Chaise Domus,1,variante,oui,Bouleau,1284,1284,Chaise Domus — Bouleau,packshot-492d4dec65b1f8959da19e78b9c700ca.png,
artek-domus-chair,Chaise Domus,2,galerie,,,2000,2000,Chaise Domus — Artek,Aalto-Table-rectangular-80A-Domus-Chair-Tea-Trolley-901_web.png,
artek-domus-chair,Chaise Domus,3,galerie,,,1600,1600,Chaise Domus — Artek,9427119_Artek-Crafted-Through-Time-In-situ-II-Armchair-45_-Domus-Chair_-Aalto-Table-91_master_35089f24-6c8d-46d3-822e-ce35f11dc605.jpg,
artek-domus-chair,Chaise Domus,4,galerie,,,1200,1200,Chaise Domus — Artek,Artek-Domus-means-home-Nordic-3_web.jpg,
artek-domus-chair,Chaise Domus,5,galerie,,,1600,1600,Chaise Domus — Artek,Artek-Domus-means-home-Minimal-02_Web.jpg,
artek-domus-chair,Chaise Domus,6,galerie,,,2000,2000,Chaise Domus — Artek,Artek-Domus-means-home-Layered-09_web.png,
artek-domus-chair,Chaise Domus,7,galerie,,,1200,1200,Chaise Domus — Artek,Artek-Domus-means-home-Layered-01_web.jpg,
artek-domus-chair,Chaise Domus,8,galerie,,,1200,1200,Chaise Domus — Artek,artek-domus-chair-birch-clear-lacquer-aalto-table-81b-wild-birch.jpg,
artek-domus-chair,Chaise Domus,9,galerie,,,1200,1200,Chaise Domus — Artek,artek-kaari-wall-console-reb006-domus-chair-black-kanto-magazine-rack.jpg,
artek-domus-chair,Chaise Domus,10,variante,,Bouleau / teinté noir,1200,1200,Chaise Domus — Bouleau / teinté noir,artek-domus-chair-black-stained.jpg,
artek-domus-chair,Chaise Domus,11,variante,,Bouleau / teinté miel,1200,1200,Chaise Domus — Bouleau / teinté miel,artek-domus-chair-honey-stained-birch.jpg,
artek-domus-chair,Chaise Domus,12,variante,,Bouleau / teinté noyer,1200,1200,Chaise Domus — Bouleau / teinté noyer,artek-domus-chair-walnut-stained.jpg,
artek-domus-chair,Chaise Domus,13,variante,,Chêne,1200,1200,Chaise Domus — Chêne,artek-domus-chair-clear-lacquered-oak.jpg,
artek-domus-chair,Chaise Domus,14,galerie,,,1200,1200,Chaise Domus — Artek,domus-chair-birch-clear-lacquer-aalto-table-rectangular-wild-birch.jpg,
artek-domus-chair,Chaise Domus,15,galerie,,,1200,1200,Chaise Domus — Artek,artek-domus-chair-birch-back-close-up.jpg,
artek-domus-chair-seat-and-back-upholstered,Chaise Domus assise et dossier rembourrés,1,variante,oui,Bouleau / tissu hola canary tissu / cuir prestige cream passepoil,1598,1598,Chaise Domus assise et dossier rembourrés — Bouleau / tissu hola canary tissu / cuir prestige cream passepoil,packshot-841d7f6fb66e7a62706dad9e31fbf7e5.png,"[moyen] Le libellé de la variante par défaut est incohérent : « tissu hola canary tissu / cuir prestige cream passepoil » (« tissu » doublé, passepoil mal placé)."
artek-domus-chair-seat-and-back-upholstered,Chaise Domus assise et dossier rembourrés,2,galerie,,,1200,1200,Chaise Domus assise et dossier rembourrés — Artek,Artek-Domus-means-home-Layered-02_web.jpg,
artek-domus-chair-seat-and-back-upholstered,Chaise Domus assise et dossier rembourrés,3,galerie,,,1200,1200,Chaise Domus assise et dossier rembourrés — Artek,Artek-Domus-means-home-Layered-01_web_42dc7436-d4d1-436c-89dd-96df623396cf.jpg,
artek-domus-chair-seat-and-back-upholstered,Chaise Domus assise et dossier rembourrés,4,galerie,,,1250,1250,Chaise Domus assise et dossier rembourrés — Artek,Artek-Domus-means-home-Layered-07_web.jpg,
artek-domus-chair-seat-and-back-upholstered,Chaise Domus assise et dossier rembourrés,5,galerie,,,2000,2000,Chaise Domus assise et dossier rembourrés — Artek,Artek-Domus-means-home-Layered-03_web.jpg,
artek-domus-chair-seat-and-back-upholstered,Chaise Domus assise et dossier rembourrés,6,galerie,,,1200,1200,Chaise Domus assise et dossier rembourrés — Artek,Artek-Domus-means-home-Minimal-06_web.jpg,
artek-domus-chair-seat-and-back-upholstered,Chaise Domus assise et dossier rembourrés,7,galerie,,,1600,1600,Chaise Domus assise et dossier rembourrés — Artek,Artek-Domus-means-home-Minimal-02_Web_ee13103a-b286-4f9f-9d53-500e4abf4b5c.jpg,
artek-domus-chair-seat-and-back-upholstered,Chaise Domus assise et dossier rembourrés,8,galerie,,,1200,1200,Chaise Domus assise et dossier rembourrés — Artek,Artek-Domus-means-home-Layered-04_web.jpg,
artek-domus-chair-seat-and-back-upholstered,Chaise Domus assise et dossier rembourrés,9,galerie,,,1200,1200,Chaise Domus assise et dossier rembourrés — Artek,Artek-Domus-means-home-Opulent-1_web.jpg,
artek-domus-chair-seat-and-back-upholstered,Chaise Domus assise et dossier rembourrés,10,variante,,Bouleau / cuir prestige cream / passepoil cuir prestige nougat,1500,1500,Chaise Domus assise et dossier rembourrés — Bouleau / cuir prestige cream / passepoil cuir prestige nougat,Domus-Chair-birch-natural-lacquered_-upholstered-leather-Prestige-cream_-leather-piping-Prestige-cut-out_web.jpg,
artek-domus-chair-seat-and-back-upholstered,Chaise Domus assise et dossier rembourrés,11,variante,,Bouleau / teinté noir / tissu hola chestnut / passepoil cuir prestige noir,1500,1500,Chaise Domus assise et dossier rembourrés — Bouleau / teinté noir / tissu hola chestnut / passepoil cuir prestige noir,Domus-Chair-birch-black-stained_-upholstered-fabric-Hola-Chestnut_-leather-piping-Prestige-black-cut-out_web.jpg,
artek-domus-chair-seat-and-back-upholstered,Chaise Domus assise et dossier rembourrés,12,variante,,Bouleau / teinté noir / cuir spectrum marine / passepoil cuir prestige noir,1500,1500,Chaise Domus assise et dossier rembourrés — Bouleau / teinté noir / cuir spectrum marine / passepoil cuir prestige noir,Domus-Chair-birch-black-stained_upholstered-leather-Spectrum-marine_leather-piping-Prestige-black-cut-out_web.jpg,
artek-domus-chair-seat-and-back-upholstered,Chaise Domus assise et dossier rembourrés,13,variante,,Bouleau / teinté miel / tissu wow re bleu / ocre / passepoil cuir prestige nougat,1500,1500,Chaise Domus assise et dossier rembourrés — Bouleau / teinté miel / tissu wow re bleu / ocre / passepoil cuir prestige nougat,Domus-Chair-birch-honey-stained_-upholstered-Wow-Re-Blueocre_-leather-piping-Prestige-nougat-cut-out_web.jpg,
artek-domus-chair-seat-and-back-upholstered,Chaise Domus assise et dossier rembourrés,14,variante,,Bouleau / teinté miel / cuir spectrum leaf / passepoil cuir spectrum moss,1500,1500,Chaise Domus assise et dossier rembourrés — Bouleau / teinté miel / cuir spectrum leaf / passepoil cuir spectrum moss,Domus-Chair-birch-honey-stained_-upholstered-leather-Spectrum-leaf_-leather-piping-Spectrum-moss-cut-out__web.jpg,
artek-domus-chair-seat-and-back-upholstered,Chaise Domus assise et dossier rembourrés,15,variante,,Bouleau / teinté noyer / tissu wow re beige / Rose / passepoil cuir prestige cognac,1500,1500,"Chaise Domus — bouleau noyer, tissu Wow Re beige/rose, passepoil cognac",Domus-Chair-birch-walnut-stained_-upholstered-fabric-Wow-Re-beigepink-_6722_-leather-piping-Prestige-cognac-cut-out.jpg,"[faible] L'alt de #15 est rédigé dans un autre format que les autres (« Chaise Domus — bouleau noyer, tissu Wow Re beige/rose… »)."
artek-domus-chair-seat-and-back-upholstered,Chaise Domus assise et dossier rembourrés,16,variante,,Bouleau / teinté noyer / cuir spectrum moss / passepoil cuir prestige coffee,1500,1500,Chaise Domus assise et dossier rembourrés — Bouleau / teinté noyer / cuir spectrum moss / passepoil cuir prestige coffee,Domus-Chair-birch-walnut-stained_-upholstered-leather-Spectrum-moss_-leather-piping-Prestige-coffee-cut-out_web.jpg,
artek-domus-chair-seat-and-back-upholstered,Chaise Domus assise et dossier rembourrés,17,variante,,Chêne / tissu wow cream / blanc / passepoil cuir prestige nougat,1500,1500,Chaise Domus assise et dossier rembourrés — Chêne / tissu wow cream / blanc / passepoil cuir prestige nougat,Domus-Chair-oak-natural-lacquered_-upholstered-fabric-Wow-Re-creamwhite-_6511_-leather-piping-Prestige-nougat-cut-out_web.jpg,
artek-domus-chair-seat-and-back-upholstered,Chaise Domus assise et dossier rembourrés,18,variante,,Chêne / cuir spectrum terracotta / passepoil cuir prestige cognac,1500,1500,Chaise Domus assise et dossier rembourrés — Chêne / cuir spectrum terracotta / passepoil cuir prestige cognac,Domus-Chair-oak-natural-lacquered_-upholstered-leather-Spectrum-terracotta_-leather-piping-Prestige-cognac-cut-out_web.jpg,
artek-rope-chair,Chaise Rope,1,variante,oui,Noir thermolaqué mat / laqué noir / corde polyester noir / patins feutre | Noir thermolaqué mat / laqué noir / corde polyester noir / patins plastique,1158,1158,Chaise Rope — Noir thermolaqué mat / laqué noir / corde polyester noir / patins feutre,packshot-4742cb2a56d31d9b327b23c1e7f2c1e1.png,
artek-rope-chair,Chaise Rope,2,galerie,,,1500,1500,Chaise Rope — Artek,Rope-chair-Studio-Bouroullec_web.jpg,
artek-rope-chair,Chaise Rope,3,galerie,,,1200,1200,Chaise Rope — Artek,artek-aalto-table-90a-black-linoleum-rope-chair.jpg,
artek-rope-chair,Chaise Rope,4,galerie,,,1200,1200,Chaise Rope — Artek,artek-rope-chair-white-bourse-de-commerce-pinault-collection-interior.jpg,
artek-rope-chair,Chaise Rope,5,galerie,,,1200,1200,Chaise Rope — Artek,artek-rope-chair-bourse-de-commerce-pinault-collection-interior.jpg,
artek-rope-chair,Chaise Rope,6,variante,,Gris clair thermolaqué mat / laqué gris clair / corde lin naturel / patins feutre | Gris clair thermolaqué mat / laqué gris clair / corde lin naturel / patins plastique,1200,1200,Chaise Rope — Gris clair thermolaqué mat / laqué gris clair / corde lin naturel / patins feutre,artek-rope-chair-light-grey.jpg,
artek-armchair-41-paimio,Fauteuil 41 Paimio,1,variante,oui,Coque laquée blanche,2640,2640,Fauteuil 41 Paimio — Coque laquée blanche,packshot-f631fbfe072aa20759d773e935befb89.png,
artek-armchair-41-paimio,Fauteuil 41 Paimio,2,galerie,,,2000,2000,Fauteuil 41 Paimio — Artek,Artek-Gems-from-the-Archive-In-situ-Screen-100C_web_2_91721940-2874-46cc-ac2c-95a6ec0faba0.png,
artek-armchair-41-paimio,Fauteuil 41 Paimio,3,galerie,,,2000,2000,Fauteuil 41 Paimio — Artek,Armchair-41_Paimio-Chair_web.jpg,
artek-armchair-41-paimio,Fauteuil 41 Paimio,4,galerie,,,1000,1000,Fauteuil 41 Paimio — Artek,Artek-Gems-from-the-Archive-In-situ-Screen-100C_1_web_913188c2-f2ad-400d-91a4-99031ce15429.png,
artek-armchair-41-paimio,Fauteuil 41 Paimio,5,galerie,,,2000,1600,Fauteuil 41 Paimio — Artek,9427145_Artek-Crafted-Through-Time-In-situ-II-Armchair-41-Paimio_master.jpg,
artek-armchair-41-paimio,Fauteuil 41 Paimio,6,variante,,Coque laquée noire,2000,2000,Fauteuil 41 Paimio — Coque laquée noire,Armchair-41-_Paimio_-black-lacquer_web.jpg,
artek-armchair-42,Fauteuil 42,1,variante,oui,Coque laquée noire,1540,1540,Fauteuil 42 — Coque laquée noire,packshot-a20f68b97e0ffbbf25ad3c0de397188b.png,
artek-armchair-42,Fauteuil 42,2,galerie,,,2000,2000,Fauteuil 42 — Artek,Artek-Gems-from-the-Archive-In-situ-Screen-100B-1_web_de847265-b87f-4681-aab3-02834e6f8fe9.jpg,
artek-armchair-42,Fauteuil 42,3,galerie,,,1200,960,Fauteuil 42 — Artek,Artek_Hager_Villa_1730-2_web.jpg,
artek-armchair-42,Fauteuil 42,4,galerie,,,2000,1600,Fauteuil 42 — Artek,Artek-Gems-from-the-Archive-In-situ-group_web.jpg,
artek-armchair-42,Fauteuil 42,5,variante,,Coque laquée blanche,2000,2000,Fauteuil 42 — Coque laquée blanche,Armchair-42-white-lacquer_web.jpg,
artek-lounge-chair-43,Fauteuil 43,1,variante,oui,Sangle noir/noir,2440,2440,Fauteuil 43 — Sangle noir/noir,packshot-5da0f09b92c70b6ce1714eed678c388f.png,
artek-lounge-chair-43,Fauteuil 43,2,galerie,,,2000,2000,Fauteuil 43 — Artek,Lounge_Chair_43_Riihitie_Plant_Pot_photo_Mikko_Ryhanen_web.jpg,
artek-lounge-chair-43,Fauteuil 43,3,galerie,,,3000,2000,Fauteuil 43 — Artek,Lounge_Chair_43_Zebra_Cushion_40x40_photo_Mikko_Ryhanen_web_dbffd35a-6098-44a1-a141-d8f1edcac204.jpg,
artek-lounge-chair-43,Fauteuil 43,4,variante,,Sangle noir/bleu,2000,2000,Fauteuil 43 — Sangle noir/bleu,Lounge-Chair-43-natural_-blackblue-webbing_F_web.jpg,
artek-lounge-chair-43,Fauteuil 43,5,variante,,Sangle noir/marron,3000,3000,Fauteuil 43 — Sangle noir/marron,Lounge-Chair-43-natural_-blackbrown-webbing_web.jpg,
artek-lounge-chair-43,Fauteuil 43,6,variante,,Sangle naturel/blanc,2000,2000,Fauteuil 43 — Sangle naturel/blanc,Lounge-Chair-43-natural_-naturalwhite-webbing_web.jpg,
artek-lounge-chair-43,Fauteuil 43,7,variante,,Sangle naturel/noir,2000,2000,Fauteuil 43 — Sangle naturel/noir,Lounge-Chair-43-natural_-naturalblack-webbing_web.jpg,
artek-lounge-chair-43,Fauteuil 43,8,variante,,Sangle naturel/rouge,2000,2000,Fauteuil 43 — Sangle naturel/rouge,Lounge-Chair-43-natural_-naturalred-webbing_web.jpg,
artek-armchair-406,Fauteuil 406,1,variante,oui,Sangle noir/noir,1740,1740,Fauteuil 406 — Sangle noir/noir,packshot-9f1e371a7f4f7d98e756429f90c801ec.png,
artek-armchair-406,Fauteuil 406,2,variante,,Sangle noir/bleu,2000,2000,Fauteuil 406 — Sangle noir/bleu,Armchair-406-natural_-blackblue-webbing_web.jpg,
artek-armchair-406,Fauteuil 406,3,variante,,Sangle noir/marron,2000,2000,Fauteuil 406 — Sangle noir/marron,Armchair-406-natural_-blackbrown-webbing_web.jpg,
artek-armchair-406,Fauteuil 406,4,variante,,Sangle naturel/blanc,2000,2000,Fauteuil 406 — Sangle naturel/blanc,Armchair-406-natural_-naturalwhite-webbing_web.jpg,
artek-armchair-406,Fauteuil 406,5,variante,,Sangle naturel/noir,2000,2000,Fauteuil 406 — Sangle naturel/noir,Armchair-406-natural_-naturalblack-webbing_web.jpg,
artek-armchair-406,Fauteuil 406,6,variante,,Sangle naturel/rouge,2000,2000,Fauteuil 406 — Sangle naturel/rouge,Armchair-406-natural_-naturalred-webbing_web.jpg,
artek-domus-lounge-chair,Fauteuil Domus,1,variante,oui,Chêne,1700,1700,Fauteuil Domus — Chêne,packshot-41331ead51bf7ae26725d9b512599f1e.png,
artek-domus-lounge-chair,Fauteuil Domus,2,galerie,,,2000,2000,Fauteuil Domus — Artek,Domus_Lounge_Chair_Stool_60_photo_Mikko_Ryhanen_web.jpg,
artek-domus-lounge-chair,Fauteuil Domus,3,variante,,Bouleau,2000,2000,Fauteuil Domus — Bouleau,Domus-Lounge-Chair-clear-laquered-birch_no-upholstery_web.jpg,
artek-domus-lounge-chair,Fauteuil Domus,4,variante,,Bouleau / teinté miel,2000,2000,Fauteuil Domus — Bouleau / teinté miel,Domus-Lounge-Chair-honey-stained-birch_web.jpg,
artek-domus-lounge-chair,Fauteuil Domus,5,variante,,Bouleau / laqué noir,2000,2000,Fauteuil Domus — Bouleau / laqué noir,Domus-Lounge-Chair-black_web.jpg,
artek-mademoiselle-lounge-chair,Fauteuil Mademoiselle,1,variante,oui,Laqué noir,2620,2620,Fauteuil Mademoiselle — Laqué noir,packshot-c0a43f0b8ed22682c1ad66aa98d70842.png,
artek-mademoiselle-lounge-chair,Fauteuil Mademoiselle,2,galerie,,,2000,2000,Fauteuil Mademoiselle — Artek,Mademoiselle-Lounge-Chair-white-lacquer_1_web.jpg,
artek-mademoiselle-lounge-chair,Fauteuil Mademoiselle,3,variante,,Laqué blanc,3000,3000,Fauteuil Mademoiselle — Laqué blanc,Mademoiselle-Lounge-Chair-white-lacquer_web.jpg,
artek-mademoiselle-rocking-chair,Fauteuil à bascule Mademoiselle,1,variante,oui,Laqué noir,1840,1840,Fauteuil à bascule Mademoiselle — Laqué noir,packshot-23cab9f2583739abb5a0b6479a7148c1.png,
artek-mademoiselle-rocking-chair,Fauteuil à bascule Mademoiselle,2,galerie,,,2000,2000,Fauteuil à bascule Mademoiselle — Artek,Mademoiselle-Rocking-Chair-white-lacquer_web.jpg,
artek-mademoiselle-rocking-chair,Fauteuil à bascule Mademoiselle,3,variante,,Laqué blanc,2000,2000,Fauteuil à bascule Mademoiselle — Laqué blanc,Mademoiselle-Rocking-Chair-white-lacquer_1_web.jpg,
artek-rivi-fabric,Tissu Rivi (au mètre),1,variante,oui,Blanc/bleu / Coton | Blanc/bleu / Coton enduit | Blanc/bleu / Toile de coton,3375,3375,Tissu Rivi (au mètre) — Blanc/bleu / Coton,packshot-bdc7090c10a952778b85dc6f92d67f07.png,
artek-rivi-fabric,Tissu Rivi (au mètre),2,galerie,,,2000,2000,Tissu Rivi (au mètre) — Artek,Rivi-Fabric-roll_web.jpg,
artek-rivi-fabric,Tissu Rivi (au mètre),3,galerie,,,1200,1200,Tissu Rivi (au mètre) — Artek,Rivi-Fabric-yellow--white-Chair-65-black-lacquer_web.jpg,
artek-rivi-fabric,Tissu Rivi (au mètre),4,variante,,Bleu/blanc / Coton | Bleu/blanc / Coton enduit | Bleu/blanc / Toile de coton,1200,1200,Tissu Rivi (au mètre) — Bleu/blanc / Coton,Rivi-Fabric-pre-cut-blue_white_web.jpg,
artek-rivi-fabric,Tissu Rivi (au mètre),5,variante,,Moutarde/blanc / Coton | Moutarde/blanc / Coton enduit | Moutarde/blanc / Toile de coton,1200,1200,Tissu Rivi (au mètre) — Moutarde/blanc / Coton,Rivi-Fabric-pre-cut-yellow_white_web.jpg,
artek-rivi-fabric,Tissu Rivi (au mètre),6,variante,,Noir/blanc / Coton | Noir/blanc / Coton enduit | Noir/blanc / Toile de coton,1200,1200,Tissu Rivi (au mètre) — Noir/blanc / Coton,Rivi-Fabric-pre-cut-black_white_web.jpg,
artek-rivi-pre-cut-fabric,Coupon de tissu Rivi (150 × 300 cm),1,variante,oui,Blanc/bleu / Coton | Blanc/bleu / Coton enduit | Blanc/bleu / Toile de coton,3375,3375,Coupon de tissu Rivi (150 × 300 cm) — Blanc/bleu / Coton,packshot-bdc7090c10a952778b85dc6f92d67f07_a3635c94-6283-4f54-bdbe-27cbd02c1365.png,
artek-rivi-pre-cut-fabric,Coupon de tissu Rivi (150 × 300 cm),2,galerie,,,2000,2000,Coupon de tissu Rivi (150 × 300 cm) — Artek,Rivi-Fabric-roll_web_d1c8b7a8-97ac-4d06-b589-5d604c3d49a4.jpg,
artek-rivi-pre-cut-fabric,Coupon de tissu Rivi (150 × 300 cm),3,galerie,,,1200,1200,Coupon de tissu Rivi (150 × 300 cm) — Artek,Rivi-Fabric-yellow--white-Chair-65-black-lacquer_web_2c98e83c-8dce-4f77-a572-24c0d51b1bdd.jpg,
artek-rivi-pre-cut-fabric,Coupon de tissu Rivi (150 × 300 cm),4,variante,,Bleu/blanc / Coton | Bleu/blanc / Coton enduit | Bleu/blanc / Toile de coton,1200,1200,Coupon de tissu Rivi (150 × 300 cm) — Bleu/blanc / Coton,Rivi-Fabric-pre-cut-blue_white_web_bcdbf639-cb9d-4bec-b172-5d852ec7c240.jpg,
artek-rivi-pre-cut-fabric,Coupon de tissu Rivi (150 × 300 cm),5,variante,,Moutarde/blanc / Coton | Moutarde/blanc / Coton enduit | Moutarde/blanc / Toile de coton,1200,1200,Coupon de tissu Rivi (150 × 300 cm) — Moutarde/blanc / Coton,Rivi-Fabric-pre-cut-yellow_white_web_092f091b-8cde-44d9-95e4-6d298a33b795.jpg,
artek-rivi-pre-cut-fabric,Coupon de tissu Rivi (150 × 300 cm),6,variante,,Noir/blanc / Coton | Noir/blanc / Coton enduit | Noir/blanc / Toile de coton,1200,1200,Coupon de tissu Rivi (150 × 300 cm) — Noir/blanc / Coton,Rivi-Fabric-pre-cut-black_white_web_b065df86-cd49-474a-92ca-6768e3ea02a0.jpg,
artek-rivi-tray,Plateau Rivi,1,variante,oui,Blanc/bleu / 43 × 33 cm,3548,3548,Plateau Rivi — Blanc/bleu / 43 × 33 cm,packshot-d11068f3c352bef09f995aeec1a96fac.png,
artek-rivi-tray,Plateau Rivi,2,galerie,,,1200,1200,Plateau Rivi — Artek,Rivi-Tray-white--blue-large_1_web.jpg,
artek-rivi-tray,Plateau Rivi,3,galerie,,,1566,1566,Plateau Rivi — Artek,Rivi_Tray_yellow_white_Riihitie_Plant_Pot_B_blue_web.jpg,
artek-rivi-tray,Plateau Rivi,4,variante,,Noir/blanc / 43 × 33 cm,1200,1200,Plateau Rivi — Noir/blanc / 43 × 33 cm,Rivi-Tray-black-_-white-large_web.jpg,
artek-rivi-tray,Plateau Rivi,5,variante,,Moutarde/blanc / 43 × 33 cm,1200,1200,Plateau Rivi — Moutarde/blanc / 43 × 33 cm,Rivi-Tray-yellow_white-large_web.jpg,
artek-rivi-tray,Plateau Rivi,6,variante,,Bleu/blanc / 43 × 33 cm,1200,1200,Plateau Rivi — Bleu/blanc / 43 × 33 cm,Rivi-Tray-blue_white-large_web.jpg,
artek-rivi-tray,Plateau Rivi,7,variante,,Bleu/blanc / 27 × 20 cm,4000,4000,Plateau Rivi — Bleu/blanc / 27 × 20 cm,Rivi-Tray-small-blue_white_web.jpg,
artek-rivi-tray,Plateau Rivi,8,variante,,Moutarde/blanc / 27 × 20 cm,4000,4000,Plateau Rivi — Moutarde/blanc / 27 × 20 cm,Rivi-Tray-yellow--white-small_web.jpg,
artek-rivi-tray,Plateau Rivi,9,variante,,Blanc/bleu / 27 × 20 cm,4000,4000,Plateau Rivi — Blanc/bleu / 27 × 20 cm,Rivi-Tray-white--blue-small_web.jpg,
artek-rivi-tray,Plateau Rivi,10,variante,,Noir/blanc / 27 × 20 cm,4000,4000,Plateau Rivi — Noir/blanc / 27 × 20 cm,Rivi-Tray-black-_-white-small_web.jpg,
artek-rivi-cushion-cover,Housse de coussin Rivi,1,variante,oui,Bleu/blanc / 50 × 50 cm,1165,1165,Housse de coussin Rivi — Bleu/blanc / 50 × 50 cm,packshot-527172e2c617ef65be371b6946d2b967.png,
artek-rivi-cushion-cover,Housse de coussin Rivi,2,galerie,,,1200,1200,Housse de coussin Rivi — Artek,Day_bed_710_Rivi_Cushion_web.jpg,
artek-rivi-cushion-cover,Housse de coussin Rivi,3,galerie,,,1200,1200,Housse de coussin Rivi — Artek,Rivi-Cushion-Cover-small-large_web.jpg,
artek-rivi-cushion-cover,Housse de coussin Rivi,4,galerie,,,995,995,Housse de coussin Rivi — Artek,Rivi-Cushion-Covers-blue_white_web.jpg,
artek-rivi-cushion-cover,Housse de coussin Rivi,5,galerie,,,1200,1200,Housse de coussin Rivi — Artek,Zebra_cushion_Rivi_cushion_white_blue_web.jpg,
artek-rivi-cushion-cover,Housse de coussin Rivi,6,variante,,Bleu/blanc / 40 × 40 cm,1200,1200,Housse de coussin Rivi — Bleu/blanc / 40 × 40 cm,Rivi-Cushion-small-blue_white_web.jpg,
artek-rivi-cushion-cover,Housse de coussin Rivi,7,variante,,Blanc/bleu / 50 × 50 cm,1200,1200,Housse de coussin Rivi — Blanc/bleu / 50 × 50 cm,Rivi-Cushion-large-white_blue_web.jpg,
artek-rivi-cushion-cover,Housse de coussin Rivi,8,variante,,Blanc/bleu / 40 × 40 cm,4000,4000,Housse de coussin Rivi — Blanc/bleu / 40 × 40 cm,Rivi-Cushion-small-white_blue_web.jpg,
artek-rivi-cushion-cover,Housse de coussin Rivi,9,variante,,Noir/blanc / 50 × 50 cm,1200,1200,Housse de coussin Rivi — Noir/blanc / 50 × 50 cm,Rivi-Cushion-Cover-black-_-white-large_web_12b69638-403b-4ac6-aedc-2657e0074156.jpg,
artek-rivi-cushion-cover,Housse de coussin Rivi,10,variante,,Noir/blanc / 40 × 40 cm,1200,1200,Housse de coussin Rivi — Noir/blanc / 40 × 40 cm,Rivi-Cushion-Cover-black-_-white-small_web.jpg,
artek-rivi-cushion-cover,Housse de coussin Rivi,11,variante,,Moutarde/blanc / 50 × 50 cm,1200,1200,Housse de coussin Rivi — Moutarde/blanc / 50 × 50 cm,Rivi-Cushion-Cover-yellow_-white-large_web.jpg,
artek-rivi-cushion-cover,Housse de coussin Rivi,12,variante,,Moutarde/blanc / 40 × 40 cm,1200,1200,Housse de coussin Rivi — Moutarde/blanc / 40 × 40 cm,Rivi-Cushion-small-yellow_white_web.jpg,
artek-inner-cushion,Coussin de garnissage,1,variante,oui,40 × 40 cm,2167,2167,Coussin de garnissage — 40 × 40 cm,packshot-dbdd10867e87732255bb1f186d890c88.png,
artek-inner-cushion,Coussin de garnissage,2,variante,,50 × 50 cm,3000,3000,Coussin de garnissage — 50 × 50 cm,Inner_Cushion_50x50_web.jpg,
artek-rivi-canvas-bag,Sac en toile Rivi,1,variante,oui,Bleu/blanc,2000,2000,Sac en toile Rivi — Bleu/blanc,Rivi-Canvas-Bag-blue--white_1_web.jpg,
artek-rivi-canvas-bag,Sac en toile Rivi,2,galerie,,,2000,2000,Sac en toile Rivi — Artek,Rivi-Canvas-Bag-blue_white_2_web.jpg,
artek-rivi-canvas-bag,Sac en toile Rivi,3,galerie,,,2000,2000,Sac en toile Rivi — Artek,Rivi_Canvas_Bag_black_white_2_web.jpg,
artek-rivi-canvas-bag,Sac en toile Rivi,4,variante,,Blanc/bleu,2000,2000,Sac en toile Rivi — Blanc/bleu,Rivi-Canvas-Bag-white--blue_1_web.jpg,
artek-rivi-canvas-bag,Sac en toile Rivi,5,variante,,Noir/blanc,1200,1200,Sac en toile Rivi — Noir/blanc,Rivi-Canvas-Bag-black-_white_webr_578e5b95-e791-4595-a9ef-6139ad3e68de.jpg,
artek-rivi-canvas-bag,Sac en toile Rivi,6,variante,,Moutarde/blanc,1200,1200,Sac en toile Rivi — Moutarde/blanc,Rivi-Canvas-Bag-yellow_white_web.jpg,
artek-rivi-canvas-bag,Sac en toile Rivi,7,galerie,,,1200,1200,Sac en toile Rivi — Artek,Rivi-Canvas-Bag-blue_web.jpg,
artek-rivi-canvas-bag,Sac en toile Rivi,8,galerie,,,1200,1200,Sac en toile Rivi — Artek,Rivi-Canvas-Bag-white_web.jpg,
artek-rivi-pouch,Pochette Rivi,1,variante,oui,Blanc/bleu,2590,2590,Pochette Rivi — Blanc/bleu,packshot-abef87965959b9b28ac670a11779e178.png,
artek-rivi-pouch,Pochette Rivi,2,galerie,,,1200,1200,Pochette Rivi — Artek,Rivi-Pouch-white--blue-small_web.jpg,
artek-rivi-pouch,Pochette Rivi,3,variante,,Bleu/blanc,4000,4000,Pochette Rivi — Bleu/blanc,Rivi-Pouch-small-blue-white_web.jpg,
artek-rivi-pouch,Pochette Rivi,4,variante,,Noir/blanc,4000,4000,Pochette Rivi — Noir/blanc,Rivi-Pouch-black-_-white-small_web.jpg,
artek-rivi-pouch,Pochette Rivi,5,variante,,Moutarde/blanc,4000,4000,Pochette Rivi — Moutarde/blanc,Rivi-Pouch-small-yellow_white_web.jpg,
artek-siena-fabric,Tissu Siena (au mètre),1,variante,oui,Blanc/blanc / Coton | Blanc/blanc / Coton enduit,1443,1443,Tissu Siena (au mètre) — Blanc/blanc / Coton,packshot-f4516431f8ae218e2f70aeb801d7d528.png,
artek-siena-fabric,Tissu Siena (au mètre),2,galerie,,,2000,2000,Tissu Siena (au mètre) — Artek,Siena_Fabric_grey_light_grey_shadow_photo_Nicole_Bachmann_web.jpg,
artek-siena-fabric,Tissu Siena (au mètre),3,galerie,,,2000,2000,Tissu Siena (au mètre) — Artek,Siena-Fabric-white_black_web.jpg,
artek-siena-fabric,Tissu Siena (au mètre),4,galerie,,,2000,2000,Tissu Siena (au mètre) — Artek,Siena_Fabric_birck_sand_shadow_photo_Nicole_Bachmann_web.jpg,
artek-siena-fabric,Tissu Siena (au mètre),5,galerie,,,1200,1200,Tissu Siena (au mètre) — Artek,Siena_Fabric_white_black_web.jpg,
artek-siena-fabric,Tissu Siena (au mètre),6,variante,,Blanc/noir / Coton | Blanc/noir / Coton enduit | Blanc/noir / Toile de coton,3000,3000,Tissu Siena (au mètre) — Blanc/noir / Coton,Siena-Fabric-pre-cut-white_black_web.jpg,
artek-siena-fabric,Tissu Siena (au mètre),7,variante,,Sable/blanc / Coton | Sable/blanc / Coton enduit | Sable/blanc / Toile de coton,3000,3000,Tissu Siena (au mètre) — Sable/blanc / Coton,Siena-Fabric-pre-cut-sand--white_web.jpg,
artek-siena-fabric,Tissu Siena (au mètre),8,variante,,Brique/sable ombré / Coton | Brique/sable ombré / Coton enduit | Brique/sable ombré / Toile de coton,3000,3000,Tissu Siena (au mètre) — Brique/sable ombré / Coton,Siena-Fabric-pre-cut-brick--sand-shadow_web.jpg,
artek-siena-fabric,Tissu Siena (au mètre),9,variante,,Gris/gris clair ombré / Coton | Gris/gris clair ombré / Coton enduit | Gris/gris clair ombré / Toile de coton,3000,3000,Tissu Siena (au mètre) — Gris/gris clair ombré / Coton,Siena-Fabric-pre-cut-grey--light-grey-shadow_web..jpg,
artek-siena-pre-cut-fabric,Coupon de tissu Siena (150 × 300 cm),1,variante,oui,Blanc/noir / Coton | Blanc/noir / Coton enduit | Blanc/noir / Toile de coton,2205,2205,Coupon de tissu Siena (150 × 300 cm) — Blanc/noir / Coton,packshot-99b56a6b0db0af8b52ad5ed401dd219d.png,
artek-siena-pre-cut-fabric,Coupon de tissu Siena (150 × 300 cm),2,galerie,,,2000,2000,Coupon de tissu Siena (150 × 300 cm) — Artek,Siena-Fabric-white_black_web_3ae86443-f9fd-4ccf-985e-7916032d0aec.jpg,
artek-siena-pre-cut-fabric,Coupon de tissu Siena (150 × 300 cm),3,galerie,,,1200,1200,Coupon de tissu Siena (150 × 300 cm) — Artek,Siena_Fabric_white_black_web_c8ccdba9-c78c-4f3b-a53b-c550a23471b0.jpg,
artek-siena-pre-cut-fabric,Coupon de tissu Siena (150 × 300 cm),4,galerie,,,2000,2000,Coupon de tissu Siena (150 × 300 cm) — Artek,Siena_Fabric_grey_light_grey_shadow_photo_Nicole_Bachmann_web_9b5ad974-6176-4162-b534-4b4088c09a18.jpg,
artek-siena-pre-cut-fabric,Coupon de tissu Siena (150 × 300 cm),5,galerie,,,2000,2000,Coupon de tissu Siena (150 × 300 cm) — Artek,Siena_Fabric_birck_sand_shadow_photo_Nicole_Bachmann_web_af3f947a-28f9-40ae-ad7b-50803577f32d.jpg,
artek-siena-pre-cut-fabric,Coupon de tissu Siena (150 × 300 cm),6,variante,,Blanc/blanc / Coton | Blanc/blanc / Coton enduit,1848,1848,Coupon de tissu Siena (150 × 300 cm) — Blanc/blanc / Coton,Siena-Fabric-pre-cut-white_white_web_e5a86ae6-cef7-4970-8974-8e6434e3a685.jpg,
artek-siena-pre-cut-fabric,Coupon de tissu Siena (150 × 300 cm),7,variante,,Sable/blanc / Coton | Sable/blanc / Coton enduit | Sable/blanc / Toile de coton,3000,3000,Coupon de tissu Siena (150 × 300 cm) — Sable/blanc / Coton,Siena-Fabric-pre-cut-sand--white_web_1931b7d8-fdd4-4303-b55b-d6e97991b775.jpg,
artek-siena-pre-cut-fabric,Coupon de tissu Siena (150 × 300 cm),8,variante,,Brique/sable ombré / Coton | Brique/sable ombré / Coton enduit | Brique/sable ombré / Toile de coton,3000,3000,Coupon de tissu Siena (150 × 300 cm) — Brique/sable ombré / Coton,Siena-Fabric-pre-cut-brick--sand-shadow_web_6b630f99-b3e8-4776-a19c-0de3dd161d18.jpg,
artek-siena-pre-cut-fabric,Coupon de tissu Siena (150 × 300 cm),9,variante,,Gris/gris clair ombré / Coton | Gris/gris clair ombré / Coton enduit | Gris/gris clair ombré / Toile de coton,3000,3000,Coupon de tissu Siena (150 × 300 cm) — Gris/gris clair ombré / Coton,Siena-Fabric-pre-cut-grey--light-grey-shadow_web._c45fded9-dfc2-43f9-b6d3-95d033682666.jpg,
artek-siena-cushion-cover,Housse de coussin Siena,1,variante,oui,Blanc/noir / 50 × 50 cm,3804,3804,Housse de coussin Siena — Artek,packshot-0f8607bf75774825b357b824c6d9a029.png,
artek-siena-cushion-cover,Housse de coussin Siena,2,variante,,Blanc/noir / 40 × 40 cm,3000,3000,Housse de coussin Siena — Blanc/noir / 40 × 40 cm,Siena_Cushion_Cover_40x40_black_white_web.jpg,
artek-siena-cushion-cover,Housse de coussin Siena,3,variante,,Sable/blanc / 50 × 50 cm,4000,4000,Housse de coussin Siena — Sable/blanc / 50 × 50 cm,Siena-Cushion-Cover-Cotton-Canvas-large-50-x-50-cm-sand--white_web.jpg,
artek-siena-cushion-cover,Housse de coussin Siena,4,variante,,Sable/blanc / 40 × 40 cm,3000,3000,Housse de coussin Siena — Sable/blanc / 40 × 40 cm,Siena-Cushion-Cover-Cotton-Canvas-small-40-x-40-cm-sand--white_web.jpg,
artek-siena-cushion-cover,Housse de coussin Siena,5,variante,,Brique/sable ombré / 50 × 50 cm,4000,4000,Housse de coussin Siena — Brique/sable ombré / 50 × 50 cm,Siena-Cushion-Cover-Cotton-Canvas-large-50-x-50-cm-brick--sand-shadow_web.jpg,
artek-siena-cushion-cover,Housse de coussin Siena,6,variante,,Brique/sable ombré / 40 × 40 cm,3000,3000,Housse de coussin Siena — Brique/sable ombré / 40 × 40 cm,Siena-Cushion-Cover-Cotton-Canvas-small-40-x-40-cm-brick--sand-shadow_web.jpg,
artek-siena-cushion-cover,Housse de coussin Siena,7,variante,,Gris/gris clair ombré / 50 × 50 cm,4000,4000,Housse de coussin Siena — Gris/gris clair ombré / 50 × 50 cm,Siena-Cushion-Cover-Cotton-Canvas-large-50-x-50-cm-grey--light-grey-shadow_web.jpg,
artek-siena-cushion-cover,Housse de coussin Siena,8,variante,,Gris/gris clair ombré / 40 × 40 cm,3000,3000,Housse de coussin Siena — Gris/gris clair ombré / 40 × 40 cm,Siena-Cushion-Cover-Cotton-Canvas-small-40-x-40-cm-grey--light-grey-shadow_web.jpg,
artek-siena-cushion-cover,Housse de coussin Siena,9,galerie,,,2500,2000,Housse de coussin Siena — Artek,Siena_Cusion_Cover_grey_light_grey_shadow_photo_Nicole_Bachmann_web.jpg,
artek-siena-canvas-bag,Sac en toile Siena,1,variante,oui,Blanc/noir,3814,3814,Sac en toile Siena — Blanc/noir,packshot-9e65d29403107954f1e519059ab263f3.png,
artek-siena-canvas-bag,Sac en toile Siena,2,galerie,,,2000,2000,Sac en toile Siena — Artek,Siena-Canvas-Bag-white--black-Chair-65-clear-lacquer_web.jpg,
artek-siena-canvas-bag,Sac en toile Siena,3,galerie,,,2000,2000,Sac en toile Siena — Artek,Siena-Canvas-Bag-white--black_2_web.jpg,
artek-siena-canvas-bag,Sac en toile Siena,4,galerie,,,2000,2000,Sac en toile Siena — Artek,Siena_canvas_bag_sand_white_Chair_66_white_web.jpg,
artek-siena-canvas-bag,Sac en toile Siena,5,variante,,Sable/blanc,4000,4000,Sac en toile Siena — Sable/blanc,Siena-Canvas-Bag-sand--white_web.jpg,
artek-siena-canvas-bag,Sac en toile Siena,6,variante,,Gris/gris clair ombré,4000,4000,Sac en toile Siena — Gris/gris clair ombré,Siena-Canvas-Bag-grey--light-grey-shadow_web.jpg,
artek-siena-canvas-bag,Sac en toile Siena,7,variante,,Brique/sable ombré,4000,4000,Sac en toile Siena — Brique/sable ombré,Siena-Canvas-Bag-brick--sand-shadow_web_878e307a-a0e9-44a3-9826-a063c3f36089.jpg,
artek-siena-pouch,Pochette Siena,1,variante,oui,Blanc/noir,2669,2669,Pochette Siena — Blanc/noir,packshot-faa08d3f4845e9303354a576253e6af1.png,
artek-siena-pouch,Pochette Siena,2,galerie,,,2000,2000,Pochette Siena — Artek,Siena_Pouch_small_birck_sand_shadow_photo_Nicole_Bachmann_web.jpg,
artek-siena-pouch,Pochette Siena,3,galerie,,,2000,2000,Pochette Siena — Artek,Siena_Pouch_small_grey_light_grey_shadow_photo_Nicole_Bachmann_web.jpg,
artek-siena-pouch,Pochette Siena,4,variante,,Sable/blanc,4000,4000,Pochette Siena — Sable/blanc,Siena-Pouch-small-sand--white_web.jpg,
artek-siena-pouch,Pochette Siena,5,variante,,Brique/sable ombré,4000,4000,Pochette Siena — Brique/sable ombré,Siena-Pouch-small-brick--sand-shadow_web.jpg,
artek-siena-pouch,Pochette Siena,6,variante,,Gris/gris clair ombré,4000,4000,Pochette Siena — Gris/gris clair ombré,Siena-Pouch-small-grey--light-grey-shadow_web.jpg,
artek-siena-tray,Plateau Siena,1,variante,oui,Blanc/noir / 43 × 33 cm,2599,2599,Plateau Siena — Blanc/noir / 43 × 33 cm,packshot-5f03f3ba3c2cfea317ca092b0e55c5dd.png,
artek-siena-tray,Plateau Siena,2,variante,,Blanc/noir / 27 × 20 cm,3000,3000,Plateau Siena — Blanc/noir / 27 × 20 cm,Siena-Tray-white--black-small_web.jpg,
artek-siena-tray,Plateau Siena,3,variante,,Sable/blanc / 43 × 33 cm,3000,3000,Plateau Siena — Sable/blanc / 43 × 33 cm,Siena-Tray-large-sand--white_web.jpg,
artek-siena-tray,Plateau Siena,4,variante,,Sable/blanc / 27 × 20 cm,3000,3000,Plateau Siena — Sable/blanc / 27 × 20 cm,Siena-Tray-small-sand--white_web.jpg,
artek-siena-tray,Plateau Siena,5,variante,,Brique/sable ombré / 43 × 33 cm,3000,3000,Plateau Siena — Brique/sable ombré / 43 × 33 cm,Siena-Tray-large-brick--sand-shadow_web.jpg,
artek-siena-tray,Plateau Siena,6,variante,,Brique/sable ombré / 27 × 20 cm,3000,3000,Plateau Siena — Brique/sable ombré / 27 × 20 cm,Siena-Tray-small-brick--sand-shadow_web.jpg,
artek-siena-tray,Plateau Siena,7,variante,,Gris/gris clair ombré / 43 × 33 cm,3000,3000,Plateau Siena — Gris/gris clair ombré / 43 × 33 cm,Siena-Tray-large-grey--light-grey-shadow_web.jpg,
artek-siena-tray,Plateau Siena,8,variante,,Gris/gris clair ombré / 27 × 20 cm,3000,3000,Plateau Siena — Gris/gris clair ombré / 27 × 20 cm,Siena-Tray-small-grey--light-grey-shadow_web.jpg,
artek-siena-tray,Plateau Siena,9,galerie,,,2000,2000,Plateau Siena — Artek,Siena_Tray_Large_brick_sand_shadow_photo_Nicole_Bachmann_web.jpg,
artek-zebra-seat-cushion,Coussin d'assise Zebra,1,variante,oui,Default Title,2370,2370,Coussin d'assise Zebra — Artek,packshot-124f9b8abd16dda26e32fdcd7c2ed7db.png,
artek-zebra-seat-cushion,Coussin d'assise Zebra,2,galerie,,,2000,2000,Coussin d'assise Zebra — Artek,Zebra-Seat-Cushion_1_web.jpg,
artek-zebra-seat-cushion,Coussin d'assise Zebra,3,galerie,,,2962,2000,Coussin d'assise Zebra — Artek,Artek-Zebra-Group_web.jpg,
artek-zebra-cushion-cover,Housse de coussin Zebra,1,variante,oui,50 × 50 cm,1177,1177,Housse de coussin Zebra — 50 × 50 cm,packshot-1bd986107675d8f4aec3e9b61b68fdbc.png,
artek-zebra-cushion-cover,Housse de coussin Zebra,2,galerie,,,1200,800,Housse de coussin Zebra — Artek,Kiki_Sofa_3_Seater_photo_Mikko_Ryhanen_web_85202fa3-5289-479b-99c6-dc9e2d0c2772.jpg,
artek-zebra-cushion-cover,Housse de coussin Zebra,3,galerie,,,2000,2000,Housse de coussin Zebra — Artek,Lounge_Chair_43_Zebra_Cushion_40x40_photo_Mikko_Ryhanen_web.jpg,
artek-zebra-cushion-cover,Housse de coussin Zebra,4,variante,,40 × 40 cm,3000,3000,Housse de coussin Zebra — 40 × 40 cm,Zebra-Cushion-Cover-40x40_web.jpg,
artek-zebra-cushion-cover,Housse de coussin Zebra,5,galerie,,,2962,2000,Housse de coussin Zebra — Artek,Artek-Zebra-Group_web_6112f25d-0f94-465f-bfff-b1e6fb5f503c.jpg,
artek-zebra-tote-bag,Sac cabas Zebra,1,variante,oui,Default Title,2810,2810,Sac cabas Zebra — Artek,packshot-ea3762a5c1441f443da81794e5bcfe02.png,
artek-zebra-tote-bag,Sac cabas Zebra,2,galerie,,,2000,2000,Sac cabas Zebra — Artek,Zebra-Tote-Bag_web.jpg,
artek-zebra-tote-bag,Sac cabas Zebra,3,galerie,,,2962,2000,Sac cabas Zebra — Artek,Artek-Zebra-Group_web_2d41cd0c-1948-4dfa-9a85-adfd195ae7de.jpg,
artek-zebra-pouch,Pochette Zebra,1,variante,oui,25 × 17 cm,2637,2637,Pochette Zebra — Artek,packshot-ba7e1329eae3a6fb3cc0354846d09b7f.png,
artek-zebra-pouch,Pochette Zebra,2,galerie,,,2000,2000,Pochette Zebra — Artek,Artek-Zebra-Pouch-S-_-L_web.jpg,
artek-zebra-pouch,Pochette Zebra,3,variante,,"29,5 × 22 cm",3000,3000,Pochette Zebra — Artek,Artek-Zebra-Pouch-L_web.jpg,
artek-zebra-pouch,Pochette Zebra,4,galerie,,,2962,2000,Pochette Zebra — Artek,Artek-Zebra-Group_web_bba42075-703d-49d3-8df0-b5c40db61497.jpg,
artek-webbing,Sangle en lin (au mètre),1,variante,oui,Naturel/blanc,447,447,Sangle en lin (au mètre) — Naturel/blanc,packshot-7f232f7c47fae2b90adf2b23e24a8a76.png,
artek-webbing,Sangle en lin (au mètre),2,variante,,Naturel/rouge,500,500,Sangle en lin (au mètre) — Naturel/rouge,Artek-Webbing-natural_red_web.jpg,
artek-webbing,Sangle en lin (au mètre),3,variante,,Naturel/noir,500,500,Sangle en lin (au mètre) — Naturel/noir,Artek-Webbing-natural_black_web.jpg,
artek-webbing,Sangle en lin (au mètre),4,variante,,Noir/noir,500,500,Sangle en lin (au mètre) — Noir/noir,Artek-Webbing-black_black_web.jpg,
artek-webbing,Sangle en lin (au mètre),5,variante,,Noir/marron,500,500,Sangle en lin (au mètre) — Noir/marron,Artek-Webbing-black_brown_web.jpg,
artek-webbing,Sangle en lin (au mètre),6,variante,,Noir/bleu,500,500,Sangle en lin (au mètre) — Noir/bleu,Artek-Webbing-black_blue_web.jpg,
artek-webbing,Sangle en lin (au mètre),7,galerie,,,1200,1200,Sangle en lin (au mètre) — Artek,Chair_611_clear_lacquer_natural_black_webbing_web.jpg,
artek-webbing,Sangle en lin (au mètre),8,galerie,,,1200,1200,Sangle en lin (au mètre) — Artek,Chair_611_clear_lacquered_natural_red_webbing_3_web.jpg,
artek-zebra-fabric,Tissu Zebra (au mètre),1,variante,oui,Default Title,1523,1523,Tissu Zebra (au mètre) — Artek,packshot-25b0ec7a713d61ee1935a61040315129.png,
artek-zebra-fabric,Tissu Zebra (au mètre),2,galerie,,,1500,1201,Tissu Zebra (au mètre) — Artek,artek-zebra-fabric_web.jpg,
artek-h55-fabric,Tissu H55 (au mètre),1,variante,oui,Default Title,543,313,Tissu d'ameublement H55 noir et blanc — Artek,artek-artek-h55-fabric-00.png,
artek-felt-glides,Patins feutre (Lot de 4),1,variante,oui,LG60 (17 × 30 mm) | LG80 (22 × 45 mm) | LG83 (28 × 52 mm),814,814,Patins feutre (Lot de 4) — Artek,packshot-9ad616a474e7fab12b4b2c552e78a4a2.png,
artek-armchair-45,Fauteuil 45,1,variante,oui,"Teinté miel, sangle naturel/rouge, accoudoirs nus",2022,2022,"Fauteuil 45 — Teinté miel, sangle naturel/rouge, accoudoirs nus",packshot-0a99bc525e2b143c52b33082e9a0d386.png,
artek-armchair-45,Fauteuil 45,2,galerie,,,2000,2000,Fauteuil 45 — Artek,9427091_Artek-Crafted-Through-Time-In-situ-Armchair-45_master_61154d93-96ac-4993-a443-fd7a37906d7e.jpg,
artek-armchair-45,Fauteuil 45,3,galerie,,,1600,1600,Fauteuil 45 — Artek,9427134_Artek-Crafted-Through-Time-In-situ-II-Armchair-45_-Domus-Chair_-Aalto-Table-83_master_2d95ed82-191b-494c-96dd-b20f66c118d2.jpg,
artek-armchair-45,Fauteuil 45,4,galerie,,,1000,1000,Fauteuil 45 — Artek,Artek-Crafted-Through-Time-in-situ-Armchair-45-envy-olive-leather-flatwrap-stool-60-light-A811_web_95221f06-adc0-4608-9eca-32a5dfb81a86.jpg,
artek-armchair-45,Fauteuil 45,5,galerie,,,1000,1000,Fauteuil 45 — Artek,Artek-Crafted-Through-Time-in-situ-armchair-45-leaf-spectrum-leather-rattan_web_57c44e1f-8d99-4a38-a428-ce40a47614fb.jpg,
artek-armchair-45,Fauteuil 45,6,galerie,,,1000,1000,Fauteuil 45 — Artek,Artek-S2-2024-Crafted-Through-Time-in-situ-white-and-black-webbing-pair-hires_web_e347f063-a920-4474-91c3-474b1dbe285a.jpg,
artek-armchair-45,Fauteuil 45,7,galerie,,,1000,1000,Fauteuil 45 — Artek,Artek-Crafted-Through-Time-in-situ-armchair-45-walnut-stained-natural-white-webbing_web_94c1abb5-9295-419e-a4a6-b14603012cc4.jpg,
artek-armchair-45,Fauteuil 45,8,galerie,,,1000,1000,Fauteuil 45 — Artek,Artek-S2-2024-Crafted-Through-Time-in-situ-armchair-45-envy-olive-quilted-leather-flatwrap-armrests-detail_web_fbc0123b-6e61-405a-9369-39687d67cb47.jpg,
artek-armchair-45,Fauteuil 45,9,galerie,,,1000,1000,Fauteuil 45 — Artek,Artek-S2-2024-Crafted-Through-Time-in-situ-white-and-pink-webbing-detail_web_fdc1430e-79eb-46f2-ae16-3b26dba907b3.jpg,
artek-armchair-45,Fauteuil 45,10,variante,,"Teinté noyer, sangle naturel/blanc, accoudoirs nus",2000,2000,"Fauteuil 45 — Teinté noyer, sangle naturel/blanc, accoudoirs nus",Armchair-45-walnut-stained_-linen-webbing-naturalwhite_-bare-armrests-cut-out_web_f484e420-53f0-4e6d-a425-75be904744b1.jpg,
artek-armchair-45,Fauteuil 45,11,variante,,"Laqué noir, sangle noir/bleu, accoudoirs gainés cuir Prestige noir",2000,2000,"Fauteuil 45 — Laqué noir, sangle noir/bleu, accoudoirs gainés cuir Prestige noir",Armchair-45-black-lacquered_-linen-webbing-blackblue_-leather-flat-wrap-armrests-cut-out_web_71e2eeb1-6c97-4762-8f96-b7c3b66e3637.jpg,
artek-armchair-45,Fauteuil 45,12,variante,,"Verni transparent, sangle naturel/noir, accoudoirs rotin",2000,2000,"Fauteuil 45 — Verni transparent, sangle naturel/noir, accoudoirs rotin",Armchair-45-clear-lacquered_-linen-webbing-naturalblack_-rattan-armrests-cut-out_web_118fbfa1-175c-48f8-87a6-8f8ae34d76b5.jpg,
artek-armchair-45,Fauteuil 45,13,variante,,"Laqué noir, cuir capitonné Prestige noir, accoudoirs gainés cuir Prestige noir",2000,2000,"Fauteuil 45 — Laqué noir, cuir capitonné Prestige noir, accoudoirs gainés cuir Prestige noir",Armchair-45-black-lacquered_-quilted-leather-black_-leather-flat-wrap-armrests-cut-out_web_c455c8a5-46ea-47c7-a7be-67e691b7ee0f.jpg,
artek-armchair-45,Fauteuil 45,14,variante,,"Teinté noyer, cuir capitonné Envy olive, accoudoirs gainés cuir Envy olive",2000,2000,"Fauteuil 45 — Teinté noyer, cuir capitonné Envy olive, accoudoirs gainés cuir Envy olive",Armchair-45-walnut-stained_-quilted-leather-olive_-leather-flat-wrap-armrests-cut-out_web_6571f548-992f-47a1-98ba-c077cdc56cfe.jpg,
artek-armchair-45,Fauteuil 45,15,variante,,"Teinté miel, cuir capitonné Spectrum leaf, accoudoirs rotin",2000,2000,"Fauteuil 45 — Teinté miel, cuir capitonné Spectrum leaf, accoudoirs rotin",Armchair-45-honey-stained_-quilted-leather-leaf_-rattan-armrests-cut-out_web_93e58069-92d3-41c8-a468-0b50f1979799.jpg,
artek-armchair-45,Fauteuil 45,16,variante,,"Verni transparent, cuir capitonné Elegance noyer, accoudoirs enroulés cuir Elegance noyer",2000,2000,"Fauteuil 45 — Verni transparent, cuir capitonné Elegance noyer, accoudoirs enroulés cuir Elegance noyer",Armchair-45-clear-lacquered_-quilted-leather-cognac_-leather-winding-armrests-cut-out_web_2dde4648-2eb1-4885-a77a-5fe08f56d8f8.jpg,
artek-armchair-45,Fauteuil 45,17,galerie,,,1000,1000,Fauteuil 45 — Artek,Artek-Crafted-Through-Time-Collection-in-situ-Armchair-45-birch-natural-webbing-rattan-armrests_web_bfb46016-248e-4a7a-a0ec-c7174fdad234.jpg,
artek-armchair-45,Fauteuil 45,18,galerie,,,1000,1000,Fauteuil 45 — Artek,Artek-Crafted-Through-Time-in-situ-armchair-45-black-blue-webbing-flat-wrap_web_75250c05-3b0d-4d69-8c5f-1743d4d584eb.jpg,
artek-bench-167,Banc 167,1,variante,oui,Laqué noir — cuir Prestige cognac,2335,2335,Banc 167 — Laqué noir — cuir Prestige cognac,packshot-396daac6fd81ef4a71b5d349a3e3d453.png,
artek-bench-167,Banc 167,2,galerie,,,1500,1127,Banc 167 — Artek,Bench-167_leather-upholstery_black.web.jpg,"[moyen] Les ambiances #2 et #3 montrent un banc 167 en cuir noir sur pieds noirs, une couleur de cuir non proposée : seul le cuir Prestige cognac est vendu."
artek-bench-167,Banc 167,3,galerie,,,1500,1500,Banc 167 — Artek,Bench-167_leather-upholstery_web.jpg,
artek-bench-167,Banc 167,4,variante,,Bouleau — cuir Prestige cognac,2000,2000,Banc 167 — Bouleau — cuir Prestige cognac,Bench-167-legs-clear-lacquered_-upholstered-leather_cut-out_web.jpg,
artek-bench-167,Banc 167,5,variante,,Laqué blanc — cuir Prestige cognac,2000,2000,Banc 167 — Laqué blanc — cuir Prestige cognac,Bench-167-legs-white-lacquered_-upholstered-leather_cut-out_web.jpg,
artek-kiki-bench-1-seater,Banc Kiki 1 place,1,variante,oui,Tissu F40 | Tissu F60 | Tissu F80 | Tissu F100 | Tissu F140 | Tissu F200,485,485,Banc Kiki 1 place — Tissu F40,packshot-c9a481124c04684ec4b7804b0305d3d7.png,"[élevé] Les photos de variantes montrent des coloris précis (tissu : #1 packshot 485×485, tissu gris ; cuir : indian red (#3)) pour des classes de prix entières. Le client choisit « Cuir L60 » et voit un cuir indian red qu'il ne recevra pas forcément."
artek-kiki-bench-1-seater,Banc Kiki 1 place,2,galerie,,,2000,2500,Banc Kiki 1 place — Artek,Artek-Office-Oy_Helsinki_photo_Tuomas-Uusheimo_027-2355920.jpg,
artek-kiki-bench-1-seater,Banc Kiki 1 place,3,variante,,Cuir L40 | Cuir L60,1200,800,Banc Kiki 1 place — Cuir L40,Kiki-Bench-1-Seater-Seat-leather-upholstery-indian-red-2494539.jpg,"[faible] La photo cuir #3 (1200×800) montre le banc tout petit au centre d'un grand fond blanc ; une fois recadrée en carré, elle rend peu."
artek-kiki-bench-2-seater,Banc Kiki 2 places,1,variante,oui,Tissu F40 | Tissu F60 | Tissu F80 | Tissu F100 | Tissu F140 | Tissu F200,1434,1434,Banc Kiki 2 places — Tissu F40,packshot-8843f1108a7d6a9050222c09a5f64184.png,"[élevé] Les photos de variantes montrent des coloris précis (tissu : #1 packshot, tissu crème ; cuir : mocca (#2)) pour des classes de prix entières. Le client choisit « Cuir L60 » et voit un cuir mocca qu'il ne recevra pas forcément."
artek-kiki-bench-2-seater,Banc Kiki 2 places,2,variante,,Cuir L40 | Cuir L60,1200,800,Banc Kiki 2 places — Cuir L40,Kiki-Bench-Seater-Seat-leather-upholstery-mocca-2494537_8cf48e85-442a-4fc6-9e74-0b87d36275fe.jpg,
artek-kiki-bench-2-seater,Banc Kiki 2 places,3,galerie,,,1200,800,Banc Kiki 2 places — Artek,Kiki-Bench-2-Seater-yellow-upholstery-2413837_068b9ceb-dbad-4ca1-8cec-7f58c63bc530.jpg,[faible] La galerie #3 (« yellow upholstery ») est un packshot crème presque identique à la photo principale #1 : pas une ambiance.
artek-kiki-bench-3-seater,Banc Kiki 3 places,1,variante,oui,Tissu F40 | Tissu F60 | Tissu F80 | Tissu F100 | Tissu F140 | Tissu F200,1433,1433,Banc Kiki 3 places — Tissu F40,packshot-cd3d8d43681a3192fb20eb80091f2a4f.png,"[élevé] Les photos de variantes montrent des coloris précis (tissu : #1 packshot, assise noire ; cuir : walnut (#2)) pour des classes de prix entières. Le client choisit « Cuir L60 » et voit un cuir walnut qu'il ne recevra pas forcément. | [faible] Le packshot « tissu » #1 montre une assise noire unie, qui pourrait être du cuir noir (à confirmer)."
artek-kiki-bench-3-seater,Banc Kiki 3 places,2,variante,,Cuir L40 | Cuir L60,1200,800,Banc Kiki 3 places — Cuir L40,Kiki-Bench-3-Seater-leather_sorensen_walnut-2413838_206455e1-6c61-4391-8b66-e91d7a0718b8.jpg,
artek-domus-chair-seat-upholstered,Chaise Domus assise rembourrée,1,variante,oui,Bouleau — cuir noir,2160,2160,Chaise Domus assise rembourrée — Bouleau — cuir noir,packshot-abf65b5d684d2fb987e57f0ab8fefbd5.png,
artek-domus-chair-seat-upholstered,Chaise Domus assise rembourrée,2,galerie,,,1500,1500,Chaise Domus assise rembourrée — Artek,Domus_Chair_clear_oak_leather_upholstered_Kaari_Table_natural_varnished_oak_web.jpg,
artek-domus-chair-seat-upholstered,Chaise Domus assise rembourrée,3,galerie,,,1500,1500,Chaise Domus assise rembourrée — Artek,Domus_Chair_clear_oak_leather_upholstered_3_web.jpg,
artek-domus-chair-seat-upholstered,Chaise Domus assise rembourrée,4,variante,,Teinté noir — cuir noir,2000,2000,Chaise Domus assise rembourrée — Teinté noir — cuir noir,Domus-Chair-legs-black-stained-birch_seat-leather-black_web.jpg,
artek-domus-chair-seat-upholstered,Chaise Domus assise rembourrée,5,variante,,Chêne — cuir noir,2000,2000,Chaise Domus assise rembourrée — Chêne — cuir noir,Domus-Chair-legs-clear-laquered-oak_seat-leather-black_web.jpg,
artek-rival-chair-kg002,Chaise de bureau Rival KG002,1,variante,oui,Maille 3D gris clair/crème,2039,2039,Chaise de bureau Rival KG002 — Maille 3D gris clair/crème,packshot-9cca8a0aa937b7aabcaebf0335623f49.png,"[critique] La photo principale, liée à « Maille 3D gris clair/crème », montre une assise en cuir lisse caramel sur structure bouleau naturel et coque blanche : ce n'est pas du tricot 3D. Le client qui choisit cette variante voit un cuir caramel."
artek-rival-chair-kg002,Chaise de bureau Rival KG002,2,galerie,,,1500,1500,Chaise de bureau Rival KG002 — Artek,Tupla-Kaari-Wall-Shelf-Rival-Chair-Riihitie-A-white_web.jpg,
artek-rival-chair-kg002,Chaise de bureau Rival KG002,3,galerie,,,1500,1500,Chaise de bureau Rival KG002 — Artek,Aalto-table-rectangular-80B_black-linoleum_Rival-Chair-analogue_web_642d82e4-a60a-4c05-b3e8-eff65bce1d29.jpg,
artek-rival-chair-kg002,Chaise de bureau Rival KG002,4,galerie,,,1500,1500,Chaise de bureau Rival KG002 — Artek,Rival-Chair-Oliver-Hooson_web.jpg,
artek-rival-chair-kg002,Chaise de bureau Rival KG002,5,galerie,,,1500,1500,Chaise de bureau Rival KG002 — Artek,Rival-Chair_-Screen100_AaltoTable_StoolE60-Stool60_GreigePoster_Armchair41_A110HandGrenade-OliverHooson_web.jpg,
artek-rival-chair-kg002,Chaise de bureau Rival KG002,6,variante,,Cuir caramel naturel,2000,2000,Chaise de bureau Rival KG002 — Cuir caramel naturel,Rival-Chair-KG002-Legs-and-backrest-asphalt-lacquered-seat-upholstery-leather-Natural-caramel_web.jpg,
artek-rival-chair-kg002,Chaise de bureau Rival KG002,7,variante,,Cuir noir premium,2000,2000,Chaise de bureau Rival KG002 — Cuir noir premium,Rival-Chair-KG002-Legs-and-backrest-natural-lacquered-seat-upholstery-leather-Premium-nero_web.jpg,
artek-rival-chair-kg002,Chaise de bureau Rival KG002,8,galerie,,,2000,2000,Chaise de bureau Rival KG002 — Artek,Rival-Chair-KG002-Legs-and-backrest-asphalt-lacquered-seat-upholstery-leather-Premium-nero_web.jpg,
artek-rival-chair-kg002,Chaise de bureau Rival KG002,9,galerie,,,2000,2000,Chaise de bureau Rival KG002 — Artek,Rival-Chair-KG002-Legs-and-backrest-white-lacquered-seat-upholstery-leather-Natural-caramel_web.jpg,
artek-rival-chair-kg002,Chaise de bureau Rival KG002,10,galerie,,,2000,2000,Chaise de bureau Rival KG002 — Artek,Rival-Chair-KG002-Legs-and-backrest-white-lacquered-seat-upholstery-leather-Premium-nero_web.jpg,
artek-rival-chair-kg002,Chaise de bureau Rival KG002,11,galerie,,,1500,1500,Chaise de bureau Rival KG002 — Artek,Aalto-table-rectangular-80B_black-linoleum_Rival-Chair_2_web.jpg,
artek-rival-chair-kg002,Chaise de bureau Rival KG002,12,variante,,Maille 3D noir/blanc,3361,3361,Chaise de bureau Rival KG002 — maille 3D noir/blanc,packshot-2f925ce125cc398cbfabd6f6f264a795.png,
artek-armchair-400,Fauteuil 400 Tank,1,variante,oui,Bouleau — tissu Zebra,1748,1748,Fauteuil 400 Tank — Artek,packshot-bfe534eb76cc6b2e74c4267aab75a003.png,
artek-armchair-400,Fauteuil 400 Tank,2,galerie,,,1200,1200,Fauteuil 400 Tank — Artek,artek-armchair-400-birch-zebra-floor-light-a805-stool-60.jpg,
artek-armchair-400,Fauteuil 400 Tank,3,galerie,,,2000,2000,Fauteuil 400 Tank — Artek,Artek_400_birch_walnut_Vidar_0972_3_web.jpg,
artek-armchair-400,Fauteuil 400 Tank,4,galerie,,,2000,2000,Fauteuil 400 Tank — Artek,Artek_401_birch_honey_Vidar_0323_400_birch_natural_Nubia_02_web.jpg,
artek-armchair-400,Fauteuil 400 Tank,5,variante,,Bouleau — tissu Nubia blanc naturel,2000,2000,Fauteuil 400 Tank — Bouleau — tissu Nubia blanc naturel,Artek-400_birch_natural_Nubia_cut-out_web.pg.jpg,
artek-armchair-400,Fauteuil 400 Tank,6,variante,,Teinté noyer — tissu Vidar vert foncé,2000,2000,Fauteuil 400 Tank — Teinté noyer — tissu Vidar vert foncé,Artek-400_birch_walnut_Vidar_cut-out_web.jpg,
artek-armchair-400,Fauteuil 400 Tank,7,galerie,,,2000,2000,Fauteuil 400 Tank — Artek,Armchair-400-_Tank_-Zebra-fabric_web.jpg,
artek-armchair-401,Fauteuil 401,1,variante,oui,Bouleau — tissu Polo,1798,1798,Fauteuil 401 — Artek,packshot-d4fe9533c9e911874127d83eb8ed4d19.png,
artek-armchair-401,Fauteuil 401,2,galerie,,,2000,2000,Fauteuil 401 — Bouleau — tissu Polo,Artek_401_birch_natural_Polo_web.jpg,
artek-armchair-401,Fauteuil 401,3,galerie,,,2000,2000,Fauteuil 401 — Artek,Artek_402_birch_honey_Zebra_401_birch_natural_Vidar_0511_web.jpg,
artek-armchair-401,Fauteuil 401,4,variante,,Bouleau — tissu Vidar blanc,2000,2000,Fauteuil 401 — Bouleau — tissu Vidar blanc,Artek-401_birch_natural_Vidar_cut-out_web.jpg,
artek-armchair-402,Fauteuil 402,1,variante,oui,Teinté miel — tissu Zebra,1642,1642,Fauteuil 402 — Teinté miel — tissu Zebra,packshot-562e3fb5f75356959bcf1e37ab946b8d.png,
artek-armchair-402,Fauteuil 402,2,galerie,,,2000,2000,Fauteuil 402 — Artek,Artek_402_birch_honey_Zebra_1_web.jpg,
artek-armchair-402,Fauteuil 402,3,galerie,,,2000,2000,Fauteuil 402 — Artek,Artek_402_birch_honey_Zebra_401_birch_natural_Vidar_0511_web_cc4ed924-a707-467e-816a-cafcf5f37096.jpg,
artek-armchair-402,Fauteuil 402,4,variante,,Bouleau — tissu Nubia blanc naturel,2000,2000,Fauteuil 402 — Bouleau — tissu Nubia blanc naturel,Artek-402_birch_natural_Nubia_cut-out_web.jpg,
artek-armchair-402,Fauteuil 402,5,variante,,Bouleau — tissu Polo,2000,2000,Fauteuil 402 — Artek,Armchair_402_striped_fabric_web.jpg,
artek-day-bed-710-frame,Lit de repos 710,1,variante,oui,Default Title,1350,1350,Lit de repos 710 — Artek,packshot-b0f5be4952e3aa4e773a6aaa281f7401.png,"[critique] La photo principale #1 et la photo #2 montrent le Day Bed 710 garni d'un matelas et de coussins de dossier (bleus sur #1, gris clair sur #2). La fiche ne vend que le cadre en bouleau à lattes : le client voit un canapé-lit complet et reçoit un cadre nu."
artek-day-bed-710-frame,Lit de repos 710,2,galerie,,,1200,800,Lit de repos 710 — Artek,Day-Bed-710-Hallingdal65_110_light_grey_-2413835_cdfb602b-37fe-44eb-ad2d-ea72dba35f5c.jpg,
artek-domus-lounge-chair-upholstered,Fauteuil Domus rembourré,1,variante,oui,Laqué noir — cuir noir,1679,1679,Fauteuil Domus rembourré — Laqué noir — cuir noir,packshot-561f583e856d9d5931d7088ce8cd6432.png,
artek-domus-lounge-chair-upholstered,Fauteuil Domus rembourré,2,variante,,Chêne — cuir noir,2000,2000,Fauteuil Domus rembourré — Artek,2561116_Domus-Lounge-Chair-clear-laquered-birch_leather-upholstery_webjpg.jpg,
artek-kaari-desk-reb005,Bureau Kaari REB005 150 × 65 cm,1,variante,oui,Chêne — lamifié noir brillant,3270,3270,Bureau Kaari REB005 150 × 65 cm — Chêne — lamifié noir brillant,packshot-52d6c6be65bedd0f82139c097f3bca1e.png,
artek-kaari-desk-reb005,Bureau Kaari REB005 150 × 65 cm,2,galerie,,,2000,2000,Bureau Kaari REB005 150 × 65 cm — Artek,Kaari_Desk_clear_varnish_Stool_60_black_lacquer_web.jpg,"[faible] Alts génériques ; #4 est une ambiance « Screen 100B » où le bureau est visible derrière le paravent."
artek-kaari-desk-reb005,Bureau Kaari REB005 150 × 65 cm,3,galerie,,,2000,2000,Bureau Kaari REB005 150 × 65 cm — Artek,Aslak_Chair_Pendant_Light_AMA500_Kaari_Desk_web.jpg,
artek-kaari-desk-reb005,Bureau Kaari REB005 150 × 65 cm,4,galerie,,,2000,2000,Bureau Kaari REB005 150 × 65 cm — Artek,Artek-Gems-from-the-Archive-In-situ-Screen-100B_web_4d88b96d-7f02-403b-bbf6-39b6b77eef14.jpg,
artek-kaari-desk-reb005,Bureau Kaari REB005 150 × 65 cm,5,variante,,Chêne — linoléum noir,3000,3000,Bureau Kaari REB005 150 × 65 cm — Chêne — linoléum noir,Kaari-Desk-REB005-natural-oak-black-Linoleum_web.jpg,
artek-kaari-desk-reb005,Bureau Kaari REB005 150 × 65 cm,6,variante,,Chêne noir — lamifié noir brillant,3000,3000,Bureau Kaari REB005 150 × 65 cm — Chêne noir — lamifié noir brillant,Kaari-Desk-REB005-black-oak-black-HPL_web.jpg,
artek-kaari-desk-reb005,Bureau Kaari REB005 150 × 65 cm,7,variante,,Chêne noir — linoléum noir,3000,3000,Bureau Kaari REB005 150 × 65 cm — Chêne noir — linoléum noir,Kaari-Desk-REB005-black-oak-black-Linoleum_web.jpg,
artek-kaari-desk-reb005,Bureau Kaari REB005 150 × 65 cm,8,galerie,,,2000,2000,Bureau Kaari REB005 150 × 65 cm — Artek,artek_kaari_desk_REB005_web.jpg,
artek-kaari-reb006,Console murale Kaari REB006,1,variante,oui,Chêne — linoléum noir,2957,2957,Console murale Kaari REB006 — Chêne — linoléum noir,packshot-e84ab3ca9445c69c7839832dd2ad7c00.png,
artek-kaari-reb006,Console murale Kaari REB006,2,galerie,,,1200,1200,Console murale Kaari REB006 — Artek,Kaari-Wall-Console-REB006-Kanto-Pendant-Light-A440-Domus-Chair_3_web_0a4f4986-1e1b-4f31-b1fd-ea9f6c77484d.jpg,"[faible] Alts génériques ; #2 1200 px."
artek-kaari-reb006,Console murale Kaari REB006,3,galerie,,,2000,2000,Console murale Kaari REB006 — Artek,Kaari_console_web.jpg,
artek-kaari-reb006,Console murale Kaari REB006,4,variante,,Teinté noir — linoléum noir,2500,2500,Console murale Kaari REB006 — Teinté noir — linoléum noir,Kaari-Wall-Console-REB006-black-oak-black-Linoleum_web.jpg,
artek-kaari-reb006,Console murale Kaari REB006,5,variante,,"Chêne — linoléum rouge, chant noir",2500,2500,"Console murale Kaari REB006 — Chêne — linoléum rouge, chant noir",Kaari-Wall-Console-REB006-black-oak-red-Linoleum_web.jpg,"[critique] La variante à montants chêne naturel affiche #5, qui montre des montants NOIRS (fichier « black-oak-red-Linoleum »)."
artek-kaari-reb006,Console murale Kaari REB006,6,variante,,"Teinté noir — linoléum rouge, chant noir",2500,2500,"Console murale Kaari REB006 — Teinté noir — linoléum rouge, chant noir",Kaari-Wall-Console-REB006-natural-oak-red-Linoleum_web.jpg,"[critique] La variante à montants noirs affiche #6, qui montre des montants en chêne NATUREL (fichier « natural-oak-red-Linoleum »)."
artek-kaari-reb006,Console murale Kaari REB006,7,variante,,"Chêne — linoléum bleu, chant rouge",2500,2500,"Console murale Kaari REB006 — Chêne — linoléum bleu, chant rouge",Kaari-Wall-Console-REB006-natural-oak-blue-Linoleum-red-edge_web.jpg,
artek-kaari-reb006,Console murale Kaari REB006,8,variante,,"Teinté noir — linoléum bleu, chant rouge",2500,2500,"Console murale Kaari REB006 — Teinté noir — linoléum bleu, chant rouge",Kaari-Wall-Console-REB006-black-oak-blue-Linoleum-red-edge_web.jpg,
artek-kaari-reb006,Console murale Kaari REB006,9,galerie,,,2000,2000,Console murale Kaari REB006 — Artek,Kaari-Wall-Console-REB006-Bar-Stool-64_web.jpg,
artek-kaari-table-rectangular-reb001,Table Kaari REB001 200 × 85 cm,1,variante,oui,Chêne — lamifié blanc brillant,3144,3144,Table Kaari REB001 200 × 85 cm — Chêne — lamifié blanc brillant,packshot-e8fad354043f37ed1aa4290c810443c7.png,
artek-kaari-table-rectangular-reb001,Table Kaari REB001 200 × 85 cm,2,galerie,,,2000,2000,Table Kaari REB001 200 × 85 cm — Artek,Atelier_Chair_Kaari_Table_Rectangular_Kiki_Sofa_3_Seater_web_980319d0-2e84-4ec5-bb78-79c3967e6ffa.jpg,
artek-kaari-table-rectangular-reb001,Table Kaari REB001 200 × 85 cm,3,galerie,,,2000,2000,Table Kaari REB001 200 × 85 cm — Artek,Kaari_Table_Domus_Chair_A810_Floor_Light_web_228c4947-4092-4db6-aa22-032d75866749.jpg,
artek-kaari-table-rectangular-reb001,Table Kaari REB001 200 × 85 cm,4,variante,,Chêne — lamifié noir brillant,3000,3000,Table Kaari REB001 200 × 85 cm — Chêne — lamifié noir brillant,Kaari-Table-rectangular-REB001-natural-oak-black-HPL_web.jpg,
artek-kaari-table-rectangular-reb001,Table Kaari REB001 200 × 85 cm,5,variante,,Chêne — linoléum noir,3000,3000,Table Kaari REB001 200 × 85 cm — Chêne — linoléum noir,Kaari-Table-rectangular-REB001-natural-oak-black-Linoleum_web.jpg,
artek-kaari-table-rectangular-reb001,Table Kaari REB001 200 × 85 cm,6,variante,,Chêne noir — lamifié blanc brillant,3000,3000,Table Kaari REB001 200 × 85 cm — Chêne noir — lamifié blanc brillant,Kaari-Table-rectangular-REB001-black-oak-white-HPL_web.jpg,
artek-kaari-table-rectangular-reb001,Table Kaari REB001 200 × 85 cm,7,variante,,Chêne noir — lamifié noir brillant,3000,3000,Table Kaari REB001 200 × 85 cm — Chêne noir — lamifié noir brillant,Kaari-Table-rectangular-REB001-black-oak-black-HPL_web.jpg,
artek-kaari-table-rectangular-reb001,Table Kaari REB001 200 × 85 cm,8,variante,,Chêne noir — linoléum noir,3000,3000,Table Kaari REB001 200 × 85 cm — Chêne noir — linoléum noir,Kaari-Table-rectangular-REB001-black-oak-black-Linoleum_web.jpg,
artek-kaari-table-rectangular-reb002,Table Kaari REB002 240 × 90 cm,1,variante,oui,Chêne — lamifié blanc brillant,3465,3465,Table Kaari REB002 240 × 90 cm — Chêne — lamifié blanc brillant,packshot-1fe80f962ef529c086fef85d433722d4.png,
artek-kaari-table-rectangular-reb002,Table Kaari REB002 240 × 90 cm,2,galerie,,,2000,2000,Table Kaari REB002 240 × 90 cm — Artek,Kaari_Table_Domus_Chair_A810_Floor_Light_web_2d04c5fb-2540-4320-84ae-2d7b634896aa.jpg,[faible] Une seule ambiance (partagée avec REB001/REB012).
artek-kaari-table-rectangular-reb002,Table Kaari REB002 240 × 90 cm,3,variante,,Chêne — lamifié noir brillant,3000,3000,Table Kaari REB002 240 × 90 cm — Chêne — lamifié noir brillant,Kaari-Table-rectangular-REB002-natural-oak-black-HPL_web.jpg,
artek-kaari-table-rectangular-reb002,Table Kaari REB002 240 × 90 cm,4,variante,,Chêne — linoléum noir,3000,3000,Table Kaari REB002 240 × 90 cm — Chêne — linoléum noir,Kaari-Table-rectangular-REB002-natural-oak-black-Linoleum_web.jpg,
artek-kaari-table-rectangular-reb002,Table Kaari REB002 240 × 90 cm,5,variante,,Chêne noir — lamifié blanc brillant,3000,3000,Table Kaari REB002 240 × 90 cm — Chêne noir — lamifié blanc brillant,Kaari-Table-rectangular-REB002-black-oak-white-HPL_web.jpg,
artek-kaari-table-rectangular-reb002,Table Kaari REB002 240 × 90 cm,6,variante,,Chêne noir — lamifié noir brillant,3000,3000,Table Kaari REB002 240 × 90 cm — Chêne noir — lamifié noir brillant,Kaari-Table-rectangular-REB002-black-oak-black-HPL_web.jpg,
artek-kaari-table-rectangular-reb002,Table Kaari REB002 240 × 90 cm,7,variante,,Chêne noir — linoléum noir,3000,3000,Table Kaari REB002 240 × 90 cm — Chêne noir — linoléum noir,Kaari-Table-rectangular-REB002-black-oak-black-Linoleum_web.jpg,
artek-kaari-table-rectangular-reb012,Table Kaari REB012 160 × 80 cm,1,variante,oui,Chêne — lamifié blanc brillant,1800,1800,Table Kaari REB012 160 × 80 cm — Chêne — lamifié blanc brillant,packshot-f857ef0e888fd9c55a4a146a88eb9b7f.png,
artek-kaari-table-rectangular-reb012,Table Kaari REB012 160 × 80 cm,2,galerie,,,1500,1200,Table Kaari REB012 160 × 80 cm — Artek,Atelier_Chair_Kaari_Table_A201_Pendant_Light_web.jpg,[faible] #2 en 1500×1200 avec bandes grises (non carré).
artek-kaari-table-rectangular-reb012,Table Kaari REB012 160 × 80 cm,3,galerie,,,1500,1500,Table Kaari REB012 160 × 80 cm — Artek,Atelier_Chair_Kaari_Table_Rectangular_Kiki_Sofa_3_Seater_web.jpg,
artek-kaari-table-rectangular-reb012,Table Kaari REB012 160 × 80 cm,4,galerie,,,1500,1500,Table Kaari REB012 160 × 80 cm — Artek,Domus_Chair_clear_oak_leather_upholstered_Kaari_Table_natural_varnished_oak_web_8.jpg,
artek-kaari-table-rectangular-reb012,Table Kaari REB012 160 × 80 cm,5,galerie,,,1500,1500,Table Kaari REB012 160 × 80 cm — Artek,Kaari_Table_Domus_Chair_A810_Floor_Light_web_9d383038-2a98-43c5-8015-64151deb7aa3.jpg,
artek-kaari-table-rectangular-reb012,Table Kaari REB012 160 × 80 cm,6,variante,,Chêne — lamifié noir brillant,2000,2000,Table Kaari REB012 160 × 80 cm — Chêne — lamifié noir brillant,Kaari-Table-rectangular-REB012-natural-oak-black-HPL_web.jpg,
artek-kaari-table-rectangular-reb012,Table Kaari REB012 160 × 80 cm,7,variante,,Chêne — linoléum noir,2000,2000,Table Kaari REB012 160 × 80 cm — Chêne — linoléum noir,Kaari-Table-rectangular-REB012-natural-oak-black-Linoleum_web.jpg,
artek-kaari-table-rectangular-reb012,Table Kaari REB012 160 × 80 cm,8,variante,,Chêne noir — lamifié blanc brillant,2000,2000,Table Kaari REB012 160 × 80 cm — Chêne noir — lamifié blanc brillant,Kaari-Table-rectangular-REB012-black-oak-white-HPL_web.jpg,
artek-kaari-table-rectangular-reb012,Table Kaari REB012 160 × 80 cm,9,variante,,Chêne noir — lamifié noir brillant,2000,2000,Table Kaari REB012 160 × 80 cm — Chêne noir — lamifié noir brillant,Kaari-Table-rectangular-REB012-black-oak-black-HPL_web.jpg,
artek-kaari-table-rectangular-reb012,Table Kaari REB012 160 × 80 cm,10,variante,,Chêne noir — linoléum noir,2000,2000,Table Kaari REB012 160 × 80 cm — Chêne noir — linoléum noir,Kaari-Table-rectangular-REB012-black-oak-black-Linoleum_web.jpg,
artek-kaari-table-round-reb003,Table Kaari REB003 Ø 80 cm,1,variante,oui,Chêne — lamifié blanc brillant,2038,2038,Table Kaari REB003 Ø 80 cm — Chêne — lamifié blanc brillant,packshot-8101ae1948a17469b425319511bf7554.png,
artek-kaari-table-round-reb003,Table Kaari REB003 Ø 80 cm,2,variante,,Chêne — lamifié noir brillant,3000,3000,Table Kaari REB003 Ø 80 cm — Chêne — lamifié noir brillant,Kaari-Table-round-REB003-natural-oak-black-HPL_web.jpg,
artek-kaari-table-round-reb003,Table Kaari REB003 Ø 80 cm,3,variante,,Chêne — linoléum noir,3000,3000,Table Kaari REB003 Ø 80 cm — Chêne — linoléum noir,Kaari-Table-round-REB003-natural-oak-black-Linoleum_web.jpg,
artek-kaari-table-round-reb003,Table Kaari REB003 Ø 80 cm,4,variante,,Chêne noir — lamifié blanc brillant,3000,3000,Table Kaari REB003 Ø 80 cm — Chêne noir — lamifié blanc brillant,Kaari-Table-round-REB003-black-oak-white-HPL_web.jpg,
artek-kaari-table-round-reb003,Table Kaari REB003 Ø 80 cm,5,variante,,Chêne noir — lamifié noir brillant,3000,3000,Table Kaari REB003 Ø 80 cm — Chêne noir — lamifié noir brillant,1843724_Kaari-Table-round-REB003-black-oak-black-HPL_master.jpg,
artek-kaari-table-round-reb003,Table Kaari REB003 Ø 80 cm,6,variante,,Chêne noir — linoléum noir,3000,3000,Table Kaari REB003 Ø 80 cm — Chêne noir — linoléum noir,Kaari-Table-round-REB003-black-oak-black-Linoleum_web.jpg,
artek-kaari-table-round-reb003,Table Kaari REB003 Ø 80 cm,7,galerie,,,2560,1333,Table Kaari REB003 Ø 80 cm — Artek,Kaari-Collection-group-picture-1847048.webp,"[faible] Seule ambiance : photo de groupe de la collection Kaari 2560×1333 (webp), la REB003 y est à peine identifiable."
artek-kaari-table-round-reb004,Table Kaari REB004 Ø 110 cm,1,variante,oui,Chêne — lamifié blanc brillant,1700,1700,Table Kaari REB004 Ø 110 cm — Chêne — lamifié blanc brillant,packshot-6885d5a9acdc5103e8dfa585421a6892.png,
artek-kaari-table-round-reb004,Table Kaari REB004 Ø 110 cm,2,galerie,,,2000,2000,Table Kaari REB004 Ø 110 cm — Artek,Atelier_Chair_clear_lacquered_oak_Kaari_Table_round_clear_varnish_web.jpg,
artek-kaari-table-round-reb004,Table Kaari REB004 Ø 110 cm,3,galerie,,,2000,2000,Table Kaari REB004 Ø 110 cm — Artek,artek_kaari_table_web.jpg,
artek-kaari-table-round-reb004,Table Kaari REB004 Ø 110 cm,4,variante,,Chêne noir — linoléum noir,2000,2000,Table Kaari REB004 Ø 110 cm — Chêne — lamifié noir brillant,Kaari-Table-round-REB004-black-oak-black-Linoleum_web.jpg,"[moyen] Alts faux : #4 (chêne noir / linoléum noir) a l'alt « Chêne — lamifié noir brillant » ; #6 (chêne / lamifié noir) l'alt « Chêne noir — lamifié noir brillant » ; #7 et #8 alt générique."
artek-kaari-table-round-reb004,Table Kaari REB004 Ø 110 cm,5,variante,,Chêne noir — lamifié blanc brillant,3000,3000,Table Kaari REB004 Ø 110 cm — Chêne noir — lamifié blanc brillant,Kaari-Table-round-REB004-black-oak-white-HPL_web.jpg,
artek-kaari-table-round-reb004,Table Kaari REB004 Ø 110 cm,6,variante,,Chêne — linoléum noir,2000,2000,Table Kaari REB004 Ø 110 cm — Chêne noir — lamifié noir brillant,Kaari-Table-round-REB004-natural-oak-black-HPL_web.jpg,[critique] La variante linoléum noir affiche #6 = plateau lamifié noir brillant (fichier « natural-oak-black-HPL »).
artek-kaari-table-round-reb004,Table Kaari REB004 Ø 110 cm,7,variante,,Chêne — lamifié noir brillant,2000,2000,Table Kaari REB004 Ø 110 cm — Artek,Kaari-Table-round-REB004-clear-protective-varnish_web.jpg,"[critique] La variante lamifié noir brillant affiche #7 : plateau gris-bleu mat (fichier « clear-protective-varnish »), qui ressemble à du linoléum ; la bonne photo est #6 (chêne naturel, plateau noir brillant, fichier « natural-oak-black-HPL »)."
artek-kaari-table-round-reb004,Table Kaari REB004 Ø 110 cm,8,variante,,Chêne noir — lamifié noir brillant,3000,3000,Table Kaari REB004 Ø 110 cm — Artek,Kaari-Table-round-REB004-black-oak-blue-Linoleum_web.jpg,"[critique] La variante chêne noir / lamifié noir brillant affiche #8 : plateau en linoléum BLEU (fichier « black-oak-blue-Linoleum »), finition non proposée ; aucune photo juste pour cette variante."
artek-kaari-table-square-reb011,Table Kaari REB011 75 × 75 cm,1,variante,oui,Chêne — lamifié blanc brillant,2028,2028,Table Kaari REB011 75 × 75 cm — Chêne — lamifié blanc brillant,packshot-36775793d41a307b57b91568c6ffdde0.png,
artek-kaari-table-square-reb011,Table Kaari REB011 75 × 75 cm,2,variante,,Chêne — lamifié noir brillant,3000,3000,Table Kaari REB011 75 × 75 cm — Chêne — lamifié noir brillant,Kaari_Table_square_legs-natural-oak_top-black-HPL_web.jpg,
artek-kaari-table-square-reb011,Table Kaari REB011 75 × 75 cm,3,variante,,Chêne — linoléum noir,3000,3000,Table Kaari REB011 75 × 75 cm — Chêne — linoléum noir,Kaari_Table_square_legs-natural-oak_top-black-linoleum_web.jpg,
artek-kaari-table-square-reb011,Table Kaari REB011 75 × 75 cm,4,variante,,Chêne noir — lamifié blanc brillant,3000,3000,Table Kaari REB011 75 × 75 cm — Chêne noir — lamifié blanc brillant,Kaari_Table_square_legs-black-laquered-oak_top-white-HPL_web.jpg,
artek-kaari-table-square-reb011,Table Kaari REB011 75 × 75 cm,5,variante,,Chêne noir — lamifié noir brillant,3000,3000,Table Kaari REB011 75 × 75 cm — Chêne noir — lamifié noir brillant,Kaari_Table_square_legs-black-laquered-oak_top-black-HPL_web.jpg,
artek-kaari-table-square-reb011,Table Kaari REB011 75 × 75 cm,6,variante,,Chêne noir — linoléum noir,3000,3000,Table Kaari REB011 75 × 75 cm — Chêne noir — linoléum noir,Kaari_Table_square_legs-black-lacquered-oak_top-black-linoleum_web.jpg,
artek-kaari-table-square-reb011,Table Kaari REB011 75 × 75 cm,7,galerie,,,2000,2000,Table Kaari REB011 75 × 75 cm — Artek,Kaari-Table-square-with-Stool-60-3_web.jpg,
artek-karuselli-lounge-chair,Fauteuil Karuselli,1,variante,oui,Default Title,3275,3275,Fauteuil Karuselli — Artek,packshot-93c47fe7990c8ca29a98bbafc77009ae.png,
artek-karuselli-lounge-chair,Fauteuil Karuselli,2,galerie,,,1200,1200,Fauteuil Karuselli — Artek,Karuselli-Lounge-Chair-black-leather-in-situ_web.jpg,
artek-karuselli-lounge-chair,Fauteuil Karuselli,3,galerie,,,1440,960,Fauteuil Karuselli — Artek,Karuselli-Lounge-Chair-Ottoman-black-leather_web.jpg,
artek-karuselli-ottoman,Repose-pieds Karuselli,1,variante,oui,Default Title,2377,2377,Repose-pieds Karuselli — Artek,packshot-4cb5842592a64e02b0b6ba2ae051e5a7.png,
artek-karuselli-ottoman,Repose-pieds Karuselli,2,galerie,,,1512,1512,Repose-pieds Karuselli en cuir noir — Artek,packshot-32d46bf44faaaa4582f5baa510be4901.png,
artek-karuselli-ottoman,Repose-pieds Karuselli,3,galerie,,,3000,3000,Repose-pieds Karuselli — Artek,Karuselli-Lounge-Chair-black-leather_web_25a97afd-c4a9-4fe8-a017-98321144764d.jpg,
artek-karuselli-ottoman,Repose-pieds Karuselli,4,galerie,,,1440,960,Repose-pieds Karuselli — Artek,Karuselli-Lounge-Chair-Ottoman-black-leather_web_908eb802-2751-4089-8670-2b9395fc3dda.jpg,
artek-kiki-lounge-chair,Fauteuil Kiki,1,variante,oui,Tissu F40 | Tissu F60 | Tissu F80 | Tissu F100 | Tissu F140 | Tissu F200,1009,1009,Fauteuil Kiki — Tissu F40,packshot-ec175e61d79cf0ff49d99d541e69aedd.png,
artek-kiki-lounge-chair,Fauteuil Kiki,2,galerie,,,2994,2000,Fauteuil Kiki — Artek,Kiki_Longe_Chair_Sofa_Table_photo_Mikko_Ryhanen_web_b79b1385-62b9-4930-be3b-90d8b11d9d2e.jpg,
artek-kiki-lounge-chair,Fauteuil Kiki,3,variante,,Cuir L40 | Cuir L60,1200,1200,Fauteuil Kiki — Cuir L40,Kiki-Lounge-Chair-black-leather-upholstery-2931939.jpg,
artek-kiki-lounge-chair,Fauteuil Kiki,4,galerie,,,1200,1200,Fauteuil Kiki — Artek,Kiki-Lounge-Chair-black-upholstery-1848653.jpg,
artek-kiki-sofa-2-seater,Canapé Kiki 2 places,1,variante,oui,Cuir L40,1477,1477,Canapé Kiki 2 places — Cuir L40,packshot-988cd09a5ffbb7657fb1ac850917a010.png,
artek-kiki-sofa-2-seater,Canapé Kiki 2 places,2,galerie,,,2788,2000,Canapé Kiki 2 places — Artek,Kiki_Sofa_2_seater_Lounge_Table_photo_Mikko_Ryhanen_web_57ce0b2b-86c9-4435-b435-e2c765a9630d.jpg,
artek-kiki-sofa-2-seater,Canapé Kiki 2 places,3,variante,,Cuir L60,2000,1333,Canapé Kiki 2 places — Cuir L60,MicrosoftTeams-image-70.png,
artek-kiki-sofa-2-seater,Canapé Kiki 2 places,4,variante,,Tissu F40 | Tissu F60 | Tissu F80 | Tissu F100 | Tissu F140 | Tissu F200,2002,2002,Canapé Kiki 2 places en tissu gris — Artek,packshot-911c16728ac74efc7043f07796680189.png,
artek-kiki-sofa-3-seater,Canapé Kiki 3 places,1,variante,oui,Tissu F40 | Tissu F60 | Tissu F80 | Tissu F100 | Tissu F140 | Tissu F200,1248,1248,Canapé Kiki 3 places — Tissu F40,packshot-06113225870849e586c61893762008c6.png,
artek-kiki-sofa-3-seater,Canapé Kiki 3 places,2,galerie,,,3000,2000,Canapé Kiki 3 places — Artek,Kiki_Sofa_3_Seater_photo_Mikko_Ryhanen_web_05c87724-8f4b-49ab-ab12-04e9d2ec05f8.jpg,
artek-kiki-sofa-3-seater,Canapé Kiki 3 places,3,variante,,Cuir L40,2000,1333,Canapé Kiki 3 places — Cuir L40,MicrosoftTeams-image-72.png,
artek-kiki-sofa-3-seater,Canapé Kiki 3 places,4,variante,,Cuir L60,2000,1333,Canapé Kiki 3 places — Cuir L60,MicrosoftTeams-image-73.png,
cache-pot-riihitie-20-5-x-16-cm,Cache-pot Riihitie 21 × 16 cm,1,variante,oui,A / Blanc,642,642,Cache-pot Riihitie 21 × 16 cm — A / Blanc,packshot-60e6094b3a5b317ecee608ef0a848be5.png,
cache-pot-riihitie-20-5-x-16-cm,Cache-pot Riihitie 21 × 16 cm,2,galerie,,,995,995,Cache-pot Riihitie 21 × 16 cm — Artek,artek-riihitie-plant-pot-a-small-white-interior.jpg,
cache-pot-riihitie-20-5-x-16-cm,Cache-pot Riihitie 21 × 16 cm,3,galerie,,,1200,960,Cache-pot Riihitie 21 × 16 cm — Artek,artek-riihitie-plant-pot-table-97_ca9b9322-217f-4875-8f61-3329411f718b.jpg,
cache-pot-riihitie-20-5-x-16-cm,Cache-pot Riihitie 21 × 16 cm,4,galerie,,,1200,1200,Cache-pot Riihitie 21 × 16 cm — Artek,artek-riihitie-plant-pot-a-white-desk-close-up.jpg,
cache-pot-riihitie-20-5-x-16-cm,Cache-pot Riihitie 21 × 16 cm,5,galerie,,,1200,1200,Cache-pot Riihitie 21 × 16 cm — Artek,artek-riihitie-plant-pot-a-light-grey-stool-60-2nd-cycle.jpg,
cache-pot-riihitie-20-5-x-16-cm,Cache-pot Riihitie 21 × 16 cm,6,galerie,,,1200,1200,Cache-pot Riihitie 21 × 16 cm — Artek,artek-kori-table-light-white-kaari-wall-shelves-riihitie-plant-pot-small-a-white.jpg,
cache-pot-riihitie-20-5-x-16-cm,Cache-pot Riihitie 21 × 16 cm,7,galerie,,,1200,1200,Cache-pot Riihitie 21 × 16 cm — Artek,artek-riihitie-plant-pot-b-blue-small-rivi-tray-interior.jpg,
cache-pot-riihitie-20-5-x-16-cm,Cache-pot Riihitie 21 × 16 cm,8,galerie,,,1200,1200,Cache-pot Riihitie 21 × 16 cm — Artek,artek-riihitie-plant-pot-b-small-light-grey-close-up.jpg,
cache-pot-riihitie-20-5-x-16-cm,Cache-pot Riihitie 21 × 16 cm,9,variante,,A / Bleu,1200,1200,Cache-pot Riihitie 21 × 16 cm — A / Bleu,artek-riihitie-plant-pot-a-small-blue_3e59f974-5cfb-49e5-b831-61bfc348b31d.jpg,
cache-pot-riihitie-20-5-x-16-cm,Cache-pot Riihitie 21 × 16 cm,10,variante,,A / Gris clair,1200,1200,Cache-pot Riihitie 21 × 16 cm — A / Gris clair,artek-riihitie-plant-pot-a-small-light-grey_c5a94f9a-77ae-42f8-9328-7d01fc94d592.jpg,
cache-pot-riihitie-20-5-x-16-cm,Cache-pot Riihitie 21 × 16 cm,11,variante,,B / Blanc,1200,1200,"Cache-pot Riihitie 21 × 16 cm — Forme B, Blanc",artek-riihitie-plant-pot-b-small-white_e5c5943f-a1d7-4f64-a99f-43a788ce89d7.jpg,
cache-pot-riihitie-20-5-x-16-cm,Cache-pot Riihitie 21 × 16 cm,12,variante,,B / Bleu,1200,1200,"Cache-pot Riihitie 21 × 16 cm — Forme B, Bleu",artek-riihitie-plant-pot-b-small-blue_bbb5c398-ebcc-498b-aec4-99f3e83b9796.jpg,
cache-pot-riihitie-20-5-x-16-cm,Cache-pot Riihitie 21 × 16 cm,13,variante,,B / Gris clair,1200,1200,"Cache-pot Riihitie 21 × 16 cm — Forme B, Gris clair",artek-riihitie-plant-pot-b-small-light-grey_27806a6e-3a44-4822-a8ef-608c6afc023c.jpg,
cache-pot-riihitie-28-x-23-cm,Cache-pot Riihitie 28 × 23 cm,1,variante,oui,B / Blanc,858,858,"Cache-pot Riihitie 28 × 23 cm — Forme B, Blanc",packshot-ef433b4c47543baa2383fa6086188320.png,
cache-pot-riihitie-28-x-23-cm,Cache-pot Riihitie 28 × 23 cm,2,galerie,,,1200,1200,Cache-pot Riihitie 28 × 23 cm — Artek,artek-riihitie-plant-pot-b-medium-white-bench-153a-slatted-top-interior.jpg,
cache-pot-riihitie-28-x-23-cm,Cache-pot Riihitie 28 × 23 cm,3,galerie,,,1200,1200,Cache-pot Riihitie 28 × 23 cm — Artek,artek-riihitie-plant-pot-b-small-light-grey-aalto-table-97-chair-611-interior.jpg,[moyen] La galerie #3 montre un pot de PETITE taille : le fichier s'appelle « plant-pot-b-small-light-grey-aalto-table-97-chair-611 ». Elle est présentée comme une ambiance du modèle moyen 28 × 23 cm.
cache-pot-riihitie-28-x-23-cm,Cache-pot Riihitie 28 × 23 cm,4,galerie,,,1200,1200,Cache-pot Riihitie 28 × 23 cm — Artek,artek-bench-153-slatted-top-white-lacquer-riihitie-plant-pot-b-blue-hallway.jpg,
cache-pot-riihitie-28-x-23-cm,Cache-pot Riihitie 28 × 23 cm,5,variante,,B / Bleu,1200,1200,"Cache-pot Riihitie 28 × 23 cm — Forme B, Bleu",artek-riihitie-plant-pot-b-medium-blue_fbd9282e-f8be-4ccd-9b14-9a1b2979f517.jpg,
cache-pot-riihitie-28-x-23-cm,Cache-pot Riihitie 28 × 23 cm,6,variante,,B / Gris clair,1200,1200,"Cache-pot Riihitie 28 × 23 cm — Forme B, Gris clair",artek-riihitie-plant-pot-b-medium-light-grey_8dfa3dbc-44d6-498f-9bcf-d07e674956d2.jpg,
cache-pot-riihitie-40-x-27-cm,Cache-pot Riihitie 40 × 27 cm,1,variante,oui,A / Blanc,1454,1454,"Cache-pot Riihitie 40 × 27 cm — Forme A, Blanc",packshot-c20db9547945bc6e1deb74f3b1f5a697.png,
cache-pot-riihitie-40-x-27-cm,Cache-pot Riihitie 40 × 27 cm,2,galerie,,,995,995,Cache-pot Riihitie 40 × 27 cm — Artek,artek-riihitie-plant-pot-a-large-white-bench-153a-slatted-top-interior.jpg,
cache-pot-riihitie-40-x-27-cm,Cache-pot Riihitie 40 × 27 cm,3,galerie,,,1200,1200,Cache-pot Riihitie 40 × 27 cm — Artek,artek-lounge-chair-43-riihitie-plant-pot-minimalist-living-room-interior.jpg,
cache-pot-riihitie-40-x-27-cm,Cache-pot Riihitie 40 × 27 cm,4,galerie,,,1200,1200,Cache-pot Riihitie 40 × 27 cm — Artek,artek-riihitie-plant-pot-a-large-light-grey-chair-66-blue-lacquer-interior.jpg,
cache-pot-riihitie-40-x-27-cm,Cache-pot Riihitie 40 × 27 cm,5,variante,,A / Bleu,1200,1200,"Cache-pot Riihitie 40 × 27 cm — Forme A, Bleu",artek-riihitie-plant-pot-a-large-blue_064c2953-18a6-4af7-9ed3-2c32ecafc4b8.jpg,
cache-pot-riihitie-40-x-27-cm,Cache-pot Riihitie 40 × 27 cm,6,variante,,A / Gris clair,1200,1200,"Cache-pot Riihitie 40 × 27 cm — Forme A, Gris clair",artek-riihitie-plant-pot-a-large-light-grey_983ce26f-cc66-4790-81a0-9db13ae822ec.jpg,
affiche-paimio-50-x-70-cm,Affiche Paimio 50 × 70 cm,1,variante,oui,Default Title,1293,1293,Affiche Paimio 50 × 70 cm — Artek,packshot-78c290afa1eebfe5ce24237e14ff1f8e.png,
affiche-beehive-50-x-70-cm,Affiche Beehive 50 × 70 cm,1,variante,oui,Default Title,1297,1297,Affiche Beehive 50 × 70 cm — Artek,packshot-4d21eb076acfeea28a44078e269862f9.png,
affiche-tabouret-60-50-x-70-cm,Affiche Tabouret 60 50 × 70 cm,1,variante,oui,Default Title,1297,1297,Affiche Tabouret 60 50 × 70 cm — Artek,packshot-3b4757b32e1329e707287e07f631f066.png,
affiche-aalto-chronology-50-x-70-cm,Affiche Aalto Chronology 50 × 70 cm,1,variante,oui,Default Title,3000,3000,Affiche Aalto Chronology 50 × 70 cm — Artek,Aalto-Chronology-Poster-1848507_web_6420c742-3f95-42ab-8977-1bbf266483d4.jpg,
affiche-75-ans-artek-100-x-140-cm,Affiche 75 ans 100 × 140 cm,1,variante,oui,Default Title,3250,3250,Affiche 75 ans 100 × 140 cm — Artek,packshot-945745af69a0c0f927e2114b6f0c4a36.png,
affiche-80-ans-artek-50-x-70-cm,Affiche 80 ans 50 × 70 cm,1,variante,oui,Default Title,777,777,Affiche 80 ans 50 × 70 cm — Artek,packshot-16ef064f0be9f2259b60024827e674e9.png,[moyen] La principale #1 (777 px) montre des taches blanches floues sur les rayures noires : reflets ou retouche ratée (à confirmer). Le client peut croire l'affiche abîmée ou le motif autre.
affiche-85-ans-artek-50-x-70-cm,Affiche 85 ans 50 × 70 cm,1,variante,oui,Default Title,3000,3000,Affiche 85 ans 50 × 70 cm — Artek,Artek_85_Anniversary_Poster_Karoliina_Hellberg_web_da5a9422-0f2c-4067-ba7b-b0ded1003bb1.jpg,
affiche-85-ans-artek-50-x-70-cm,Affiche 85 ans 50 × 70 cm,2,galerie,,,2000,2000,Affiche 85 ans 50 × 70 cm — Artek,Poster_Artek_85_photo_Nicole_Bachmann_web_e6eb3848-875f-4195-ad0e-497cf376cef0.jpg,
affiche-90-ans-artek-50-x-70-cm,Affiche 90 ans 50 × 70 cm,1,variante,oui,Default Title,1559,1559,Affiche 90 ans 50 × 70 cm — Artek,packshot-577bc465dd179f3fb0a1cae023530550.png,
affiche-90-ans-artek-50-x-70-cm,Affiche 90 ans 50 × 70 cm,2,galerie,,,2000,2000,Affiche 90 ans 50 × 70 cm — Artek,9413565_Artek-90-Anniversary-Poster-in-situ_web_9dc02b3d-5ddd-4818-a3e8-7dc06240156c.jpg,
affiche-90-ans-artek-50-x-70-cm,Affiche 90 ans 50 × 70 cm,3,galerie,,,1200,1200,Affiche 90 ans 50 × 70 cm — Artek,9413562_Artek-90-Anniversary-Posterin-situ_web_0ca56c80-41c2-4f39-aa30-8e530ddb23c5.jpg,
affiche-90-ans-artek-50-x-70-cm,Affiche 90 ans 50 × 70 cm,4,galerie,,,2000,2000,Affiche 90 ans 50 × 70 cm — Artek,9413571_Artek-90-Anniversary-Poster-in-situ_web_bda78ad0-32ac-492c-b7bc-a065f34d38c0.jpg,
affiche-90-ans-artek-50-x-70-cm,Affiche 90 ans 50 × 70 cm,5,galerie,,,1600,2000,Affiche 90 ans 50 × 70 cm — Artek,9413599_Artek-90-Anniversary-Poster_web_ef2ad145-28fe-40c3-91f7-3b42550fc57b.jpg,
affiche-tea-trolley-900-50-x-70-cm,Affiche Tea Trolley 900 50 × 70 cm,1,variante,oui,Default Title,4319,4319,Affiche Tea Trolley 900 beige 50 × 70 cm — Artek,packshot-5ade8b9bc9cb2542e5e0f81f5122b2b1.png,
chaise-de-bar-atelier-h65,Chaise de bar Atelier H65,1,variante,oui,Hêtre,1739,1739,Chaise de bar Atelier H65 — Hêtre,packshot-67589a9add228ec65d8a52541a9698c5.png,
chaise-de-bar-atelier-h65,Chaise de bar Atelier H65,2,galerie,,,1500,1500,Chaise de bar Atelier H65 — Artek,Atelier-Bar-Stool_web_e690873b-9d7d-4e14-85b1-ca342bbaf8f1.jpg,
chaise-de-bar-atelier-h65,Chaise de bar Atelier H65,3,galerie,,,1500,1500,Chaise de bar Atelier H65 — Artek,Atelier_Bar_Stool_65_cm_natural_beech_web_7e3e2501-7803-4f2c-a4ec-fc24356a3cc9.jpg,
chaise-de-bar-atelier-h65,Chaise de bar Atelier H65,4,galerie,,,1500,1500,Chaise de bar Atelier H65 — Artek,Atelier_Bar_Stool_web_38c94329-68ba-4c04-89c7-c2a0fc06e203.jpg,
chaise-de-bar-atelier-h65,Chaise de bar Atelier H65,5,galerie,,,1500,1500,Chaise de bar Atelier H65 — Artek,Atelier_Bar_Stool_natural_oak_and_ash_photo_Erik_Undehn_web_aba80e5f-5d81-4b0e-bbb8-723ea3bbf0a3.jpg,
chaise-de-bar-atelier-h65,Chaise de bar Atelier H65,6,variante,,Frêne,2000,2000,Chaise de bar Atelier H65 — Frêne,Atelier-Bar-Stool-65-cm-ash-natural_web_b0b12f93-912f-4800-812f-99205f5a8b71.jpg,
chaise-de-bar-atelier-h65,Chaise de bar Atelier H65,7,variante,,Chêne,2000,2000,Chaise de bar Atelier H65 — Chêne,Atelier-Bar-Stool-65-cm-oak-natural_web_96615586-07ad-4c6e-a5d5-b4e11866108b.jpg,
chaise-de-bar-atelier-h65,Chaise de bar Atelier H65,8,variante,,Hêtre / laqué noir,2000,2000,Chaise de bar Atelier H65 — Hêtre / laqué noir,Atelier-Bar-Stool-65-cm-beech-black_web_e791e1ea-6787-4880-a296-943090d36c65.jpg,
chaise-de-bar-atelier-h65,Chaise de bar Atelier H65,9,variante,,Hêtre / laqué rouge foncé,2000,2000,Chaise de bar Atelier H65 — Hêtre / laqué rouge foncé,Atelier-Bar-Stool-65-cm-beech-dark-red_web_e96aea44-888a-4f4f-a0a2-634a03f79c02.jpg,
chaise-de-bar-atelier-h65,Chaise de bar Atelier H65,10,variante,,Hêtre / laqué vert,2000,2000,Chaise de bar Atelier H65 — Hêtre / laqué vert,Atelier-Bar-Stool-65-cm-beech-light-green_web_59ef7369-dbaa-4056-8ed8-c85d2389cfe7.jpg,
chaise-de-bar-atelier-h75,Chaise de bar Atelier H75,1,variante,oui,Hêtre,1739,1739,Chaise de bar Atelier H75 — Hêtre,packshot-67589a9add228ec65d8a52541a9698c5_21b2fbde-58ef-4754-b3d9-61a44a813934.png,[critique] Toutes les photos de variante de la version H75 sont celles du tabouret de 65 cm : la photo principale est le même packshot que H65 et les fichiers #6 à #10 s'appellent « Atelier-Bar-Stool-65-cm-… ». Le client voit la version basse et commande la haute.
chaise-de-bar-atelier-h75,Chaise de bar Atelier H75,2,galerie,,,1500,1500,Chaise de bar Atelier H75 — Artek,Atelier-Bar-Stool_web_0f481eaa-2057-4a37-8fdf-dafa89c1f462.jpg,
chaise-de-bar-atelier-h75,Chaise de bar Atelier H75,3,galerie,,,1500,1500,Chaise de bar Atelier H75 — Artek,Atelier_Bar_Stool_65_cm_natural_beech_web_abd91e8a-d59e-42db-8e36-181aad9f4a79.jpg,
chaise-de-bar-atelier-h75,Chaise de bar Atelier H75,4,galerie,,,1500,1500,Chaise de bar Atelier H75 — Artek,Atelier_Bar_Stool_web_ab330d1a-d931-44b9-bebf-eabc11ba1cd5.jpg,
chaise-de-bar-atelier-h75,Chaise de bar Atelier H75,5,galerie,,,1500,1500,Chaise de bar Atelier H75 — Artek,Atelier_Bar_Stool_natural_oak_and_ash_photo_Erik_Undehn_web_fbe58d84-e7c5-4df4-91e7-4a5f9215addf.jpg,
chaise-de-bar-atelier-h75,Chaise de bar Atelier H75,6,variante,,Frêne,2000,2000,Chaise de bar Atelier H75 — Frêne,Atelier-Bar-Stool-65-cm-ash-natural_web_e54e94f8-5e87-4793-9e01-a98e97f28bdf.jpg,
chaise-de-bar-atelier-h75,Chaise de bar Atelier H75,7,variante,,Chêne,2000,2000,Chaise de bar Atelier H75 — Chêne,Atelier-Bar-Stool-65-cm-oak-natural_web_ab7082ad-14e2-4f48-964d-00b3b67f9a34.jpg,
chaise-de-bar-atelier-h75,Chaise de bar Atelier H75,8,variante,,Hêtre / laqué noir,2000,2000,Chaise de bar Atelier H75 — Hêtre / laqué noir,Atelier-Bar-Stool-65-cm-beech-black_web_7837d832-c62f-4a71-a852-885c2f37b91f.jpg,
chaise-de-bar-atelier-h75,Chaise de bar Atelier H75,9,variante,,Hêtre / laqué rouge foncé,2000,2000,Chaise de bar Atelier H75 — Hêtre / laqué rouge foncé,Atelier-Bar-Stool-65-cm-beech-dark-red_web_add66c2a-69ad-4b9c-a46a-7468b7def39b.jpg,
chaise-de-bar-atelier-h75,Chaise de bar Atelier H75,10,variante,,Hêtre / laqué vert,2000,2000,Chaise de bar Atelier H75 — Hêtre / laqué vert,Atelier-Bar-Stool-65-cm-beech-light-green_web_d390a6a0-8147-4516-8a5e-1d3df073ee86.jpg,
chaise-de-bar-64-h65,Chaise de bar 64 H65,1,variante,oui,Bouleau,2079,2079,Chaise de bar 64 H65 — Bouleau,packshot-c401e8317579a1c51012ef6160ea1677.png,"[élevé] La fiche H65 utilise exactement les mêmes 6 photos que la fiche H75, dont deux packshots nommés « Bar-Stool-64-75cm… » (#3 Lamifié blanc, #4 Linoléum noir) : on montre le modèle de 75 cm pour vendre celui de 65 cm (proportions identiques, rapport H/L ≈ 1,65 sur toutes les images)."
chaise-de-bar-64-h65,Chaise de bar 64 H65,2,galerie,,,1500,1500,Chaise de bar 64 H65 — Artek,Bar-Stool-64-black-lacquer_web_2ebe65b5-056e-4bb4-a4ed-76c782223511.jpg,[faible] La galerie #2 (tabouret 64 laqué noir dans une entrée) a l'alt générique « — Artek ».
chaise-de-bar-64-h65,Chaise de bar 64 H65,3,variante,,Lamifié blanc,2000,2000,Chaise de bar 64 H65 — Lamifié blanc,Bar-Stool-64-75cm-legs-birch_top-white-HPL_web_0345f9cc-ad28-41af-98dd-a191d5f30541.jpg,
chaise-de-bar-64-h65,Chaise de bar 64 H65,4,variante,,Linoléum noir,2000,2000,Chaise de bar 64 H65 — Linoléum noir,Bar-Stool-64-75cm-legs-birch_top-black-linoleum_web_47f083c6-9687-40c2-be81-30681255df34.jpg,
chaise-de-bar-64-h65,Chaise de bar 64 H65,5,variante,,Laqué blanc,2000,2000,Chaise de bar 64 H65 — Laqué blanc,Bar-Stool-64-white-lacquered_cut_out_web_8dbaa95b-cd5c-45ac-a966-a39ec686e96b.jpg,
chaise-de-bar-64-h65,Chaise de bar 64 H65,6,variante,,Laqué noir,2000,2000,Chaise de bar 64 H65 — Laqué noir,Bar-Stool-64-black-lacquer_cut_out_web_227de511-3415-4e1f-a519-00dfc8b26155.jpg,
chaise-de-bar-64-h75,Chaise de bar 64 H75,1,variante,oui,Bouleau,2079,2079,Chaise de bar 64 H75 — Bouleau,packshot-c401e8317579a1c51012ef6160ea1677_15645132-6cae-4904-a2a5-9ca0af78c5dc.png,[moyen] Les 6 photos sont identiques à celles de la fiche H65 : rien ne distingue visuellement les deux hauteurs (les fichiers #3 et #4 sont bien des 75 cm).
chaise-de-bar-64-h75,Chaise de bar 64 H75,2,galerie,,,1500,1500,Chaise de bar 64 H75 — Artek,Bar-Stool-64-black-lacquer_web_ddcc2dad-a038-44aa-9996-60f66f9d345a.jpg,[faible] La galerie #2 (tabouret 64 laqué noir dans une entrée) a l'alt générique « — Artek ».
chaise-de-bar-64-h75,Chaise de bar 64 H75,3,variante,,Lamifié blanc,2000,2000,Chaise de bar 64 H75 — Lamifié blanc,Bar-Stool-64-75cm-legs-birch_top-white-HPL_web_9fc89d8e-2eda-4ad7-bb25-886acb01b886.jpg,
chaise-de-bar-64-h75,Chaise de bar 64 H75,4,variante,,Linoléum noir,2000,2000,Chaise de bar 64 H75 — Linoléum noir,Bar-Stool-64-75cm-legs-birch_top-black-linoleum_web_8ca4e42a-52db-45a4-bfc2-653a3c5db81a.jpg,
chaise-de-bar-64-h75,Chaise de bar 64 H75,5,variante,,Laqué blanc,2000,2000,Chaise de bar 64 H75 — Laqué blanc,Bar-Stool-64-white-lacquered_cut_out_web_d114cdc4-0788-47f8-b129-d7d255d5574c.jpg,
chaise-de-bar-64-h75,Chaise de bar 64 H75,6,variante,,Laqué noir,2000,2000,Chaise de bar 64 H75 — Laqué noir,Bar-Stool-64-black-lacquer_cut_out_web_828b93b3-db16-4a98-ae89-ca68444b0c0a.jpg,
table-basse-kiki-60-x-60-cm,Table basse Kiki 60 × 60 cm,1,variante,oui,Noir thermolaquée,1878,1878,Table basse Kiki 60 × 60 cm — Noir thermolaquée,packshot-c66000cf8cee93c24514aec26d577e99.png,
table-basse-kiki-60-x-60-cm,Table basse Kiki 60 × 60 cm,2,galerie,,,1200,800,Table basse Kiki 60 × 60 cm — Artek,Kiki_Sofa_3_Seater_photo_Mikko_Ryhanen_web_c33dad5d-d75e-4094-8687-804d4d174ad3.jpg,"[faible] Une ambiance montre surtout un canapé Kiki ; la table n'y apparaît qu'en coin, coupée."
table-basse-kiki-60-x-60-cm,Table basse Kiki 60 × 60 cm,3,galerie,,,2000,2000,Table basse Kiki 60 × 60 cm — Artek,Kiki-low-table-L-60-cm--High-pressure-laminate_web_d69dc377-8700-46b4-bb6a-6bae553c352a.jpg,
table-basse-kiki-60-x-60-cm,Table basse Kiki 60 × 60 cm,4,galerie,,,2996,2000,Table basse Kiki 60 × 60 cm — Artek,Kiki-Low-Table-Kiki-Sofa_web_9c3818dc-36e6-44e8-8d5d-e94ef3713c12.jpg,
table-basse-kiki-100-x-60-cm,Table basse Kiki 100 × 60 cm,1,variante,oui,Noir thermolaquée,2329,2329,Table basse Kiki 100 × 60 cm — Noir thermolaquée,packshot-ee94a2d81aa55326f2ae960779d809c1.png,
table-basse-kiki-100-x-60-cm,Table basse Kiki 100 × 60 cm,2,galerie,,,2994,2000,Table basse Kiki 100 × 60 cm — Artek,Kiki_Longe_Chair_Sofa_Table_photo_Mikko_Ryhanen_web_3ad46674-f7a6-428c-97be-529c2588b499.jpg,
table-basse-kiki-100-x-60-cm,Table basse Kiki 100 × 60 cm,3,galerie,,,1200,861,Table basse Kiki 100 × 60 cm — Artek,Kiki_Sofa_2_seater_Lounge_Table_photo_Mikko_Ryhanen_web_2a360299-ba1b-46f2-b255-eeb4ade542dd.jpg,
table-basse-kiki-100-x-60-cm,Table basse Kiki 100 × 60 cm,4,galerie,,,1200,800,Table basse Kiki 100 × 60 cm — Artek,Kiki_Sofa_3_Seater_photo_Mikko_Ryhanen_web_fe67f884-a471-40e7-9f6d-a1140b29c447.jpg,"[faible] Une ambiance montre surtout un canapé Kiki ; la table n'y apparaît qu'en coin, coupée."
table-basse-kiki-100-x-60-cm,Table basse Kiki 100 × 60 cm,5,galerie,,,2000,2000,Table basse Kiki 100 × 60 cm — Artek,Kiki-low-table-L-100-cm--Linoleum_web_4599f0f5-38ce-4656-b2d4-ef6263491096.jpg,[moyen] La galerie #5 est un packshot Artek « Linoleum » : un plateau en linoléum qui n'est plus proposé. Il apparaît comme une ambiance et appuie la mention erronée de la description.
table-basse-kiki-140-x-60-cm,Table basse Kiki 140 × 60 cm,1,variante,oui,Noir thermolaquée,3120,3120,Table basse Kiki 140 × 60 cm — Noir thermolaquée,packshot-6253e2dd27c927245d9d4b2a7f3b684b.png,
table-basse-kiki-140-x-60-cm,Table basse Kiki 140 × 60 cm,2,galerie,,,1200,802,Table basse Kiki 140 × 60 cm — Artek,Kiki_Longe_Chair_Sofa_Table_photo_Mikko_Ryhanen_web_fac6dee3-1324-4c83-97e9-a92c4c019963.jpg,
table-basse-kiki-140-x-60-cm,Table basse Kiki 140 × 60 cm,3,galerie,,,1200,861,Table basse Kiki 140 × 60 cm — Artek,Kiki_Sofa_2_seater_Lounge_Table_photo_Mikko_Ryhanen_web_66c7eb68-5292-4b88-a01b-0c56925b78be.jpg,
table-basse-kiki-140-x-60-cm,Table basse Kiki 140 × 60 cm,4,galerie,,,1200,800,Table basse Kiki 140 × 60 cm — Artek,Kiki_Sofa_3_Seater_photo_Mikko_Ryhanen_web_01c72557-f237-4648-aea1-4249f29204ea.jpg,"[faible] Une ambiance montre surtout un canapé Kiki ; la table n'y apparaît qu'en coin, coupée."
