handle,produit,variante,SKU,prix TTC,coût,marge brute % (HT),stock,politique,poids kg,image,alt image,constats
artek-stool-60,Tabouret 60,Bouleau,ART-S60-28000151,274.00,133.34,41.1,0,CONTINUE,4000,packshot-e01e0255019639aedaa350c2702d0f61.png,Tabouret 60 — Bouleau,
artek-stool-60,Tabouret 60,Bouleau sauvage,ART-S60-28000188,274.00,133.34,41.1,0,CONTINUE,4000,artek-stool-60-wild-birch-legs-natural-lacquered-birch-veneer-top.jpg,Tabouret 60 — Bouleau sauvage,
artek-stool-60,Tabouret 60,Lamifié blanc,ART-S60-28000152,304.00,148.09,41.1,0,CONTINUE,4000,artek-stool-60-birch-legs-white-hpl-seat.jpg,Tabouret 60 — Lamifié blanc,
artek-stool-60,Tabouret 60,Linoléum noir,ART-S60-28000153,304.00,148.09,41.1,0,CONTINUE,4000,artek-stool-60-birch-legs-black-linoleum-seat.jpg,Tabouret 60 — Linoléum noir,
artek-stool-60,Tabouret 60,Verni naturel / laqué noir,ART-S60-28000154,299.00,145.73,41.0,0,CONTINUE,4000,artek-stool-60-clear-lacquer-legs-black-top.jpg,Tabouret 60 — Verni naturel / laqué noir,
artek-stool-60,Tabouret 60,Verni naturel / laqué blanc,ART-S60-28000155,299.00,145.73,41.0,0,CONTINUE,4000,artek-stool-60-clear-lacquer-legs-white-top.jpg,Tabouret 60 — Verni naturel / laqué blanc,
artek-stool-60,Tabouret 60,Laqué orange,ART-S60-28000156,299.00,145.73,41.0,0,CONTINUE,4000,artek-stool-60-clear-lacquer-legs-orange-top.jpg,Tabouret 60 — Laqué orange,
artek-stool-60,Tabouret 60,Laqué jaune,ART-S60-28000157,299.00,145.73,41.0,0,CONTINUE,4000,artek-stool-60-clear-lacquer-legs-yellow-top.jpg,Tabouret 60 — Laqué jaune,
artek-stool-60,Tabouret 60,Laqué vert,ART-S60-28000158,299.00,145.73,41.0,0,CONTINUE,4000,artek-stool-60-clear-lacquer-legs-green-top.jpg,Tabouret 60 — Laqué vert,
artek-stool-60,Tabouret 60,Laqué pétrole,ART-S60-28000184,299.00,145.73,41.0,0,CONTINUE,4000,Stool-60-clear-lacquer_-top-petrol_web.jpg,Tabouret 60 — Laqué pétrole,
artek-stool-60,Tabouret 60,Laqué rouge,ART-S60-28000185,299.00,145.73,41.0,1,CONTINUE,4000,Stool-60-clear-lacquer_-top-red_web.jpg,Tabouret 60 — Laqué rouge,[info] 1 en stock : Laqué rouge (ART-S60-28000185) (affiché « À voir en boutique »).
artek-stool-60,Tabouret 60,Laqué bleu,ART-S60-28000186,299.00,145.73,41.0,0,CONTINUE,4000,Stool-60-clear-lacquer_-top-blue_web.jpg,Tabouret 60 — Laqué bleu,
artek-stool-60,Tabouret 60,Laqué gris,ART-S60-28000187,299.00,145.73,41.0,0,CONTINUE,4000,Stool-60-clear-lacquer_-top-grey_web.jpg,Tabouret 60 — Laqué gris,
artek-stool-60,Tabouret 60,Laqué blanc,ART-S60-28000163,321.00,156.35,41.1,0,CONTINUE,4000,artek-stool-60-white-lacquer.jpg,Tabouret 60 — Laqué blanc,
artek-stool-60,Tabouret 60,Laqué noir,ART-S60-28000164,321.00,156.35,41.1,0,CONTINUE,4000,artek-stool-60-black-lacquer.jpg,Tabouret 60 — Laqué noir,
artek-stool-60,Tabouret 60,Teinté noyer,ART-S60-28000171,321.00,156.35,41.1,0,CONTINUE,4000,artek-stool-60-walnut-stain.jpg,Tabouret 60 — Teinté noyer,
artek-stool-60,Tabouret 60,Teinté miel,ART-S60-28000182,321.00,156.35,41.1,0,CONTINUE,4000,artek-stool-60-honey-stain.jpg,Tabouret 60 — Teinté miel,
artek-stool-e60,Tabouret E60,Bouleau,ART-SE60-28000351,311.00,151.63,41.0,0,CONTINUE,5000,packshot-76bca4ffa95ed6008d9355fbf890ca3c.png,Tabouret E60 — Bouleau,[moyen] Alt de l’image de variante « Tabouret E60 — Artek » sans rapport avec la finition « Bouleau sauvage ».
artek-stool-e60,Tabouret E60,Bouleau sauvage,ART-SE60-28000388,311.00,151.63,41.0,0,CONTINUE,5000,artek-stool-e60-wild-birch-natural-lacquered-legs-birch-veneer-top.jpg,Tabouret E60 — Artek,[moyen] Alt de l’image de variante « Tabouret E60 — Artek » sans rapport avec la finition « Bouleau sauvage ».
artek-stool-e60,Tabouret E60,Lamifié blanc,ART-SE60-28000352,342.00,166.38,41.1,0,CONTINUE,5000,artek-stool-e60-white-laminate-top.jpg,Tabouret E60 — Lamifié blanc,
artek-stool-e60,Tabouret E60,Linoléum noir,ART-SE60-28000353,342.00,166.38,41.1,0,CONTINUE,5000,artek-stool-e60-black-linoleum-top.jpg,Tabouret E60 — Linoléum noir,
artek-stool-e60,Tabouret E60,Verni naturel / laqué noir,ART-SE60-28000354,337.00,164.02,41.1,0,CONTINUE,5000,artek-stool-e60-clear-lacquer-legs-black-to.jpg,Tabouret E60 — Verni naturel / laqué noir,
artek-stool-e60,Tabouret E60,Verni naturel / laqué blanc,ART-SE60-28000355,337.00,164.02,41.1,0,CONTINUE,5000,artek-stool-e60-lacquered-birch-legs-white-top.jpg,Tabouret E60 — Verni naturel / laqué blanc,
artek-stool-e60,Tabouret E60,Laqué orange,ART-SE60-28000356,337.00,164.02,41.1,0,CONTINUE,5000,artek-stool-e60-lacquered-birch-legs-paimio-orange-top.jpg,Tabouret E60 — Laqué orange,
artek-stool-e60,Tabouret E60,Laqué jaune,ART-SE60-28000357,337.00,164.02,41.1,0,CONTINUE,5000,artek-stool-e60-lacquered-birch-legs-paimio-yellow-top.jpg,Tabouret E60 — Laqué jaune,
artek-stool-e60,Tabouret E60,Laqué vert,ART-SE60-28000358,337.00,164.02,41.1,0,CONTINUE,5000,artek-stool-e60-lacquered-birch-legs-paimio-green-top.jpg,Tabouret E60 — Laqué vert,
artek-stool-e60,Tabouret E60,Laqué pétrole,ART-SE60-28000384,337.00,164.02,41.1,0,CONTINUE,5000,artek-stool-e60-clear-lacquer-legs-petrol-top.jpg,Tabouret E60 — Laqué pétrole,
artek-stool-e60,Tabouret E60,Laqué rouge,ART-SE60-28000385,337.00,164.02,41.1,0,CONTINUE,5000,artek-stool-e60-clear-lacquer-legs-red-top.jpg,Tabouret E60 — Laqué rouge,
artek-stool-e60,Tabouret E60,Laqué bleu,ART-SE60-28000386,337.00,164.02,41.1,0,CONTINUE,5000,artek-stool-e60-clear-lacquer-legs-blue-top.jpg,Tabouret E60 — Laqué bleu,
artek-stool-e60,Tabouret E60,Laqué gris,ART-SE60-28000387,337.00,164.02,41.1,0,CONTINUE,5000,artek-stool-e60-clear-lacquer-legs-grey-top.jpg,Tabouret E60 — Laqué gris,
artek-stool-e60,Tabouret E60,Laqué blanc,ART-SE60-28000363,365.00,177.59,41.1,0,CONTINUE,5000,artek-stool-e60-white-lacquered.jpg,Tabouret E60 — Laqué blanc,
artek-stool-e60,Tabouret E60,Laqué noir,ART-SE60-28000364,365.00,177.59,41.1,0,CONTINUE,5000,artek-stool-e60-black-lacquered.jpg,Tabouret E60 — Laqué noir,
artek-stool-e60,Tabouret E60,Teinté noyer,ART-SE60-28000365,365.00,177.59,41.1,0,CONTINUE,5000,artek-stool-e60-walnut-stained.jpg,Tabouret E60 — Teinté noyer,
artek-stool-e60,Tabouret E60,Teinté miel,ART-SE60-28000376,365.00,177.59,41.1,0,CONTINUE,5000,artek-stool-e60-honey-stained.jpg,Tabouret E60 — Teinté miel,
artek-childrens-stool-ne60,Tabouret enfant NE60,Bouleau,ART-CSNE60-28000551,311.00,151.63,41.0,0,CONTINUE,0,packshot-49ed1510ff748b7dc9f3d4e320101992.png,Tabouret enfant NE60 — Bouleau,
artek-childrens-stool-ne60,Tabouret enfant NE60,Lamifié blanc,ART-CSNE60-28000552,342.00,166.38,41.1,0,CONTINUE,0,Children_s-Stool-NE60-white-laminate_web.jpg,Tabouret enfant NE60 — Lamifié blanc,
artek-childrens-stool-ne60,Tabouret enfant NE60,Linoléum noir,ART-CSNE60-28000553,342.00,166.38,41.1,0,CONTINUE,0,Children_s-Stool-NE60-black-linoleum_webjpg.jpg,Tabouret enfant NE60 — Linoléum noir,
artek-high-chair-k65,Chaise de bar K65,Bouleau,ART-HCK65-28100651,547.00,266.68,41.0,0,CONTINUE,0,packshot-fe1b27e5b4ce789ef7e23a7de9ae9ba9.png,Chaise de bar K65 — Bouleau,
artek-high-chair-k65,Chaise de bar K65,Lamifié blanc,ART-HCK65-28100652,578.00,281.43,41.1,0,CONTINUE,0,High-Chair-K65-legs-birch_seat-white-HPL_web.jpg,Chaise de bar K65 — Lamifié blanc,
artek-high-chair-k65,Chaise de bar K65,Linoléum noir,ART-HCK65-28100653,578.00,281.43,41.1,0,CONTINUE,0,High-Chair-K65-black-linoleum_web.jpg,Chaise de bar K65 — Linoléum noir,
artek-high-chair-k65,Chaise de bar K65,Laqué blanc,ART-HCK65-28100654,602.00,293.23,41.1,0,CONTINUE,0,High-Chair-K65-white-lacquer_web.jpg,Chaise de bar K65 — Laqué blanc,
artek-high-chair-k65,Chaise de bar K65,Laqué noir,ART-HCK65-28100655,602.00,293.23,41.1,0,CONTINUE,0,High-Chair-K65-black-lacquer_web.jpg,Chaise de bar K65 — Laqué noir,
artek-rocket-bar-stool,Tabouret de bar Rocket,Savonné,ART-RBS-28000703,491.00,238.95,41.1,0,CONTINUE,0,packshot-24295602c3f5871b48b244158eea1f19.png,Tabouret de bar Rocket — Savonné,
artek-rocket-bar-stool,Tabouret de bar Rocket,Laqué blanc,ART-RBS-28000704,491.00,238.93,41.1,0,CONTINUE,3,Rocket-Bar-Stool-white-lacquer_web.jpg,Tabouret de bar Rocket — Laqué blanc,[élevé] Poids d'expédition de 3 g : Laqué blanc (ART-RBS-28000704) (probablement 3 kg saisi en grammes).
artek-rocket-bar-stool,Tabouret de bar Rocket,Laqué noir,ART-RBS-28000705,491.00,238.93,41.1,0,CONTINUE,0,Rocket_Bar_Stool_black_lacquer_webjpg.jpg,Tabouret de bar Rocket — Laqué noir,
artek-table-90d,Table basse 90D,Bouleau,ART-T90D-28302051,621.00,302.67,41.0,0,CONTINUE,0,packshot-6f5e02c679cd6b235b34223c548d4cfe.png,Table basse 90D — Bouleau,"[moyen] « Fabriqué en Finlande » est inexact pour la finition Bouleau : Artek indique que les tables à plateau placage bouleau sont fabriquées en Finlande et en Allemagne. | [faible] Le libellé « Bouleau » ne précise pas le vernis naturel, alors que les fiches voisines écrivent « Verni naturel » ou « Bouleau verni naturel »."
artek-table-90d,Table basse 90D,Lamifié blanc,ART-T90D-28302052,621.00,302.67,41.0,0,CONTINUE,0,2494533_Table-90D_legs-birch_top-white-HPL_master_7fc87f28-021d-4960-9aff-88453e2a2792.jpg,Table basse 90D — Lamifié blanc,
artek-table-90d,Table basse 90D,Linoléum noir,ART-T90D-28302053,621.00,302.67,41.0,0,CONTINUE,0,2494532_Table-90D_legs-birch_top-black-linoleum_master_ac43005c-9c9b-4b21-a789-80ddf02a3976.jpg,Table basse 90D — Linoléum noir,
artek-tea-trolley-900,Table basse Tea Trolley 900,Carrelage céramique blanc,ART-TT900-28301401,4231.00,2062.64,41.0,0,CONTINUE,0,packshot-e14be6d3d0d3bca330023f3d9818e4ed.png,Table basse Tea Trolley 900 — Carrelage céramique blanc,
artek-tea-trolley-900,Table basse Tea Trolley 900,Carrelage céramique noir,ART-TT900-28301402,4231.00,2062.64,41.0,0,CONTINUE,0,Tea-Trolley-900-black-tiles_web.jpg,Table basse Tea Trolley 900 — Carrelage céramique noir,
artek-tea-trolley-901,Table basse Tea Trolley 901,Laqué blanc / lamifié blanc,ART-TT901-28301501,2678.00,1305.67,41.0,0,CONTINUE,0,packshot-845796d56bf4eab8e883eda2b87ba7eb.png,Table basse Tea Trolley 901 — Laqué blanc / lamifié blanc,"[élevé] « Laqué blanc » dans les deux premiers libellés désigne en fait les roues ; la structure est en bouleau verni naturel. Le client peut croire à une structure laquée blanche."
artek-tea-trolley-901,Table basse Tea Trolley 901,Laqué blanc / linoléum noir,ART-TT901-28301502,2678.00,1305.67,41.0,0,CONTINUE,0,Tea-Trolley-901-black-linoleum_web.jpg,Table basse Tea Trolley 901 — Laqué blanc / linoléum noir,"[élevé] « Laqué blanc » dans les deux premiers libellés désigne en fait les roues ; la structure est en bouleau verni naturel. Le client peut croire à une structure laquée blanche."
artek-tea-trolley-901,Table basse Tea Trolley 901,Laqué noir / laqué tourbe / linoléum anthracite / linoléum tourbe,ART-TT901-28301504,2678.00,1305.67,41.0,0,CONTINUE,0,Tea-Trolley-901-black-laquered-dark-version-by-Hella-Jongerius_web.jpg,Table basse Tea Trolley 901 — Laqué noir / laqué tourbe / linoléum anthracite / linoléum tourbe,"[faible] Le libellé de la version sombre est exact, mais long, et ne dit pas qu'il s'agit de la version Hella Jongerius. L'ordre ne suit pas Artek (plateau haut tourbe, bas anthracite)."
artek-side-table-606,Table d'appoint 606,Noir thermolaquée mat / laqué noir,ART-ST606-28300101,380.00,185.26,41.0,0,CONTINUE,0,packshot-4e00d55b96a5def0fb4a329c524d0db6.png,Table d'appoint 606 — Noir thermolaquée mat / laqué noir,
artek-side-table-915,Table d'appoint 915,Laqué blanc,ART-ST915-28302202,1103.00,537.49,41.0,0,CONTINUE,0,packshot-31b944a1c46c52cd80e9c0a67b4e588a.png,Table d'appoint 915 — Laqué blanc,"[faible] « Laqué blanc » et « Laqué noir » ne portent que sur les tablettes ; la structure reste en bouleau naturel. Artek a aussi eu une version entièrement noire, d'où l'ambiguïté."
artek-side-table-915,Table d'appoint 915,Laqué noir,ART-ST915-28302203,1103.00,537.49,41.0,0,CONTINUE,0,Side-Table-915-clear-black-lacquer_web.jpg,Table d'appoint 915 — Laqué noir,"[faible] « Laqué blanc » et « Laqué noir » ne portent que sur les tablettes ; la structure reste en bouleau naturel. Artek a aussi eu une version entièrement noire, d'où l'ambiguïté."
artek-trienna-table,Table basse Trienna,Chêne,ART-TT-28303804,1217.00,592.95,41.0,0,CONTINUE,0,packshot-3add3837eba8255a77bd874b9f9aa976.png,Table basse Trienna — Chêne,"[faible] « Chêne » seul ne dit pas le vernis naturel, contrairement aux deux autres libellés."
artek-trienna-table,Table basse Trienna,Chêne / laqué blanc,ART-TT-28303806,1217.00,592.95,41.0,0,CONTINUE,0,Trienna-Table-oak-white-lacquer_web.jpg,Table basse Trienna — Chêne / laqué blanc,"[faible] « Chêne » seul ne dit pas le vernis naturel, contrairement aux deux autres libellés."
artek-trienna-table,Table basse Trienna,Chêne / teinté noir,ART-TT-28303807,1217.00,592.95,41.0,0,CONTINUE,0,Trienna-Table-oak-black_web.jpg,Table basse Trienna — Chêne / teinté noir,"[faible] « Chêne » seul ne dit pas le vernis naturel, contrairement aux deux autres libellés."
artek-bench-153a,Banc 153A,Bouleau verni naturel / À lattes,ART-B153A-28500651,864.00,421.26,41.0,0,CONTINUE,0,artek-bench-153a-slatted-top-clear-lacquer.jpg,Banc 153A — Bouleau verni naturel / À lattes,
artek-bench-153a,Banc 153A,Bouleau sauvage verni naturel / À lattes,ART-B153A-28500650,864.00,421.26,41.0,0,CONTINUE,0,packshot-1a9424749b95cacb1444d77a24dd61fb.png,Banc 153A — Bouleau sauvage verni naturel / À lattes,
artek-bench-153a,Banc 153A,Laqué blanc / À lattes,ART-B153A-28500652,978.00,476.72,41.0,0,CONTINUE,0,artek-bench-153a-slatted-top-white-lacquer.jpg,Banc 153A — Laqué blanc / À lattes,
artek-bench-153a,Banc 153A,Laqué noir / À lattes,ART-B153A-28500653,978.00,476.72,41.0,0,CONTINUE,0,artek-bench-153a-slatted-top-black-lacquer.jpg,Banc 153A — Laqué noir / À lattes,
artek-bench-153a,Banc 153A,Verni naturel / Massif,ART-B153A-28502351,716.00,348.69,41.1,0,CONTINUE,0,artek-bench-153a-solid-top-clear-lacquer.jpg,Banc 153A — Verni naturel / Massif,"[moyen] La même finition est écrite « Bouleau verni naturel » (à lattes) et « Verni naturel » (plein). Le sélecteur affiche donc 5 finitions × 2 plateaux, soit 10 combinaisons dont 3 grisées. Les seules versions Artek sont 3 finitions × 2 plateaux, plus le bouleau sauvage à lattes, soit 7. | [moyen] « Massif » traduit « solid top » à tort : chez Artek, le plateau plein est en placage de bouleau sur âme contreplaqué et nid d'abeille, alors que c'est le plateau à lattes qui est en bouleau massif."
artek-bench-153a,Banc 153A,Laqué blanc / Massif,ART-B153A-28502352,776.00,378.19,41.0,0,CONTINUE,0,artek-bench-153a-solid-top-white-lacquer.jpg,Banc 153A — Laqué blanc / Massif,"[moyen] « Massif » traduit « solid top » à tort : chez Artek, le plateau plein est en placage de bouleau sur âme contreplaqué et nid d'abeille, alors que c'est le plateau à lattes qui est en bouleau massif."
artek-bench-153a,Banc 153A,Laqué noir / Massif,ART-B153A-28502353,776.00,378.19,41.0,0,CONTINUE,0,artek-bench-153a-solid-top-black-lacquer.jpg,Banc 153A — Laqué noir / Massif,"[moyen] « Massif » traduit « solid top » à tort : chez Artek, le plateau plein est en placage de bouleau sur âme contreplaqué et nid d'abeille, alors que c'est le plateau à lattes qui est en bouleau massif."
artek-bench-153b,Banc 153B,Bouleau verni naturel / À lattes,ART-B153B-28500751,687.00,334.53,41.1,0,CONTINUE,0,packshot-766fc2018676a7aef2323198f66f97b4.png,Banc 153B — Bouleau verni naturel / À lattes,
artek-bench-153b,Banc 153B,Bouleau sauvage verni naturel / À lattes,ART-B153B-28500750,687.00,334.53,41.1,0,CONTINUE,0,Bench-153B-slatted-top-wild-birch-natural-lacquered-2-cut-out_web.jpg,Banc 153B — Bouleau sauvage verni naturel / À lattes,
artek-bench-153b,Banc 153B,Laqué blanc / À lattes,ART-B153B-28500752,803.00,391.17,41.1,0,CONTINUE,0,artek-bench-153b-slatted-top-white-lacquer.jpg,Banc 153B — Laqué blanc / À lattes,
artek-bench-153b,Banc 153B,Laqué noir / À lattes,ART-B153B-28500753,803.00,391.17,41.1,0,CONTINUE,0,artek-bench-153b-slatted-top-black-lacquer.jpg,Banc 153B — Laqué noir / À lattes,
artek-bench-153b,Banc 153B,Verni naturel / Massif,ART-B153B-28502251,593.00,289.1,41.0,0,CONTINUE,0,artek-bench-153b-solid-top-clear-lacquer.jpg,Banc 153B — Verni naturel / Massif,"[moyen] Le vernis naturel est écrit de deux façons (« Bouleau verni naturel » à lattes, « Verni naturel » plein) : 10 combinaisons affichées pour 7 versions réelles ; « Massif » traduit mal « solid top » (plateau plein)."
artek-bench-153b,Banc 153B,Laqué blanc / Massif,ART-B153B-28502252,648.00,315.65,41.1,0,CONTINUE,0,artek-bench-153b-solid-top-white-lacquer.jpg,Banc 153B — Laqué blanc / Massif,
artek-bench-153b,Banc 153B,Laqué noir / Massif,ART-B153B-28502253,648.00,315.65,41.1,0,CONTINUE,0,artek-bench-153b-solid-top-black-lacquer.jpg,Banc 153B — Laqué noir / Massif,
artek-bench-168b,Banc 168B,Verni naturel / Massif,ART-B168B-28502451,948.00,461.97,41.0,0,CONTINUE,0,artek-bench-168b-solid-top-clear-lacquer.jpg,Banc 168B — Verni naturel / Massif,
artek-bench-168b,Banc 168B,Laqué blanc / Massif,ART-B168B-28502452,1014.00,494.42,41.0,0,CONTINUE,0,packshot-17e8af5cb051ebf14231dbfa08c8b5bc.png,Banc 168B — Laqué blanc / Massif,
artek-bench-168b,Banc 168B,Laqué noir / Massif,ART-B168B-28502453,1014.00,494.42,41.0,0,CONTINUE,0,artek-bench-168b-solid-top-black-lacquer.jpg,Banc 168B — Laqué noir / Massif,
artek-wall-shelf-112,Étagère murale 112,Verni naturel,ART-WS112-28500451,469.00,228.33,41.1,0,CONTINUE,0,packshot-a5bb3412a83d2699e738dd53b4cd6bc2.png,Étagère murale 112 — Verni naturel,
artek-wall-shelf-112,Étagère murale 112,Laqué blanc,ART-WS112-28500452,522.00,254.29,41.1,0,CONTINUE,0,Wall-Shelf-112B-white-lacquer_web.jpg,Étagère murale 112 — Laqué blanc,
artek-wall-shelf-112,Étagère murale 112,Laqué noir,ART-WS112-28500453,522.00,254.29,41.1,0,CONTINUE,0,Wall-Shelf-112B-black-lacquer_web.jpg,Étagère murale 112 — Laqué noir,
artek-cabinet-250,Buffet 250,Teinté miel,ART-C250-28504301,3001.00,1364,45.0,1,CONTINUE,0,packshot-ba00e32a2c06032359e63c0fce40c624.png,Buffet 250 — Teinté miel,[info] 1 en stock : Teinté miel (ART-C250-28504301) (affiché « À voir en boutique »).
artek-tupla-wall-hook,Patère murale Tupla,Noir thermolaqué mat,ART-TWH-28504201,99.00,44.54,45.6,0,CONTINUE,0,packshot-ea8467120253df1c3919d405347428de.png,Patère murale Tupla — Noir thermolaqué mat,[faible] « mat » non mentionné par Artek (black powder coating).
artek-124-mirror,Miroir 124,Moyen,ART-124M-28612402,429.00,194.7,45.1,0,CONTINUE,0,artek-artek-124-mirror-00.png,Miroir 124° médium — plateau en frêne naturel,"[élevé] Photo principale = ambiance recadrée (mur en bois, objet coupé en bas), 543×739 : pas un packshot. | [moyen] « Moyen » ne dit pas la finition de la tablette (frêne naturel), alors que l'autre valeur précise « laqué noir » : choix peu lisible."
artek-124-mirror,Miroir 124,Moyen / laqué noir,ART-124M-28612403,429.00,194.7,45.1,0,CONTINUE,0,Artek_Rybakken_124_mirror_with_tray_1_Cutout_photo_Studio_Daniel_RybakkensRGB-v2_2c1b7c45-f6fc-469d-bce3-c3e698159b71.jpg,Miroir 124° médium — plateau en frêne laqué noir,"[élevé] Photo principale = ambiance recadrée (mur en bois, objet coupé en bas), 543×739 : pas un packshot. | [moyen] « Moyen » ne dit pas la finition de la tablette (frêne naturel), alors que l'autre valeur précise « laqué noir » : choix peu lisible."
artek-115-umbrella-stand,Porte-parapluie 115,Laiton,ART-115US-28500501,648.00,294.25,45.1,0,CONTINUE,0,packshot-1c0edcf89b6ef916c2fbf5082343c929.png,Porte-parapluie 115 — Laiton,"[faible] « Laiton » ne décrit que la coupelle : la structure est en bouleau verni ; variante unique."
artek-kanto,Étagère Kanto,Verni naturel,ART-K-28501601,220.00,106.79,41.3,0,CONTINUE,0,packshot-b2c14bd814f4078e34a16208a77da841.png,Étagère Kanto — Verni naturel,
artek-kanto,Étagère Kanto,Laqué blanc,ART-K-28501602,236.00,115.05,41.0,0,CONTINUE,0,Kanto-Magazine-Firewood-Rack-PN001-white-lacquer_web.jpg,Étagère Kanto — Laqué blanc,
artek-kanto,Étagère Kanto,Laqué noir,ART-K-28501603,236.00,115.05,41.0,0,CONTINUE,0,Kanto-Magazine-Firewood-Rack-PN001-black-lacquer_web.jpg,Étagère Kanto — Laqué noir,
artek-kiila-coat-stand,Porte-manteau Kiila,Noir,ART-KCS-28503701,534.00,242.55,45.0,0,CONTINUE,0,Kiila-Coat-Stand-Natural_Black_web.jpg,Porte-manteau Kiila — Artek,"[moyen] Alt de l’image de variante « Porte-manteau Kiila — Artek » sans rapport avec la finition « Noir ». | [moyen] « Noir » désigne en réalité des pieds en frêne verni naturel avec structure et patères noires ; confusion possible avec « Laqué noir »."
artek-kiila-coat-stand,Porte-manteau Kiila,Pierre blanc,ART-KCS-28503702,534.00,242.55,45.0,0,CONTINUE,0,Kiila-Coat-Stand-Natural_Stone-White_web.jpg,Porte-manteau Kiila — Pierre blanc,"[faible] « Pierre blanc » (ordre anglais « stone white ») ; pieds naturels non mentionnés."
artek-kiila-coat-stand,Porte-manteau Kiila,Laqué noir,ART-KCS-28503703,534.00,242.55,45.0,0,CONTINUE,0,packshot-144976faba21fb8d62c0428dc893e06d.png,Porte-manteau Kiila — Noir,"[faible] Préciser qu'il s'agit des pieds en frêne laqué noir, structure noire. | [faible] Alt de #1 « Noir » alors que la photo est liée à « Laqué noir » (et « Noir » est une autre variante) ; #6 alt générique."
artek-clothes-tree-160,Porte-manteau 160,Tronc verni naturel,ART-CT160-28500802,972.00,441.65,45.0,0,CONTINUE,0,packshot-d458e118e6a3c7415ab6f2764e8028ca.png,Porte-manteau 160 — Tronc verni naturel,
artek-clothes-tree-160,Porte-manteau 160,Tronc laqué noir,ART-CT160-28500804,1073.00,487.3,45.0,0,CONTINUE,0,Clothes-tree-160-black-lacquer_web.jpg,Porte-manteau 160 — Tronc laqué noir,
artek-kaari-reb007,Étagère Kaari REB007,Chêne verni naturel / linoléum noir / chant noir,ART-KREB007-28503212,378.00,184.08,41.1,0,CONTINUE,0,packshot-08a3f16fc91e98e7443672b6d389e7a0.png,Étagère Kaari REB007 — Chêne verni naturel / linoléum noir / chant noir,
artek-kaari-reb007,Étagère Kaari REB007,Chêne laqué noir / linoléum rouge / chant noir,ART-KREB007-28503214,378.00,184.08,41.1,0,CONTINUE,0,Kaari-Wall-Console-REB007-black-oak-red-Linoleum_web.jpg,Étagère Kaari REB007 — Chêne laqué noir / linoléum rouge / chant noir,
artek-kaari-reb007,Étagère Kaari REB007,Chêne laqué noir / linoléum bleu / chant rouge brillant,ART-KREB007-28503215,378.00,184.08,41.1,0,CONTINUE,0,Kaari-Wall-Console-REB007-black-oak-blue-Linoleum-red-edge_web.jpg,Étagère Kaari REB007 — Chêne laqué noir / linoléum bleu / chant rouge brillant,
artek-kaari-wall-hook,Patère murale Kaari,Verni naturel,ART-KWH-28503610,94.00,42.35,45.5,0,CONTINUE,0,packshot-6a03de8f06284f9f6144fbfd09f8b60f.png,Patère murale Kaari — Verni naturel,
artek-kaari-wall-hook,Patère murale Kaari,Laqué noir,ART-KWH-28503650,94.00,42.35,45.5,0,CONTINUE,3,Kaari-Wall-Hook-black-lacquer_web.jpg,Patère murale Kaari — Laqué noir,[élevé] Poids d'expédition de 3 g : Laqué noir (ART-KWH-28503650) (probablement 3 kg saisi en grammes). | [faible] Packshot laqué noir : produit petit dans le cadre (≈ 1/4 de la hauteur) comparé à #1.
artek-screen-100,Paravent 100,100 x 200 cm,ART-S100-28500251,2042.00,927.85,45.0,0,CONTINUE,0,packshot-8bfc0023ab479e50239fa8d5bbc4e703.png,Paravent 100 — 100 x 200 cm,
artek-screen-100,Paravent 100,130 x 200 cm,ART-S100-28500252,2254.00,1024.1,45.0,1,CONTINUE,0,packshot-96819818ab413d560b0b1117bc87a71d.png,Paravent 100 — 130 x 200 cm,[info] 1 en stock : 130 x 200 cm (ART-S100-28500252) (affiché « À voir en boutique »).
artek-screen-100,Paravent 100,150 x 200 cm,ART-S100-28500253,2643.00,1201.2,45.0,0,CONTINUE,0,packshot-5b6db6d3688aa7840eb1d94912715359.png,Paravent 100 — 150 x 200 cm,
artek-screen-100,Paravent 100,180 x 200 cm,ART-S100-28500254,3074.00,1397,45.0,0,CONTINUE,0,packshot-61b1dbc181c56aae6561078d3fba6a88.png,Paravent 100 — 180 x 200 cm,
artek-kori-pendant-light-eu,Suspension Kori,Laqué blanc / blanc câble,ART-KPLE-29101901,308.00,139.7,45.1,0,CONTINUE,0,artek-kori-pendant-light-white.jpg,Suspension Kori — Laqué blanc / blanc câble,"[faible] Libellé « Laqué blanc / blanc câble » : ordre des mots incorrect (« blanc câble »), et la finition Artek est un thermolaquage blanc mat profond, pas une laque. Libellé différent de celui des Kori lampadaire/lampe de table (« Laqué blanc »)."
artek-kori-pendant-light-with-disc-shade-eu,Suspension Kori Disc,Laqué blanc / blanc câble,ART-KPLWDSE-29102001,409.00,185.9,45.0,0,CONTINUE,0,artek-kori-pendant-light-with-disc-shade-white.jpg,Suspension Kori Disc — Laqué blanc / blanc câble,"[faible] Libellé « Laqué blanc / blanc câble » : ordre des mots incorrect (« blanc câble »), et la finition Artek est un thermolaquage blanc mat profond, pas une laque. Libellé différent de celui des Kori lampadaire/lampe de table (« Laqué blanc »)."
artek-kori-pendant-light-with-dune-shade-eu,Suspension Kori Dune,Laqué blanc / blanc câble,ART-KPLWDSE-29102101,514.00,233.2,45.1,0,CONTINUE,0,artek-kori-pendant-light-with-dune-shade-white.jpg,Suspension Kori Dune — Laqué blanc / blanc câble,"[faible] Libellé « Laqué blanc / blanc câble » : ordre des mots incorrect (« blanc câble »), et la finition Artek est un thermolaquage blanc mat profond, pas une laque. Libellé différent de celui des Kori lampadaire/lampe de table (« Laqué blanc »)."
artek-a201,Suspension A201,Blanc thermolaquée / laitonné / blanc câble,ART-A201-29101701,625.00,283.8,45.1,0,CONTINUE,0,artek-pendant-light-a201-white-brass.jpg,Suspension A201 — Blanc thermolaquée / laitonné / blanc câble,"[faible] En plus de l'accord (constat auto), l'ordre « blanc câble » n'est pas du français et le rôle de « laitonné » (l'anneau) n'est pas dit."
artek-ama500,Suspension AMA500,Blanc thermolaquée / laitonné / blanc câble,ART-AMA500-29101801,625.00,283.8,45.1,0,CONTINUE,0,artek-pendant-light-ama500-white-brass.jpg,Suspension AMA500 — Blanc thermolaquée / laitonné / blanc câble,"[faible] Ordre « blanc câble » incorrect ; rôle de « laitonné » non précisé."
artek-a110-hand-grenade,Suspension A110 Hand Grenade,Noir thermolaquée / laitonné / noir câble,ART-A110HG-29100101,533.00,242,45.1,0,CONTINUE,0,artek-pendant-light-a110-hand-grenade-black-brass.jpg,Suspension A110 Hand Grenade — Noir thermolaquée / laitonné / noir câble,
artek-a110-hand-grenade,Suspension A110 Hand Grenade,Blanc thermolaquée / laitonné / blanc câble,ART-A110HG-29100102,533.00,242,45.1,0,CONTINUE,0,artek-pendant-light-a110-hand-grenade-white-brass.jpg,Suspension A110 Hand Grenade — Blanc thermolaquée / laitonné / blanc câble,
artek-a110-hand-grenade,Suspension A110 Hand Grenade,Noir thermolaquée / laqué noir / noir câble,ART-A110HG-29100103,533.00,242,45.1,0,CONTINUE,0,artek-pendant-light-a110-hand-grenade-black-black.jpg,Suspension A110 Hand Grenade — Noir thermolaquée / laqué noir / noir câble,
artek-a110-hand-grenade,Suspension A110 Hand Grenade,Blanc thermolaquée / laqué blanc / blanc câble,ART-A110HG-29100104,533.00,242,45.1,0,CONTINUE,0,artek-pendant-light-a110-hand-grenade-white-white.jpg,Suspension A110 Hand Grenade — Blanc thermolaquée / laqué blanc / blanc câble,
artek-a330s-golden-bell,Suspension A330S Golden Bell,Laiton poli non verni,ART-A330SGB-29100380,607.00,275.55,45.1,0,CONTINUE,0,artek-pendant-light-a330s-golden-bell-brass.jpg,Suspension A330S Golden Bell — Laiton poli non verni,"[critique] La variante « Laiton poli non verni » (Savoy, 607 €) affiche la photo #1, qui montre le laiton poli verni à câble blanc (même image que la variante « Laiton poli » à 564 €). Le vrai packshot Savoy (#12, laiton plus chaud, câble noir) existe mais est rangé en galerie, donc affiché comme ambiance. Le client qui paie le supplément Savoy voit l'autre finition."
artek-a330s-golden-bell,Suspension A330S Golden Bell,Laiton poli,ART-A330SGB-29100301,564.00,256.3,45.0,0,CONTINUE,0,artek-pendant-light-a330s-golden-bell-brass.jpg,Suspension A330S Golden Bell — Laiton poli non verni,"[critique] La variante « Laiton poli non verni » (Savoy, 607 €) affiche la photo #1, qui montre le laiton poli verni à câble blanc (même image que la variante « Laiton poli » à 564 €). Le vrai packshot Savoy (#12, laiton plus chaud, câble noir) existe mais est rangé en galerie, donc affiché comme ambiance. Le client qui paie le supplément Savoy voit l'autre finition."
artek-a330s-golden-bell,Suspension A330S Golden Bell,Chromé,ART-A330SGB-29100302,533.00,242,45.1,0,CONTINUE,0,artek-pendant-light-a330s-golden-bell-chrome.jpg,Suspension A330S Golden Bell — Chromé,
artek-a330s-golden-bell,Suspension A330S Golden Bell,Laqué noir,ART-A330SGB-29100303,533.00,242,45.1,0,CONTINUE,0,artek-pendant-light-a330s-golden-bell-black.jpg,Suspension A330S Golden Bell — Laqué noir,
artek-a330s-golden-bell,Suspension A330S Golden Bell,Laqué blanc,ART-A330SGB-29100304,533.00,242,45.1,0,CONTINUE,0,artek-pendant-light-a330s-golden-bell-white.jpg,Suspension A330S Golden Bell — Laqué blanc,
artek-a331-beehive,Suspension A331 Beehive,Blanc thermolaquée / laitonné / blanc câble,ART-A331B-29100401,1310.00,595.1,45.0,0,CONTINUE,0,artek-pendant-light-a331-beehive-white-brass.jpg,Suspension A331 Beehive — Blanc thermolaquée / laitonné / blanc câble,
artek-a331-beehive,Suspension A331 Beehive,Noir thermolaquée / intérieur blanc / laitonné / noir câble plastique,ART-A331B-29100404,1310.00,595.1,45.0,0,CONTINUE,0,artek-pendant-light-a331-beehive-black-brass.jpg,Suspension A331 Beehive — Noir thermolaquée / intérieur blanc / laitonné / noir câble plastique,
artek-a331-beehive,Suspension A331 Beehive,Blanc thermolaquée / chromé / blanc câble plastique,ART-A331B-29100402,1310.00,595.1,45.0,0,CONTINUE,0,artek-pendant-light-a331-beehive-white-chrome.jpg,Suspension A331 Beehive — Blanc thermolaquée / chromé / blanc câble plastique,
artek-a333-turnip,Suspension A333 Turnip,Laqué blanc,ART-A333T-29101501,576.00,261.8,45.0,0,CONTINUE,0,artek-pendant-light-a333-turnip-white-white.jpg,Suspension A333 Turnip — Laqué blanc,
artek-a333-turnip,Suspension A333 Turnip,Laitonné,ART-A333T-29101502,576.00,261.8,45.0,0,CONTINUE,0,artek-pendant-light-a333-turnip-white-brass.jpg,Suspension A333 Turnip — Laitonné,[moyen] « Laitonné » et « Laqué blanc » décrivent en fait seulement l'anneau : l'abat-jour est blanc dans les deux cas. Le libellé « Laitonné » laisse croire à un luminaire en laiton. Libellés incohérents avec l'A110 et l'A331 (« Blanc thermolaquée / laitonné… »).
artek-a440,Suspension A440,Soufflé bouche verre opalin / satiné,ART-A440-29100701,601.00,272.8,45.1,0,CONTINUE,0,artek-pendant-light-a440-white.jpg,Suspension A440 — Soufflé bouche verre opalin / satiné,
artek-jl341,Suspension JL341,Laqué blanc,ART-JL341-29100801,902.00,409.75,45.0,0,CONTINUE,0,artek-pendant-light-jl341-white-white.jpg,Suspension JL341 — Laqué blanc,[faible] Libellé « Laqué blanc / inférieur réflecteurs laiton poli » : ordre des mots incorrect.
artek-jl341,Suspension JL341,Laqué blanc / inférieur réflecteurs laiton poli,ART-JL341-29100901,1053.00,478.5,45.0,0,CONTINUE,0,artek-pendant-light-jl341-white-brass.jpg,Suspension JL341 — Laqué blanc / inférieur réflecteurs laiton poli,[faible] Libellé « Laqué blanc / inférieur réflecteurs laiton poli » : ordre des mots incorrect.
artek-wall-light-a910,Applique A910,Laqué blanc,ART-WLA910-29400101,716.00,325.05,45.1,0,CONTINUE,0,Wall-Light-A910-white_web.jpg,Applique A910 — Laqué blanc,
artek-ceiling-light-a622,Plafonnier A622,A622a,ART-CLA622-29200101,1546.00,702.35,45.0,0,CONTINUE,0,packshot-ac063c2f1f8ce10bb78d97292e150aaf.png,Plafonnier A622 — A622A,"[moyen] Précision sur OPTION_NAME_WRONG : l'option « Finition » propose « A622a / A622b », des codes que le client ne peut pas interpréter ; il s'agit de deux tailles (même finition laquée blanche). Casse différente d'Artek (A622A/A622B)."
artek-ceiling-light-a622,Plafonnier A622,A622b,ART-CLA622-29200201,1546.00,702.35,45.0,0,CONTINUE,0,artek-ceiling-light-a622b-white.jpg,Plafonnier A622 — A622B,
artek-kori-floor-light-eu,Lampadaire Kori,Laqué blanc,ART-KFLE-29102201,718.00,326.15,45.0,0,CONTINUE,0,packshot-ff4da8014aa3c7ba07f59f06027ca77d.png,Lampadaire Kori — Laqué blanc,
artek-kori-floor-light-eu,Lampadaire Kori,Laqué orange,ART-KFLE-29102202,718.00,326.15,45.0,0,CONTINUE,0,Kori-Floor-Light-orange-Cut-out_web_ce621c6c-cd1f-4cbb-873a-4ba90d8c85a5.jpg,Lampadaire Kori — Laqué orange,
artek-a805-angel-wing-eu,Lampadaire A805 Angel Wing,Laiton poli,ART-A805AWE-29000101,2496.00,1134.1,45.0,0,CONTINUE,0,packshot-8d23f055798aefa12e0856a3ad356e9a.png,Lampadaire A805 Angel Wing — Laiton poli,
artek-a805-angel-wing-eu,Lampadaire A805 Angel Wing,Laiton nickelé,ART-A805AWE-29000102,2496.00,1134.1,45.0,0,CONTINUE,0,Floor-Light-A805-_Angel-Wing_nickel_on_web.jpg,Lampadaire A805 Angel Wing — Laiton nickelé,
artek-a808-eu,Lampadaire A808,Blanc peint acier,ART-A808E-29000201,4491.00,2041.05,45.0,0,CONTINUE,0,packshot-81962dec69254f0e485e3373d7b99225.png,Lampadaire A808 — Blanc peint acier,
artek-a808-eu,Lampadaire A808,Laiton poli,ART-A808E-29000202,4928.00,2239.6,45.0,0,CONTINUE,0,Floor-Light-A808-brass_web.jpg,Lampadaire A808 — Laiton poli,
artek-a810-eu,Lampadaire A810,Laiton poli,ART-A810E-29000401,3050.00,1386,45.0,0,CONTINUE,0,packshot-847e9e5e3e0bfbfd88647277e60e0d93.png,Lampadaire A810 — Laiton poli,
artek-a810-eu,Lampadaire A810,Acier inoxydable,ART-A810E-29000402,3050.00,1386,45.0,0,CONTINUE,0,Floor-Light-A810-nickel-tube_on_web.jpg,Lampadaire A810 — Acier inoxydable,"[faible] Le fichier du packshot inox s'appelle « Floor-Light-A810-nickel-tube_on_web.jpg » alors qu'il n'existe pas de version nickelée pour l'A810 (inox poli). L'image montre bien un tube argenté et l'alt est juste ; seul le nom de fichier prête à confusion."
artek-a811-eu,Lampadaire A811,Laiton poli,ART-A811E-29000501,2521.00,1145.65,45.0,0,CONTINUE,0,packshot-b12598b098d1783dd506fda20a608a39.png,Lampadaire A811 — Laiton poli,
artek-a811-eu,Lampadaire A811,Laiton nickelé,ART-A811E-29000502,2521.00,1145.65,45.0,0,CONTINUE,0,packshot-b12598b098d1783dd506fda20a608a39.png,Lampadaire A811 — Laiton poli,"[critique] Précision sur SHARED_VARIANT_IMAGE : la variante « Laiton nickelé » affiche #1, qui montre le col et le tube en laiton doré, alors que le packshot de la version nickelée (#3, tube argenté) est déjà dans la fiche, rangé en galerie (donc affiché comme ambiance)."
artek-kori-table-light-eu,Lampe de table Kori,Laqué blanc,ART-KTLE-29102301,368.00,167.2,45.0,0,CONTINUE,0,packshot-c281fc1f9479e310513d0843cbc99332.png,Lampe de table Kori — Laqué blanc,
artek-kori-table-light-eu,Lampe de table Kori,Laqué orange,ART-KTLE-29102302,368.00,167.2,45.0,0,CONTINUE,0,artek-kori-table-light-orange.jpg,Lampe de table Kori — Laqué orange,"[faible] Packshot orange (#5) très petit dans le cadre et décalé vers la droite (câble inclus), alors que le packshot blanc (#1) est cadré serré : les deux finitions ne s'affichent pas à la même échelle."
artek-wall-light-a330s-eu,Applique A330S,Laiton,ART-WLA330SE-29101601,745.00,338.25,45.1,0,CONTINUE,0,artek-wall-light-a330s-golden-bell-brass.jpg,Applique A330S — Laiton,
artek-wall-light-a330s-eu,Applique A330S,Acier chromé,ART-WLA330SE-29101602,614.00,278.85,45.0,0,CONTINUE,0,artek-wall-light-a330s-golden-bell-chrome.jpg,Applique A330S — Acier chromé,
artek-wall-light-a330s-eu,Applique A330S,Noir acier,ART-WLA330SE-29101603,614.00,278.85,45.0,0,CONTINUE,0,artek-wall-light-a330s-golden-bell-black.jpg,Applique A330S — Noir acier,
artek-wall-light-a330s-eu,Applique A330S,Blanc acier,ART-WLA330SE-29101604,614.00,278.85,45.0,0,CONTINUE,0,artek-wall-light-a330s-golden-bell-white.jpg,Applique A330S — Blanc acier,
artek-kaari-bureau-mural,Étagère Kaari Bureau Mural,Bureau 100 x 55 cm,ART-KBM-28503501,2114.00,1030.73,41.0,0,CONTINUE,0,packshot-8031bfc51e61d7149a944b34c06405cf.png,Étagère Kaari Bureau Mural — Bureau 100 x 55 cm,"[moyen] Libellés donnant seulement la taille du plan de travail ; ni code, ni largeur/hauteur totale (100 × 142 cm)."
artek-kaari-bureau-mural,Étagère Kaari Bureau Mural,Bureau 200 x 55 cm,ART-KBM-28503001,3309.00,1613.06,41.0,0,CONTINUE,0,1846760_Kaari-Wall-Shelf-with-desk-REB010-black-oak_web_d760c61c-2eb2-4414-8345-46f89be2692f.jpg,Étagère Kaari Bureau Mural — Bureau 200 x 55 cm,"[moyen] Idem pour REB010 ; le fichier de #7 dit « black-oak » mais la photo montre bien des montants chêne naturel (conforme à la seule finition Artek)."
artek-kaari-wall-shelf,Étagère murale Kaari,200 x 35 cm,ART-KWS-28503301,2649.00,1291.51,41.0,0,CONTINUE,0,packshot-e3e4c14f4ed5ba7fc3f27dbf7097c899.png,Étagère murale Kaari — 200 x 35 cm,"[élevé] Idem : REB008 = 3 tablettes, 113 cm de haut."
artek-kaari-wall-shelf,Étagère murale Kaari,100 x 35 cm,ART-KWS-28503401,2152.00,1049.02,41.0,0,CONTINUE,0,Kaari-Wall-Shelf-REB009-black-oak_web.jpg,Étagère murale Kaari — 100 x 35 cm,"[élevé] « 100 x 35 cm » décrit une tablette ; le produit REB009 est une colonne de 5 tablettes de 188 cm de haut : le client ne peut pas deviner la hauteur ni le nombre de tablettes."
artek-aalto-table-rectangular-80a,Table Aalto 80A 120 × 60 cm,Bouleau,ART-ATR80A-28300281,1152.00,561.68,41.0,0,CONTINUE,0,packshot-88fda39f26ab2eca11c992ad404790bb.png,Table Aalto 80A 120 × 60 cm — Bouleau,"[élevé] custom.origin « Fabriqué en Finlande » et le tag made-in-finlande valent pour toutes les finitions, or Artek indique que les plateaux en placage bouleau sont fabriqués en Finlande et en Allemagne."
artek-aalto-table-rectangular-80a,Table Aalto 80A 120 × 60 cm,Lamifié blanc,ART-ATR80A-28300282,1152.00,561.68,41.0,0,CONTINUE,0,Aalto-Table-rectangular-80A-legs-and-edge-band-birch-top-white-HPL_web.jpg,Table Aalto 80A 120 × 60 cm — Lamifié blanc,
artek-aalto-table-rectangular-80a,Table Aalto 80A 120 × 60 cm,Linoléum noir,ART-ATR80A-28300283,1152.00,561.68,41.0,0,CONTINUE,0,Aalto-Table-rectangular-80A-legs-and-edge-band-birch-top-black-linoleum_web.jpg,Table Aalto 80A 120 × 60 cm — Linoléum noir,
artek-aalto-table-rectangular-80b,Table Aalto 80B 100 × 60 cm,Bouleau,ART-ATR80B-28306181,1069.00,520.97,41.0,0,CONTINUE,0,packshot-71272de9cd9e5d835c7e61d92548e9b0.png,Table Aalto 80B 100 × 60 cm — Bouleau,"[élevé] custom.origin « Fabriqué en Finlande » et le tag made-in-finlande valent pour toutes les finitions, or Artek indique que les plateaux en placage bouleau sont fabriqués en Finlande et en Allemagne."
artek-aalto-table-rectangular-80b,Table Aalto 80B 100 × 60 cm,Linoléum noir,ART-ATR80B-28306183,1069.00,520.97,41.0,0,CONTINUE,0,Aalto-Table-rectangular-80B_-legs-and-edge-band-birch_-top-black-linoleum_cut-out_web.jpg,Table Aalto 80B 100 × 60 cm — Linoléum noir,
artek-aalto-table-rectangular-80b,Table Aalto 80B 100 × 60 cm,Lamifié blanc,ART-ATR80B-28306182,1069.00,520.97,41.0,0,CONTINUE,0,Aalto-Table-rectangular-80B_-legs-and-edge-band-birch_-top-white-HPL_cut-out_web.jpg,Table Aalto 80B 100 × 60 cm — Lamifié blanc,
artek-aalto-table-rectangular-81a,Table Aalto 81A 150 × 75 cm,Bouleau,ART-ATR81A-28304481,1659.00,808.89,41.0,0,CONTINUE,0,packshot-432e0ba2ad87f882360c8b2ced854d2a.png,Table Aalto 81A 150 × 75 cm — Artek,"[élevé] custom.origin « Fabriqué en Finlande » et le tag made-in-finlande valent pour toutes les finitions, or Artek indique que les plateaux en placage bouleau sont fabriqués en Finlande et en Allemagne. | [moyen] Alt de l’image de variante « Table Aalto 81A 150 × 75 cm — Artek » sans rapport avec la finition « Bouleau »."
artek-aalto-table-rectangular-81a,Table Aalto 81A 150 × 75 cm,Lamifié blanc,ART-ATR81A-28304482,1659.00,808.89,41.0,0,CONTINUE,0,Aalto-Table-rectangular-81A_-legs-and-ede-band-birch_-top-white-HPL_cut-out_web.jpg,Table Aalto 81A 150 × 75 cm — Lamifié blanc,
artek-aalto-table-rectangular-81a,Table Aalto 81A 150 × 75 cm,Linoléum noir,ART-ATR81A-28304483,1659.00,808.89,41.0,0,CONTINUE,0,Aalto-Table-rectangular-81A_-legs-and-ede-band-birch_-top-black-Linoleum_cut-out_web.jpg,Table Aalto 81A 150 × 75 cm — Linoléum noir,
artek-aalto-table-rectangular-81b,Table Aalto 81B 120 × 75 cm,Bouleau,ART-ATR81B-28300481,1246.00,607.11,41.0,0,CONTINUE,0,packshot-d9ca8ed01ac8f2bf2f6b11e9b07e513f.png,Table Aalto 81B 120 × 75 cm — Bouleau,"[critique] La photo principale, qui est aussi l’image de la variante « Bouleau », montre une table au plateau environ deux fois plus long que profond, avec des pieds rapprochés des bouts : proportion d’une 80A (120 × 60) ou 81A (150 × 75), pas d’une 81B (120 × 75). Toutes les autres photos 81B (#7, #8, #9, #10) montrent un plateau nettement plus profond. Code exact de la table photographiée à confirmer. | [élevé] custom.origin « Fabriqué en Finlande » et le tag made-in-finlande valent pour toutes les finitions, or Artek indique que les plateaux en placage bouleau sont fabriqués en Finlande et en Allemagne. | [faible] Libellés « Bouleau verni naturel / lamifié blanc » et « Bouleau verni naturel / linoléum noir » alors que les autres tables Aalto (80A, 81A, 82A…) disent « Lamifié blanc » et « Linoléum noir » pour la même finition Artek (« birch/white laminate », « birch/black linoleum »)."
artek-aalto-table-rectangular-81b,Table Aalto 81B 120 × 75 cm,Bouleau sauvage,ART-ATR81B-28300480,1246.00,607.11,41.0,0,CONTINUE,0,Aalto-table-rectangular-81B-wild-birch-natural-lacquered-2-cut-out_web.jpg,Table Aalto 81B 120 × 75 cm — Bouleau sauvage,"[critique] La photo principale, qui est aussi l’image de la variante « Bouleau », montre une table au plateau environ deux fois plus long que profond, avec des pieds rapprochés des bouts : proportion d’une 80A (120 × 60) ou 81A (150 × 75), pas d’une 81B (120 × 75). Toutes les autres photos 81B (#7, #8, #9, #10) montrent un plateau nettement plus profond. Code exact de la table photographiée à confirmer. | [élevé] custom.origin « Fabriqué en Finlande » et le tag made-in-finlande valent pour toutes les finitions, or Artek indique que les plateaux en placage bouleau sont fabriqués en Finlande et en Allemagne."
artek-aalto-table-rectangular-81b,Table Aalto 81B 120 × 75 cm,Bouleau verni naturel / lamifié blanc,ART-ATR81B-28300482,1246.00,607.11,41.0,0,CONTINUE,0,Aalto-table-rectangular-81B-clear-lacquer-top-white-HPL_web.jpg,Table Aalto 81B 120 × 75 cm — Bouleau verni naturel / lamifié blanc,"[critique] La photo principale, qui est aussi l’image de la variante « Bouleau », montre une table au plateau environ deux fois plus long que profond, avec des pieds rapprochés des bouts : proportion d’une 80A (120 × 60) ou 81A (150 × 75), pas d’une 81B (120 × 75). Toutes les autres photos 81B (#7, #8, #9, #10) montrent un plateau nettement plus profond. Code exact de la table photographiée à confirmer. | [élevé] custom.origin « Fabriqué en Finlande » et le tag made-in-finlande valent pour toutes les finitions, or Artek indique que les plateaux en placage bouleau sont fabriqués en Finlande et en Allemagne. | [faible] Libellés « Bouleau verni naturel / lamifié blanc » et « Bouleau verni naturel / linoléum noir » alors que les autres tables Aalto (80A, 81A, 82A…) disent « Lamifié blanc » et « Linoléum noir » pour la même finition Artek (« birch/white laminate », « birch/black linoleum »)."
artek-aalto-table-rectangular-81b,Table Aalto 81B 120 × 75 cm,Bouleau verni naturel / linoléum noir,ART-ATR81B-28300483,1246.00,607.11,41.0,0,CONTINUE,0,Aalto-table-rectangular-81B-clear-lacquer-top-black-linoleum_web.jpg,Table Aalto 81B 120 × 75 cm — Bouleau verni naturel / linoléum noir,"[critique] La photo principale, qui est aussi l’image de la variante « Bouleau », montre une table au plateau environ deux fois plus long que profond, avec des pieds rapprochés des bouts : proportion d’une 80A (120 × 60) ou 81A (150 × 75), pas d’une 81B (120 × 75). Toutes les autres photos 81B (#7, #8, #9, #10) montrent un plateau nettement plus profond. Code exact de la table photographiée à confirmer. | [élevé] custom.origin « Fabriqué en Finlande » et le tag made-in-finlande valent pour toutes les finitions, or Artek indique que les plateaux en placage bouleau sont fabriqués en Finlande et en Allemagne."
artek-aalto-table-rectangular-82a,Table Aalto 82A 150 × 85 cm,Bouleau,ART-ATR82A-28300581,2055.00,1001.82,41.0,0,CONTINUE,0,packshot-a9a8a1dc0501bdfd93a89f26e96ac9fd.png,Table Aalto 82A 150 × 85 cm — Artek,"[élevé] custom.origin « Fabriqué en Finlande » et le tag made-in-finlande valent pour toutes les finitions, or Artek indique que les plateaux en placage bouleau sont fabriqués en Finlande et en Allemagne. | [moyen] Alt de l’image de variante « Table Aalto 82A 150 × 85 cm — Artek » sans rapport avec la finition « Bouleau »."
artek-aalto-table-rectangular-82a,Table Aalto 82A 150 × 85 cm,Lamifié blanc,ART-ATR82A-28300582,2055.00,1001.82,41.0,0,CONTINUE,0,Aalto-Table-Rectangular-82A-clear-lacquer-white-laminate_web.jpg,Table Aalto 82A 150 × 85 cm — Lamifié blanc,
artek-aalto-table-rectangular-82a,Table Aalto 82A 150 × 85 cm,Linoléum noir,ART-ATR82A-28300583,2055.00,1001.82,41.0,0,CONTINUE,0,Aalto-Table-Rectangular-82A-clear-lacquer-black-linoleum_web.jpg,Table Aalto 82A 150 × 85 cm — Linoléum noir,
artek-aalto-table-rectangular-82b,Table Aalto 82B 135 × 85 cm,Bouleau,ART-ATR82B-28300681,1672.00,814.79,41.0,0,CONTINUE,0,packshot-3017bf3e0b874a710577200a60ccd7cd.png,Table Aalto 82B 135 × 85 cm — Bouleau,"[élevé] custom.origin « Fabriqué en Finlande » et le tag made-in-finlande valent pour toutes les finitions, or Artek indique que les plateaux en placage bouleau sont fabriqués en Finlande et en Allemagne."
artek-aalto-table-rectangular-82b,Table Aalto 82B 135 × 85 cm,Lamifié blanc,ART-ATR82B-28300682,1672.00,814.79,41.0,0,CONTINUE,0,Aalto-Table-82B-clear-lacquer-top-white-HPL_web.jpg,Table Aalto 82B 135 × 85 cm — Lamifié blanc,
artek-aalto-table-rectangular-82b,Table Aalto 82B 135 × 85 cm,Linoléum noir,ART-ATR82B-28300683,1672.00,814.79,41.0,0,CONTINUE,0,Aalto-Table-82B-clear-lacquer-top-black-linoleum_web.jpg,Table Aalto 82B 135 × 85 cm — Linoléum noir,
artek-aalto-table-rectangular-83,Table Aalto 83 182 × 91 cm,Bouleau,ART-ATR83-28300781,2355.00,1148.14,41.0,0,CONTINUE,74000,Aalto-Table-rectangular-83_-legs-naturally-lacquered_-top-birch-veneer_cut-out_web.jpg,Table Aalto 83 182 × 91 cm — Bouleau,"[élevé] custom.origin « Fabriqué en Finlande » et le tag made-in-finlande valent pour toutes les finitions, or Artek indique que les plateaux en placage bouleau sont fabriqués en Finlande et en Allemagne. | [moyen] Libellé « Bouleau teinté noyer / chêne veneer teinté noyer » : mot anglais « veneer » (constat auto confirmé). Artek décrit des pieds en bouleau teinté noyer et un plateau en chêne teinté noyer. Le libellé ne correspond pas à celui de la table 91 (« Bouleau teinté noyer ») pour la même finition. | [faible] La photo principale est l’image de la variante « Bouleau sauvage » (nœuds visibles) : la carte montre cette finition et la fiche s’ouvre dessus au lieu de « Bouleau », la finition standard classée en premier. | [faible] « Bouleau verni naturel / lamifié blanc » et « … / linoléum noir » : libellés différents de ceux de 80A, 82A, 86, etc. (« Lamifié blanc », « Linoléum noir »)."
artek-aalto-table-rectangular-83,Table Aalto 83 182 × 91 cm,Bouleau sauvage,ART-ATR83-28300780,2355.00,1148.14,41.0,0,CONTINUE,74000,packshot-d8708da2dd61892ae6a4f947ff57f510.png,Table Aalto 83 182 × 91 cm — Bouleau sauvage,"[élevé] custom.origin « Fabriqué en Finlande » et le tag made-in-finlande valent pour toutes les finitions, or Artek indique que les plateaux en placage bouleau sont fabriqués en Finlande et en Allemagne. | [faible] La photo principale est l’image de la variante « Bouleau sauvage » (nœuds visibles) : la carte montre cette finition et la fiche s’ouvre dessus au lieu de « Bouleau », la finition standard classée en premier."
artek-aalto-table-rectangular-83,Table Aalto 83 182 × 91 cm,Bouleau verni naturel / lamifié blanc,ART-ATR83-28300782,2355.00,1148.14,41.0,0,CONTINUE,74000,8849308_Aalto-Table-rectangular-83_-legs-naturally-lacquered_-top-white-HPL_cut-out_web.jpg,Table Aalto 83 182 × 91 cm — Bouleau verni naturel / lamifié blanc,"[élevé] custom.origin « Fabriqué en Finlande » et le tag made-in-finlande valent pour toutes les finitions, or Artek indique que les plateaux en placage bouleau sont fabriqués en Finlande et en Allemagne. | [faible] « Bouleau verni naturel / lamifié blanc » et « … / linoléum noir » : libellés différents de ceux de 80A, 82A, 86, etc. (« Lamifié blanc », « Linoléum noir »)."
artek-aalto-table-rectangular-83,Table Aalto 83 182 × 91 cm,Bouleau verni naturel / linoléum noir,ART-ATR83-28300783,2355.00,1148.14,41.0,0,CONTINUE,74000,Aalto-Table-rectangular-83_-legs-naturally-lacquered_-top-black-linoleum_cut-out_web.jpg,Table Aalto 83 182 × 91 cm — Bouleau verni naturel / linoléum noir,"[élevé] custom.origin « Fabriqué en Finlande » et le tag made-in-finlande valent pour toutes les finitions, or Artek indique que les plateaux en placage bouleau sont fabriqués en Finlande et en Allemagne."
artek-aalto-table-rectangular-83,Table Aalto 83 182 × 91 cm,Bouleau teinté noyer / chêne veneer teinté noyer,ART-ATR83-28300786,2567.00,1251.39,41.0,0,CONTINUE,74000,Aalto-Table-83_-legs-walnut-stained--top-oak-walnut-stained_Cut-out_web.jpg,Table Aalto 83 182 × 91 cm — Bouleau teinté noyer / chêne veneer teinté noyer,"[élevé] custom.origin « Fabriqué en Finlande » et le tag made-in-finlande valent pour toutes les finitions, or Artek indique que les plateaux en placage bouleau sont fabriqués en Finlande et en Allemagne. | [moyen] Libellé « Bouleau teinté noyer / chêne veneer teinté noyer » : mot anglais « veneer » (constat auto confirmé). Artek décrit des pieds en bouleau teinté noyer et un plateau en chêne teinté noyer. Le libellé ne correspond pas à celui de la table 91 (« Bouleau teinté noyer ») pour la même finition."
artek-aalto-table-rectangular-86,Table Aalto 86 210 × 100 cm,Bouleau,ART-ATR86-28300881,3034.00,1479.13,41.0,0,CONTINUE,0,packshot-e9f999f2eed0beef6ee7f08bfdcdee38.png,Table Aalto 86 210 × 100 cm — Bouleau,"[élevé] custom.origin « Fabriqué en Finlande » et le tag made-in-finlande valent pour toutes les finitions, or Artek indique que les plateaux en placage bouleau sont fabriqués en Finlande et en Allemagne."
artek-aalto-table-rectangular-86,Table Aalto 86 210 × 100 cm,Lamifié blanc,ART-ATR86-28300882,3034.00,1479.13,41.0,0,CONTINUE,0,Aalto-Table-rectangular-86_-legs-and-edge-band-birch_-top-white-HPL_cut-out_web.jpg,Table Aalto 86 210 × 100 cm — Lamifié blanc,
artek-aalto-table-rectangular-86,Table Aalto 86 210 × 100 cm,Linoléum noir,ART-ATR86-28300883,3034.00,1479.13,41.0,0,CONTINUE,0,Aalto-Table-rectangular-86_-legs-and-edge-band-birch_-top-black-Linoleum_cut-out_web.jpg,Table Aalto 86 210 × 100 cm — Linoléum noir,
artek-aalto-table-rectangular-86a,Table Aalto 86A 240 × 100 cm,Bouleau,ART-ATR86A-28300981,3502.00,1707.46,41.0,0,CONTINUE,0,packshot-8f10d247511e1b09dcdafb22178232fc.png,Table Aalto 86A 240 × 100 cm — Bouleau,"[élevé] custom.origin « Fabriqué en Finlande » et le tag made-in-finlande valent pour toutes les finitions, or Artek indique que les plateaux en placage bouleau sont fabriqués en Finlande et en Allemagne."
artek-aalto-table-rectangular-86a,Table Aalto 86A 240 × 100 cm,Lamifié blanc,ART-ATR86A-28300982,3502.00,1707.46,41.0,0,CONTINUE,0,Aalto-Table-rectangular-86A_-legs-and-edge-band-birch_-top-white-HPL_cut-out_web.jpg,Table Aalto 86A 240 × 100 cm — Lamifié blanc,
artek-aalto-table-rectangular-86a,Table Aalto 86A 240 × 100 cm,Linoléum noir,ART-ATR86A-28300983,3502.00,1707.46,41.0,0,CONTINUE,0,Aalto-Table-rectangular-86A_-legs-and-edge-band-birch_-top-black-Linoleum_cut-out_web.pg.jpg,Table Aalto 86A 240 × 100 cm — Linoléum noir,
artek-aalto-table-square-80c,Table Aalto 80C 60 × 60 cm,Bouleau,ART-ATS80C-28306281,892.00,434.83,41.0,0,CONTINUE,0,packshot-486ad3371a3c16c99aee235db24dc259.png,Table Aalto 80C 60 × 60 cm — Bouleau,"[élevé] custom.origin « Fabriqué en Finlande » et le tag made-in-finlande valent pour toutes les finitions, or Artek indique que les plateaux en placage bouleau sont fabriqués en Finlande et en Allemagne."
artek-aalto-table-square-80c,Table Aalto 80C 60 × 60 cm,Linoléum noir,ART-ATS80C-28306283,892.00,434.83,41.0,0,CONTINUE,0,Aalto-Table-square-80C_-legs-and-endge-band-birch_-top-black-Linoleum_cut-out_web.jpg,Table Aalto 80C 60 × 60 cm — Linoléum noir,
artek-aalto-table-square-80c,Table Aalto 80C 60 × 60 cm,Lamifié blanc,ART-ATS80C-28306282,892.00,434.83,41.0,0,CONTINUE,0,Aalto-Table-square-80C_-legs-and-endge-band-birch_-top-white-HPL_cut-out_web.jpg,Table Aalto 80C 60 × 60 cm — Lamifié blanc,
artek-aalto-table-square-81c,Table Aalto 81C 75 × 75 cm,Bouleau,ART-ATS81C-28304581,964.00,469.64,41.1,0,CONTINUE,0,packshot-41360d091dbf7331da9c292f14f5a0e1.png,Table Aalto 81C 75 × 75 cm — Bouleau,"[élevé] custom.origin « Fabriqué en Finlande » et le tag made-in-finlande valent pour toutes les finitions, or Artek indique que les plateaux en placage bouleau sont fabriqués en Finlande et en Allemagne."
artek-aalto-table-square-81c,Table Aalto 81C 75 × 75 cm,Lamifié blanc,ART-ATS81C-28304582,964.00,469.64,41.1,0,CONTINUE,0,Aalto-Table-square-81C_-legs-and-edge-band-birch_-top-white-HPL_cut-out_web.jpg,Table Aalto 81C 75 × 75 cm — Lamifié blanc,
artek-aalto-table-square-81c,Table Aalto 81C 75 × 75 cm,Linoléum noir,ART-ATS81C-28304583,964.00,469.64,41.1,0,CONTINUE,0,Aalto-Table-square-81C_-legs-and-edge-band-birch_-top-black-Linoleum_cut-out_web.jpg,Table Aalto 81C 75 × 75 cm — Linoléum noir,
artek-aalto-table-square-84,Table Aalto 84 120 × 120 cm,Bouleau,ART-ATS84-28306381,2112.00,1029.55,41.0,0,CONTINUE,0,packshot-180d29b041f89d8440ab885af7f802db.png,Table Aalto 84 120 × 120 cm — Bouleau,"[élevé] custom.origin « Fabriqué en Finlande » et le tag made-in-finlande valent pour toutes les finitions, or Artek indique que les plateaux en placage bouleau sont fabriqués en Finlande et en Allemagne."
artek-aalto-table-square-84,Table Aalto 84 120 × 120 cm,Linoléum noir,ART-ATS84-28306383,2112.00,1029.55,41.0,0,CONTINUE,0,Aalto-Table-square-84-legs-and-edge-band-birch-top-black-linoleum_web.jpg,Table Aalto 84 120 × 120 cm — Linoléum noir,
artek-aalto-table-square-84,Table Aalto 84 120 × 120 cm,Lamifié blanc,ART-ATS84-28306382,2112.00,1029.55,41.0,0,CONTINUE,0,Aalto-Table-square-84-legs-and-edge-band-birch-top-white-HPL_web.pg.jpg,Table Aalto 84 120 × 120 cm — Lamifié blanc,
artek-aalto-table-round-90a,Table Aalto 90A Ø 100 cm,Bouleau,ART-ATR90A-28301781,1348.00,657.26,41.0,0,CONTINUE,0,packshot-a7a812e4bece89b7e6c27ac3170ba552.png,Table Aalto 90A Ø 100 cm — Bouleau,"[critique] Les images des variantes « Bouleau verni naturel / lamifié blanc » et « … / linoléum noir » sont des packshots de la table ENFANT 90A (H60, pieds nettement plus courts). Le client qui choisit ces finitions voit une table basse d’enfant au lieu de la table H74 vendue. | [élevé] custom.origin « Fabriqué en Finlande » et le tag made-in-finlande valent pour toutes les finitions, or Artek indique que les plateaux en placage bouleau sont fabriqués en Finlande et en Allemagne. | [faible] Libellés « Bouleau verni naturel / lamifié blanc » et « … / linoléum noir » alors que la 91 dit « Lamifié blanc » et « Linoléum noir » pour les mêmes finitions."
artek-aalto-table-round-90a,Table Aalto 90A Ø 100 cm,Bouleau sauvage,ART-ATR90A-28301780,1348.00,657.26,41.0,0,CONTINUE,0,Aalto-table-round-90A-wild-birch-natural-lacquered-2-cut-out_web.jpg,Table Aalto 90A Ø 100 cm — Bouleau sauvage,"[élevé] custom.origin « Fabriqué en Finlande » et le tag made-in-finlande valent pour toutes les finitions, or Artek indique que les plateaux en placage bouleau sont fabriqués en Finlande et en Allemagne."
artek-aalto-table-round-90a,Table Aalto 90A Ø 100 cm,Bouleau verni naturel / lamifié blanc,ART-ATR90A-28301782,1348.00,657.26,41.0,0,CONTINUE,0,Aalto-Children_s-Table-round-90A-legs-and-edge-band-birch-top-white-HPL_web.jpg,Table Aalto 90A Ø 100 cm — Bouleau verni naturel / lamifié blanc,"[critique] Les images des variantes « Bouleau verni naturel / lamifié blanc » et « … / linoléum noir » sont des packshots de la table ENFANT 90A (H60, pieds nettement plus courts). Le client qui choisit ces finitions voit une table basse d’enfant au lieu de la table H74 vendue. | [élevé] custom.origin « Fabriqué en Finlande » et le tag made-in-finlande valent pour toutes les finitions, or Artek indique que les plateaux en placage bouleau sont fabriqués en Finlande et en Allemagne. | [faible] Libellés « Bouleau verni naturel / lamifié blanc » et « … / linoléum noir » alors que la 91 dit « Lamifié blanc » et « Linoléum noir » pour les mêmes finitions."
artek-aalto-table-round-90a,Table Aalto 90A Ø 100 cm,Bouleau verni naturel / linoléum noir,ART-ATR90A-28301783,1348.00,657.26,41.0,0,CONTINUE,0,Aalto-Children_s-Table-round-90A-legs-and-edge-band-birch-top-black-linoleum_web.jpg,Table Aalto 90A Ø 100 cm — Bouleau verni naturel / linoléum noir,"[critique] Les images des variantes « Bouleau verni naturel / lamifié blanc » et « … / linoléum noir » sont des packshots de la table ENFANT 90A (H60, pieds nettement plus courts). Le client qui choisit ces finitions voit une table basse d’enfant au lieu de la table H74 vendue. | [élevé] custom.origin « Fabriqué en Finlande » et le tag made-in-finlande valent pour toutes les finitions, or Artek indique que les plateaux en placage bouleau sont fabriqués en Finlande et en Allemagne."
artek-aalto-table-round-90b,Table Aalto 90B Ø 75 cm,Bouleau,ART-ATR90B-28301881,890.00,433.65,41.0,0,CONTINUE,0,packshot-16533599dc7911ad6aa38db3fedc0bf9.png,Table Aalto 90B Ø 75 cm — Bouleau,"[élevé] custom.origin « Fabriqué en Finlande » et le tag made-in-finlande valent pour toutes les finitions, or Artek indique que les plateaux en placage bouleau sont fabriqués en Finlande et en Allemagne. | [faible] « Bouleau verni naturel / lamifié blanc » et « … / linoléum noir » : libellés différents des autres tables Aalto."
artek-aalto-table-round-90b,Table Aalto 90B Ø 75 cm,Bouleau sauvage,ART-ATR90B-28301880,890.00,433.65,41.0,0,CONTINUE,0,Aalto-table-round-90B-wild-birch-natural-lacquered-2-cut-out_web.jpg,Table Aalto 90B Ø 75 cm — Bouleau sauvage,"[élevé] custom.origin « Fabriqué en Finlande » et le tag made-in-finlande valent pour toutes les finitions, or Artek indique que les plateaux en placage bouleau sont fabriqués en Finlande et en Allemagne."
artek-aalto-table-round-90b,Table Aalto 90B Ø 75 cm,Bouleau verni naturel / lamifié blanc,ART-ATR90B-28301882,890.00,433.65,41.0,0,CONTINUE,0,Aalto-table-round-90B-clear-lacquer-top-white-HPL_web.jpg,Table Aalto 90B Ø 75 cm — Bouleau verni naturel / lamifié blanc,"[élevé] custom.origin « Fabriqué en Finlande » et le tag made-in-finlande valent pour toutes les finitions, or Artek indique que les plateaux en placage bouleau sont fabriqués en Finlande et en Allemagne. | [faible] « Bouleau verni naturel / lamifié blanc » et « … / linoléum noir » : libellés différents des autres tables Aalto."
artek-aalto-table-round-90b,Table Aalto 90B Ø 75 cm,Bouleau verni naturel / linoléum noir,ART-ATR90B-28301883,890.00,433.65,41.0,0,CONTINUE,0,Aalto-table-round-90B-clear-lacquer-top-black-linoleum_web.jpg,Table Aalto 90B Ø 75 cm — Bouleau verni naturel / linoléum noir,"[élevé] custom.origin « Fabriqué en Finlande » et le tag made-in-finlande valent pour toutes les finitions, or Artek indique que les plateaux en placage bouleau sont fabriqués en Finlande et en Allemagne."
artek-aalto-table-round-91,Table Aalto 91 Ø 125 cm,Bouleau,ART-ATR91-28302181,2177.00,1061.41,41.0,0,CONTINUE,0,packshot-55aac2197b9d4fa39153c6d09c7eb5bf.png,Table Aalto 91 Ø 125 cm — Bouleau,"[élevé] custom.origin « Fabriqué en Finlande » et le tag made-in-finlande valent pour toutes les finitions, or Artek indique que les plateaux en placage bouleau sont fabriqués en Finlande et en Allemagne. | [moyen] La variante « Bouleau teinté noyer » ne dit pas que le plateau est en placage chêne teinté noyer (seuls les pieds sont en bouleau teinté) ; la 83 nomme autrement cette même finition."
artek-aalto-table-round-91,Table Aalto 91 Ø 125 cm,Lamifié blanc,ART-ATR91-28302182,2177.00,1061.41,41.0,0,CONTINUE,0,Aalto-table-round-91-white-laminate_web.jpg,Table Aalto 91 Ø 125 cm — Lamifié blanc,
artek-aalto-table-round-91,Table Aalto 91 Ø 125 cm,Linoléum noir,ART-ATR91-28302183,2177.00,1061.41,41.0,0,CONTINUE,0,Aalto-table-round-91-top-black-linoleum_web.jpg,Table Aalto 91 Ø 125 cm — Linoléum noir,
artek-aalto-table-round-91,Table Aalto 91 Ø 125 cm,Bouleau teinté noyer,ART-ATR91-28302186,2360.00,1150.5,41.0,0,CONTINUE,0,Aalto-Table-91_-legs-walnut-stained-top.jpg,Table Aalto 91 Ø 125 cm — Bouleau teinté noyer,"[élevé] custom.origin « Fabriqué en Finlande » et le tag made-in-finlande valent pour toutes les finitions, or Artek indique que les plateaux en placage bouleau sont fabriqués en Finlande et en Allemagne. | [moyen] La variante « Bouleau teinté noyer » ne dit pas que le plateau est en placage chêne teinté noyer (seuls les pieds sont en bouleau teinté) ; la 83 nomme autrement cette même finition."
artek-aalto-table-half-round-95,Table demi-ronde Aalto 95 120 × 60 cm,Bouleau,ART-ATH95-28302381,1382.00,673.78,41.0,0,CONTINUE,0,packshot-e37b9c2cd4c6a8f718b36aa44c942e55.png,Table demi-ronde Aalto 95 120 × 60 cm — Bouleau,"[élevé] custom.origin « Fabriqué en Finlande » et le tag made-in-finlande valent pour toutes les finitions, or Artek indique que les plateaux en placage bouleau sont fabriqués en Finlande et en Allemagne."
artek-aalto-table-half-round-95,Table demi-ronde Aalto 95 120 × 60 cm,Lamifié blanc,ART-ATH95-28302382,1382.00,673.78,41.0,0,CONTINUE,0,Aalto-Table-half-round-95-birch-veneer-top-white-HPL_F_web.jpg,Table demi-ronde Aalto 95 120 × 60 cm — Lamifié blanc,
artek-aalto-table-half-round-95,Table demi-ronde Aalto 95 120 × 60 cm,Linoléum noir,ART-ATH95-28302383,1382.00,673.78,41.0,0,CONTINUE,0,Aalto-Table-half-round-95-birch-veneer-top-black-linoleum_web.jpg,Table demi-ronde Aalto 95 120 × 60 cm — Linoléum noir,
artek-aalto-table-half-round-96,Table demi-ronde Aalto 96 150 × 75 cm,Bouleau,ART-ATH96-28306481,1941.00,946.36,41.0,0,CONTINUE,0,packshot-6bbaa09e758c24527a1adc1c07591222.png,Table demi-ronde Aalto 96 150 × 75 cm — Bouleau,"[élevé] custom.origin « Fabriqué en Finlande » et le tag made-in-finlande valent pour toutes les finitions, or Artek indique que les plateaux en placage bouleau sont fabriqués en Finlande et en Allemagne."
artek-aalto-table-half-round-96,Table demi-ronde Aalto 96 150 × 75 cm,Linoléum noir,ART-ATH96-28306483,1941.00,946.36,41.0,0,CONTINUE,0,Aalto-Table-half-round-96-legs-natural-lacquered_-top-black-linoleum_cut-out_web.jpg,Table demi-ronde Aalto 96 150 × 75 cm — Linoléum noir,
artek-aalto-table-half-round-96,Table demi-ronde Aalto 96 150 × 75 cm,Lamifié blanc,ART-ATH96-28306482,1941.00,946.36,41.0,0,CONTINUE,0,Aalto-Table-half-round-96_-legs-and-edge-band-birch_-top-white-HPL_cut-out_web.jpg,Table demi-ronde Aalto 96 150 × 75 cm — Lamifié blanc,
artek-aalto-table-extendable-97,Table à rallonge Aalto 97 135/190 × 85 cm,Bouleau,ART-ATE97-28302481,3439.00,1676.78,41.0,0,CONTINUE,0,packshot-8f0e0d3cc607391adff4ddcd3b0754f1.png,Table à rallonge Aalto 97 135/190 × 85 cm — Bouleau,"[élevé] custom.origin « Fabriqué en Finlande » et le tag made-in-finlande valent pour toutes les finitions, or Artek indique que les plateaux en placage bouleau sont fabriqués en Finlande et en Allemagne."
artek-aalto-table-extendable-97,Table à rallonge Aalto 97 135/190 × 85 cm,Lamifié blanc,ART-ATE97-28302482,3439.00,1676.78,41.0,0,CONTINUE,0,Aalto-Table-extendable-97-white-laminate_web.jpg,Table à rallonge Aalto 97 135/190 × 85 cm — Lamifié blanc,
artek-aalto-table-foldable-dl81c,Table pliante Aalto DL81C 75/113 × 75 cm,Bouleau,ART-ATFDL81C-28306081,1577.00,768.77,41.0,0,CONTINUE,0,packshot-9f5026c0bf44b217312066f34b5a726e.png,Table pliante Aalto DL81C 75/113 × 75 cm — Bouleau,"[élevé] custom.origin « Fabriqué en Finlande » et le tag made-in-finlande valent pour toutes les finitions, or Artek indique que les plateaux en placage bouleau sont fabriqués en Finlande et en Allemagne."
artek-aalto-table-foldable-dl81c,Table pliante Aalto DL81C 75/113 × 75 cm,Linoléum noir,ART-ATFDL81C-28306083,1577.00,768.77,41.0,0,CONTINUE,0,Aalto-Table-foldable-DL81C-folded_-legs-natural-lacquered_-top-black-linoleum_cut-out_web.jpg,Table pliante Aalto DL81C 75/113 × 75 cm — Linoléum noir,
artek-aalto-table-foldable-dl81c,Table pliante Aalto DL81C 75/113 × 75 cm,Lamifié blanc,ART-ATFDL81C-28306082,1577.00,768.77,41.0,0,CONTINUE,0,Aalto-Table-foldable-DL81C_white-laminate.jpg,Table pliante Aalto DL81C 75/113 × 75 cm — Lamifié blanc,"[moyen] L’image de la variante « Lamifié blanc » est un gros plan d’ambiance recadré (tasse, assiette, chaises) et non un packshot : la table entière n’apparaît pas."
artek-aalto-table-foldable-dl81c,Table pliante Aalto DL81C 75/113 × 75 cm,Clay linoléum,ART-ATFDL81C-28306084,1577.00,768.77,41.0,0,CONTINUE,0,Aalto-Table-foldable-DL81C-folded_-legs-natural-lacquered_-top-black-linoleum_cut-out_web.jpg,Table pliante Aalto DL81C 75/113 × 75 cm — Linoléum noir,"[critique] Précision sur le constat automatique : les variantes Clay, Pistachio et Vapour affichent un plateau linoléum NOIR, alors qu’Artek les vend en linoléum bicolore (argile/noyer, pistache/olive, vapeur/bleu fumé). Le client voit une autre finition que celle qu’il commande. | [moyen] Les libellés « Clay linoléum », « Pistachio linoléum » et « Vapour linoléum » sont en anglais et incomplets : ils ne disent pas qu’il s’agit d’éditions limitées bicolores ni quelle est la seconde teinte."
artek-aalto-table-foldable-dl81c,Table pliante Aalto DL81C 75/113 × 75 cm,Pistachio linoléum,ART-ATFDL81C-28306085,1577.00,768.77,41.0,0,CONTINUE,0,Aalto-Table-foldable-DL81C-folded_-legs-natural-lacquered_-top-black-linoleum_cut-out_web.jpg,Table pliante Aalto DL81C 75/113 × 75 cm — Linoléum noir,"[critique] Précision sur le constat automatique : les variantes Clay, Pistachio et Vapour affichent un plateau linoléum NOIR, alors qu’Artek les vend en linoléum bicolore (argile/noyer, pistache/olive, vapeur/bleu fumé). Le client voit une autre finition que celle qu’il commande."
artek-aalto-table-foldable-dl81c,Table pliante Aalto DL81C 75/113 × 75 cm,Vapour linoléum,ART-ATFDL81C-28306086,1577.00,768.77,41.0,0,CONTINUE,0,Aalto-Table-foldable-DL81C-folded_-legs-natural-lacquered_-top-black-linoleum_cut-out_web.jpg,Table pliante Aalto DL81C 75/113 × 75 cm — Linoléum noir,"[critique] Précision sur le constat automatique : les variantes Clay, Pistachio et Vapour affichent un plateau linoléum NOIR, alors qu’Artek les vend en linoléum bicolore (argile/noyer, pistache/olive, vapeur/bleu fumé). Le client voit une autre finition que celle qu’il commande."
artek-secrets-of-finland,Accessoire Secrets of Finland,Pauper coin collector,ART-SOF-28609401,94.00,42.35,45.5,0,CONTINUE,0,packshot-8c843f60f1729553b8df7a33b005ee56.png,Secrets of Finland — Pauper Coin Collector,
artek-secrets-of-finland,Accessoire Secrets of Finland,Easter witch vase,ART-SOF-28609402,94.00,42.35,45.5,0,CONTINUE,0,Secrets-of-Finland-Easter-witch-vase_F-2665049.jpg,Secrets of Finland — Easter Witch Vase,
artek-secrets-of-finland,Accessoire Secrets of Finland,Easter dog vase,ART-SOF-28609403,67.00,30.25,45.4,0,CONTINUE,0,Secrets-of-Finland-Easter-dog-vase_F-2665047.jpg,Secrets of Finland — Easter Dog Vase,
artek-secrets-of-finland,Accessoire Secrets of Finland,Midsummer dream vase,ART-SOF-28609404,94.00,42.35,45.5,0,CONTINUE,0,Secrets-of-Finland-Midsummer-dream-vase_F-2665050.jpg,Secrets of Finland — Midsummer Dream Vase,
artek-secrets-of-finland,Accessoire Secrets of Finland,Lucius candleholder,ART-SOF-28609405,67.00,30.25,45.4,0,CONTINUE,0,Secrets-of-Finland-Lucius-candleholder_F-2665048.jpg,Secrets of Finland — Lucius Candleholder,
artek-secrets-of-finland,Accessoire Secrets of Finland,Lucia candleholder,ART-SOF-28609406,128.00,57.75,45.4,0,CONTINUE,0,Secrets-of-Finland-Lucia-candleholder_F-2665051.jpg,Secrets of Finland — Lucia Candleholder,
artek-postcards,Accessoire Postcards,Icon postcards,ART-P-28605902,20.00,8.8,46.8,0,CONTINUE,0,Artek-Icons-Post-Cards_web.jpg,Accessoire Postcards — Artek,"[élevé] La description et le SEO annoncent « trois cartes postales » dessinées par TSTO. Or la variante « Icon postcards » (20 €) est un lot de CINQ cartes du studio Greige : Paimio, Kiki, 10-Unit System, Beehive, Stool 60. Le client qui choisit Icons lit un contenu et un créateur faux. | [faible] L'alt de la photo #2 (« Accessoire Postcards — Artek ») ne nomme pas le lot Icons. Les 5 cartes n'occupent qu'une bande étroite au centre d'une image carrée 1850×1850 : elles sont minuscules sur la carte produit."
artek-postcards,Accessoire Postcards,Outline postcards,ART-P-28608001,10.00,4.4,46.8,0,CONTINUE,0,packshot-588c31c5d29d5e1864736d5e41231352.png,Accessoire Postcards — Outline postcards,
artek-architect-s-tools,Accessoire Architect's Tools,Ruler / hêtre / 20 cm,ART-AT-28606201,13.00,5.5,48.8,0,CONTINUE,0,packshot-01c8b0faa08696ebd23912de502571fa.png,Règle Artek en hêtre — 20 cm,
artek-architect-s-tools,Accessoire Architect's Tools,Ruler / hêtre / 30 cm,ART-AT-28606202,15.00,6.6,46.8,0,CONTINUE,0,Ruler_30cm-1847586.jpg,Règle Artek en hêtre — 30 cm,
artek-architect-s-tools,Accessoire Architect's Tools,Architect's scale / aluminium / 20 cm / 1:2 / 5 - 1:5 - 1:20 - 1:50 - 1:100,ART-AT-28606301,19.00,8.25,47.5,0,CONTINUE,0,Architects-Scale-1846723.jpg,Échelle d'architecte Artek en aluminium — 20 cm,"[moyen] Le libellé de l'échelle d'architecte a transformé « 1:2,5 » en « 1:2 / 5 » : le client lit une échelle 1:2 suivie d'un « 5 » isolé. Le tag dérivé reprend l'erreur."
artek-architect-s-tools,Accessoire Architect's Tools,Tape measure / blanc / 3 m,ART-AT-28606401,21.00,9.35,46.1,0,CONTINUE,0,Tape_Measure-1844713.jpg,Mètre ruban Artek blanc — 3 m,
artek-architect-s-tools,Accessoire Architect's Tools,Folding ruler / hêtre / laqué noir / 2 m,ART-AT-28606501,21.00,9.35,46.1,0,CONTINUE,0,Folding_Ruler-1842194.jpg,Mètre pliant Artek en hêtre laqué noir — 2 m,
artek-architect-s-tools,Accessoire Architect's Tools,Level / aluminium / 40 cm,ART-AT-28606601,36.00,15.95,46.4,0,CONTINUE,0,Level-1834778.jpg,Niveau Artek en aluminium — 40 cm,
artek-childrens-chair-n65,Chaise enfant N65,Bouleau,ART-CCN65-28100851,441.00,214.76,41.1,0,CONTINUE,0,packshot-9644cea3ecab8fa7527465eefcf7afa5.png,Chaise enfant N65 — Bouleau,
artek-childrens-chair-n65,Chaise enfant N65,Lamifié blanc,ART-CCN65-28100852,471.00,229.51,41.0,0,CONTINUE,0,Children_s-Chair-N65-white-laminate_web.jpg,Chaise enfant N65 — Lamifié blanc,
artek-childrens-chair-n65,Chaise enfant N65,Linoléum noir,ART-CCN65-28100853,471.00,229.51,41.0,0,CONTINUE,0,Children_s-Chair-N65-legs-birch_seat-black-linoleum_web.jpg,Chaise enfant N65 — Linoléum noir,
artek-aalto-table-rectangular-80a-60cm,Table enfant Aalto 80A 120 × 60 cm H60,Bouleau,ART-ATR80A60CM-28300261,1152.00,561.68,41.0,0,CONTINUE,0,packshot-93272e7fe4dd6402433d804e40d44aee.png,Table enfant Aalto 80A 120 × 60 cm H60 — Bouleau,
artek-aalto-table-rectangular-80a-60cm,Table enfant Aalto 80A 120 × 60 cm H60,Lamifié blanc,ART-ATR80A60CM-28300262,1152.00,561.68,41.0,0,CONTINUE,0,Aalto-Children_s-Table-rectangular-80A-legs-and-edge-band-birch-top-white-HPL_web_2a169fed-a07c-4a04-9e8d-f03e06b8e18a.jpg,Table enfant Aalto 80A 120 × 60 cm H60 — Lamifié blanc,
artek-aalto-table-rectangular-80a-60cm,Table enfant Aalto 80A 120 × 60 cm H60,Linoléum noir,ART-ATR80A60CM-28300263,1152.00,561.68,41.0,0,CONTINUE,0,Aalto-Children_s-Table-rectangular-80A-legs-and-edge-band-birch-top-black-linoleum_web_af1afd88-310b-4b00-95d7-80225c03b555.jpg,Table enfant Aalto 80A 120 × 60 cm H60 — Linoléum noir,
artek-aalto-table-rectangular-80b-60cm,Table enfant Aalto 80B 100 × 60 cm H60,Bouleau,ART-ATR80B60CM-28306161,1069.00,520.97,41.0,0,CONTINUE,0,packshot-1d7d32b800ea0cb3c814e5912b32d4e5.png,Table enfant Aalto 80B 100 × 60 cm H60 — Bouleau,
artek-aalto-table-rectangular-80b-60cm,Table enfant Aalto 80B 100 × 60 cm H60,Linoléum noir,ART-ATR80B60CM-28306163,1069.00,520.97,41.0,0,CONTINUE,0,Aalto-Children_s-Table-rectangular-80B_-legs-and-edge-band-birch_-top-black-linoleum_cut-out_web_333ce33e-f8d1-4b10-a460-4d8207aed827.jpg,Table enfant Aalto 80B 100 × 60 cm H60 — Linoléum noir,
artek-aalto-table-rectangular-80b-60cm,Table enfant Aalto 80B 100 × 60 cm H60,Iki blanc hp,ART-ATR80B60CM-28306162,1069.00,520.97,41.0,0,CONTINUE,0,Aalto-Children_s-Table-rectangular-80B_-legs-and-edge-band-birch_-top-white-HPL_cut-out_web_6280a5d7-e5b0-4af4-95e6-9c27ed7268c5.jpg,Table enfant Aalto 80B 100 × 60 cm H60 — Iki blanc hp,
artek-aalto-table-rectangular-81a-60cm,Table enfant Aalto 81A 150 × 75 cm H60,Bouleau,ART-ATR81A60CM-28304461,1659.00,808.89,41.0,0,CONTINUE,0,packshot-5a28a3efdbb20a36a76a6b2d7f104a62.png,Table enfant Aalto 81A 150 × 75 cm H60 — Artek,[moyen] Alt de l’image de variante « Table enfant Aalto 81A 150 × 75 cm H60 — Artek » sans rapport avec la finition « Bouleau ».
artek-aalto-table-rectangular-81a-60cm,Table enfant Aalto 81A 150 × 75 cm H60,Lamifié blanc,ART-ATR81A60CM-28304462,1659.00,808.89,41.0,0,CONTINUE,0,Aalto-Children_s-Table-rectangular-81A_-legs-and-ede-band-birch_-top-white-HPL_cut-out_web.jpg,Table enfant Aalto 81A 150 × 75 cm H60 — Lamifié blanc,
artek-aalto-table-rectangular-81a-60cm,Table enfant Aalto 81A 150 × 75 cm H60,Linoléum noir,ART-ATR81A60CM-28304463,1659.00,808.89,41.0,0,CONTINUE,0,Aalto-Children_s-Table-rectangular-81A_-legs-and-ede-band-birch_-top-black-Linoleum_cut-out_web_240bcec9-812c-4a1a-a6a7-7045787c20ae.jpg,Table enfant Aalto 81A 150 × 75 cm H60 — Linoléum noir,
artek-aalto-table-rectangular-81b-60cm,Table enfant Aalto 81B 120 × 75 cm H60,Bouleau,ART-ATR81B60CM-28300461,1246.00,607.11,41.0,0,CONTINUE,0,packshot-d9ca8ed01ac8f2bf2f6b11e9b07e513f_fdced386-44c3-418a-8537-19d697da7c3a.png,Table enfant Aalto 81B 120 × 75 cm H60 — Bouleau,
artek-aalto-table-rectangular-81b-60cm,Table enfant Aalto 81B 120 × 75 cm H60,Lamifié blanc,ART-ATR81B60CM-28300462,1246.00,607.11,41.0,0,CONTINUE,0,Aalto-Children_s-Table-rectangular-81B-legs-and-edge-band-birch-top-white-HPL_web_64957470-9421-4abb-90c6-fbbbc2407d69.jpg,Table enfant Aalto 81B 120 × 75 cm H60 — Lamifié blanc,
artek-aalto-table-rectangular-81b-60cm,Table enfant Aalto 81B 120 × 75 cm H60,Linoléum noir,ART-ATR81B60CM-28300463,1246.00,607.11,41.0,0,CONTINUE,0,Aalto-Children_s-Table-rectangular-81B-legs-and-edge-band-birch-top-black-linoleum_webjpg_603df0a5-a5b5-47ab-aa1f-ff7be13b4995.jpg,Table enfant Aalto 81B 120 × 75 cm H60 — Linoléum noir,
artek-aalto-table-square-80c-60cm,Table enfant Aalto 80C 60 × 60 cm H60,Bouleau,ART-ATS80C60CM-28306261,892.00,434.83,41.0,0,CONTINUE,0,packshot-dbbf757c471d668841dc4874619c941e.png,Table enfant Aalto 80C 60 × 60 cm H60 — Bouleau,
artek-aalto-table-square-80c-60cm,Table enfant Aalto 80C 60 × 60 cm H60,Linoléum noir,ART-ATS80C60CM-28306263,892.00,434.83,41.0,0,CONTINUE,0,Aalto-Children_s-Table-square-80C_-legs-and-endge-band-birch_-top-black-Linoleum_cut-out_web_1a8ae56f-7217-4fac-b114-f88b1ac69bb9.jpg,Table enfant Aalto 80C 60 × 60 cm H60 — Linoléum noir,
artek-aalto-table-square-80c-60cm,Table enfant Aalto 80C 60 × 60 cm H60,Iki blanc hp,ART-ATS80C60CM-28306262,892.00,434.83,41.0,0,CONTINUE,0,Aalto-Children_s-Table-square-80C_-legs-and-endge-band-birch_-top-white-HPL_cut-out_webr_99702e97-7189-45fa-89cd-ad9723c46ff6.jpg,Table enfant Aalto 80C 60 × 60 cm H60 — Iki blanc hp,
artek-aalto-table-square-81c-60cm,Table enfant Aalto 81C 75 × 75 cm H60,Bouleau,ART-ATS81C60CM-28304561,964.00,469.64,41.1,0,CONTINUE,0,packshot-132b663f86180056378746aa9ecfc749.png,Table enfant Aalto 81C 75 × 75 cm H60 — Bouleau,
artek-aalto-table-square-81c-60cm,Table enfant Aalto 81C 75 × 75 cm H60,Lamifié blanc,ART-ATS81C60CM-28304562,964.00,469.64,41.1,0,CONTINUE,0,Aalto-Children_s-Table-square-81C_-legs-and-edge-band-birch_-top-white-HPL_cut-out_web_2804e86d-df98-4674-913d-9bec0318013b.jpg,Table enfant Aalto 81C 75 × 75 cm H60 — Lamifié blanc,
artek-aalto-table-square-81c-60cm,Table enfant Aalto 81C 75 × 75 cm H60,Linoléum noir,ART-ATS81C60CM-28304563,964.00,469.64,41.1,0,CONTINUE,0,Aalto-Children_s-Table-square-81C_-legs-and-edge-band-birch_-top-black-Linoleum_cut-out_web_15528d1a-4ef7-4337-8497-ba7e03635dc4.jpg,Table enfant Aalto 81C 75 × 75 cm H60 — Linoléum noir,
artek-aalto-table-round-90a-60cm,Table enfant Aalto 90A Ø 100 cm H60,Bouleau,ART-ATR90A60CM-28301761,1348.00,657.26,41.0,0,CONTINUE,0,packshot-a97517c62de1f5605254fffd334116fc.png,Table enfant Aalto 90A Ø 100 cm H60 — Bouleau,
artek-aalto-table-round-90a-60cm,Table enfant Aalto 90A Ø 100 cm H60,Lamifié blanc,ART-ATR90A60CM-28301762,1348.00,657.26,41.0,0,CONTINUE,0,Aalto-Children_s-Table-round-90A-legs-and-edge-band-birch-top-white-HPL_web_f5de38e4-3c5a-46bc-8916-c7a0505de842.jpg,Table enfant Aalto 90A Ø 100 cm H60 — Lamifié blanc,
artek-aalto-table-round-90a-60cm,Table enfant Aalto 90A Ø 100 cm H60,Linoléum noir,ART-ATR90A60CM-28301763,1348.00,657.26,41.0,0,CONTINUE,0,Aalto-Children_s-Table-round-90A-legs-and-edge-band-birch-top-black-linoleum_web_0c4741fa-c096-4496-be71-c733193ddcfb.jpg,Table enfant Aalto 90A Ø 100 cm H60 — Linoléum noir,
artek-atelier-chair,Chaise Atelier,Hêtre,ART-AC-28104801,552.00,269.04,41.0,0,CONTINUE,0,packshot-68415c67618037a50f4695d359c39878.png,Chaise Atelier — Hêtre,
artek-atelier-chair,Chaise Atelier,Frêne,ART-AC-28104802,609.00,296.77,41.0,0,CONTINUE,0,artek-atelier-chair-natural-lacquered-ash.jpg,Chaise Atelier — Frêne,
artek-atelier-chair,Chaise Atelier,Chêne,ART-AC-28104803,695.00,338.66,41.0,0,CONTINUE,0,artek-atelier-chair-natural-lacquered-oak.jpg,Chaise Atelier — Chêne,
artek-atelier-chair,Chaise Atelier,Hêtre / laqué noir,ART-AC-28104804,593.00,289.1,41.0,0,CONTINUE,0,artek-atelier-chair-black-lacquered-beech.jpg,Chaise Atelier — Hêtre / laqué noir,
artek-atelier-chair,Chaise Atelier,Hêtre / laqué rouge foncé,ART-AC-28104805,593.00,289.1,41.0,0,CONTINUE,0,artek-atelier-chair-dark-red-lacquered-beech.jpg,Chaise Atelier — Hêtre / laqué rouge foncé,
artek-atelier-chair,Chaise Atelier,Hêtre / laqué vert,ART-AC-28104806,593.00,289.1,41.0,0,CONTINUE,0,artek-atelier-chair-green-lacquered-beech.jpg,Chaise Atelier — Hêtre / laqué vert,
artek-aslak-chair,Chaise Aslak,Laqué noir,ART-AC-28104401,950.00,463.15,41.0,0,CONTINUE,0,packshot-a20efd4f3b6ad5d180a9c5e1e8fdf95d.png,Chaise Aslak — Laqué noir,
artek-aslak-chair,Chaise Aslak,Laqué blanc,ART-AC-28104402,950.00,463.15,41.0,0,CONTINUE,0,artek-aslak-chair-white-lacquered.jpg,Chaise Aslak — Laqué blanc,
artek-aslak-chair,Chaise Aslak,Laqué gris,ART-AC-28104403,950.00,463.15,41.0,0,CONTINUE,0,artek-aslak-chair-grey-lacquered.jpg,Chaise Aslak — Laqué gris,
artek-aslak-chair,Chaise Aslak,Laqué pétrole,ART-AC-28104404,950.00,463.15,41.0,0,CONTINUE,0,artek-aslak-chair-petrol-lacquered.jpg,Chaise Aslak — Laqué pétrole,
artek-aslak-chair,Chaise Aslak,Laqué rouge,ART-AC-28104405,950.00,463.15,41.0,0,CONTINUE,0,artek-aslak-chair-red-lacquered.jpg,Chaise Aslak — Laqué rouge,
artek-lukki-chair,Chaise Lukki,Noir thermolaqué mat / laqué noir,ART-LC-28101601,556.00,270.81,41.1,0,CONTINUE,0,packshot-359392ce106637d6123d987fe33291b6.png,Chaise Lukki — Noir thermolaqué mat / laqué noir,
artek-chair-611,Chaise 611,"Verni naturel, sangle noir/noir",ART-C611-28102241,759.00,369.93,41.0,0,CONTINUE,0,artek-chair-611-clear-lacquered-birch-black-webbing.jpg,"Chaise 611 — Verni naturel, sangle noir/noir",
artek-chair-611,Chaise 611,"Verni naturel, sangle noir/bleu",ART-C611-28102242,759.00,369.93,41.0,0,CONTINUE,0,artek-chair-611-clear-lacquered-birch-black-blue-webbing.jpg,"Chaise 611 — Verni naturel, sangle noir/bleu",
artek-chair-611,Chaise 611,"Verni naturel, sangle noir/marron",ART-C611-28102243,759.00,369.93,41.0,0,CONTINUE,0,artek-chair-611-clear-lacquered-birch-black-brown-webbing.jpg,"Chaise 611 — Verni naturel, sangle noir/marron",
artek-chair-611,Chaise 611,"Verni naturel, sangle naturel/blanc",ART-C611-28102244,759.00,369.93,41.0,0,CONTINUE,0,artek-chair-611-clear-lacquered-birch-natural-white-webbing.jpg,"Chaise 611 — Verni naturel, sangle naturel/blanc",
artek-chair-611,Chaise 611,"Verni naturel, sangle naturel/noir",ART-C611-28102245,759.00,369.93,41.0,0,CONTINUE,0,packshot-34516198d8de95ef380ff92cd3d7ba48.png,"Chaise 611 — Verni naturel, sangle naturel/noir",
artek-chair-611,Chaise 611,"Verni naturel, sangle naturel/rouge",ART-C611-28102246,759.00,369.93,41.0,0,CONTINUE,0,artek-chair-611-clear-lacquered-birch-natural-red-webbing.jpg,"Chaise 611 — Verni naturel, sangle naturel/rouge",
artek-chair-611,Chaise 611,"Laqué noir, sangle noir/noir",ART-C611-28102251,817.00,398.25,41.0,0,CONTINUE,0,artek-chair-611-black-lacquered-birch-black-webbing.jpg,"Chaise 611 — Laqué noir, sangle noir/noir",
artek-chair-611,Chaise 611,"Laqué noir, sangle noir/bleu",ART-C611-28102252,817.00,398.25,41.0,0,CONTINUE,0,artek-chair-611-black-lacquered-birch-black-blue-webbing.jpg,"Chaise 611 — Laqué noir, sangle noir/bleu",
artek-chair-611,Chaise 611,"Laqué noir, sangle noir/marron",ART-C611-28102253,817.00,398.25,41.0,0,CONTINUE,0,artek-chair-611-black-lacquered-birch-black-brown-webbing.jpg,"Chaise 611 — Laqué noir, sangle noir/marron",
artek-chair-611,Chaise 611,"Laqué noir, sangle naturel/noir",ART-C611-28102254,817.00,398.25,41.0,0,CONTINUE,0,artek-chair-611-black-lacquered-natural-black-webbing.jpg,"Chaise 611 — Laqué noir, sangle naturel/noir","[faible] « Laqué noir, sangle naturel/noir » n'apparaît pas dans la liste d'exemples Artek (qui s'arrête à noir, noir/bleu, noir/marron pour la version laquée noire) ; une photo Artek existe toutefois (#15)."
artek-chair-65,Chaise 65,Bouleau,ART-C65-28102671,441.00,214.76,41.1,0,CONTINUE,5000,packshot-2c4bfbb90b3bfcdb3a21a32833a48de9.png,Chaise 65 — Bouleau,
artek-chair-65,Chaise 65,Lamifié blanc,ART-C65-28102672,471.00,229.51,41.0,0,CONTINUE,5000,artek-chair-65-birch-legs-white-hpl-top.jpg,Chaise 65 — Lamifié blanc,
artek-chair-65,Chaise 65,Linoléum noir,ART-C65-28102673,471.00,229.51,41.0,0,CONTINUE,5000,artek-chair-65-birch-legs-black-linoleum-top.jpg,Chaise 65 — Linoléum noir,
artek-chair-65,Chaise 65,Laqué blanc,ART-C65-28102674,493.00,240.13,41.1,0,CONTINUE,5000,artek-chair-65-white-lacquer.jpg,Chaise 65 — Laqué blanc,
artek-chair-65,Chaise 65,Laqué noir,ART-C65-28102675,493.00,240.13,41.1,0,CONTINUE,5000,artek-chair-65-black-lacquer.jpg,Chaise 65 — Laqué noir,
artek-chair-66,Chaise 66,Bouleau,ART-C66-28100271,476.00,231.87,41.1,0,CONTINUE,0,packshot-f6f94cf7373c2f22d89ffc99fa9b4955.png,Chaise 66 — Bouleau,
artek-chair-66,Chaise 66,Bouleau sauvage,ART-C66-28100270,476.00,231.87,41.1,0,CONTINUE,0,Chair-66-wild-birch-natural-lacquered_web.jpg,Chaise 66 — Bouleau sauvage,
artek-chair-66,Chaise 66,Bouleau / lamifié blanc,ART-C66-28100272,509.00,247.8,41.1,0,CONTINUE,0,artek-chair-66-white-laminate-top.jpg,Chaise 66 — Bouleau / lamifié blanc,
artek-chair-66,Chaise 66,Bouleau / linoléum noir,ART-C66-28100273,509.00,247.8,41.1,0,CONTINUE,0,artek-chair-66-clear-lacquer-legs-black-linoleum-top.jpg,Chaise 66 — Bouleau / linoléum noir,
artek-chair-66,Chaise 66,Laqué blanc,ART-C66-28100274,534.00,260.19,41.0,0,CONTINUE,0,artek-chair-66-white-lacquer.jpg,Chaise 66 — Laqué blanc,
artek-chair-66,Chaise 66,Laqué noir,ART-C66-28100275,534.00,260.19,41.0,0,CONTINUE,0,artek-chair-66-black-lacquer.jpg,Chaise 66 — Laqué noir,
artek-chair-68,Chaise 68,Bouleau,ART-C68-28102871,555.00,270.22,41.1,0,CONTINUE,0,packshot-ea983cbeb7ad55f5e6bf26201b46eef2.png,Chaise 68 — Bouleau,
artek-chair-68,Chaise 68,Lamifié blanc,ART-C68-28102872,587.00,286.15,41.0,0,CONTINUE,0,artek-chair-68-birch-natural-lacquered-legs-white-hpl-seat.jpg,Chaise 68 — Lamifié blanc,
artek-chair-68,Chaise 68,Linoléum noir,ART-C68-28102873,587.00,286.15,41.0,0,CONTINUE,0,artek-chair-68-birch-natural-lacquered-legs-black-linoleum-seat.jpg,Chaise 68 — Linoléum noir,
artek-chair-68,Chaise 68,Laqué blanc,ART-C68-28102874,612.00,297.95,41.1,0,CONTINUE,0,artek-chair-68-white-lacquer.jpg,Chaise 68 — Laqué blanc,
artek-chair-68,Chaise 68,Laqué noir,ART-C68-28102875,612.00,297.95,41.1,0,CONTINUE,0,artek-chair-68-black-lacquer.jpg,Chaise 68 — Laqué noir,
artek-chair-69,Chaise 69,Bouleau,ART-C69-28100477,476.00,231.87,41.1,0,CONTINUE,0,packshot-72d4861f1daec008ce0930619d7bab6f.png,Chaise 69 — Bouleau,[moyen] Alt de l’image de variante « Chaise 69 — Artek » sans rapport avec la finition « Bouleau / laqué blanc ». | [info] 1 en stock : Bouleau / laqué noir (ART-C69-28100471) (affiché « À voir en boutique »).
artek-chair-69,Chaise 69,Bouleau sauvage,ART-C69-28100470,476.00,231.87,41.1,0,CONTINUE,0,Chair-69-wild-birch-natural-lacquered-cut-out_web.jpg,Chaise 69 — Bouleau sauvage,
artek-chair-69,Chaise 69,Lamifié blanc,ART-C69-28100478,509.00,247.8,41.1,0,CONTINUE,0,artek-chair-69-white-laminate-seat.jpg,Chaise 69 — Lamifié blanc,
artek-chair-69,Chaise 69,Bouleau / laqué noir,ART-C69-28100471,510.00,248.39,41.1,1,CONTINUE,0,artek-chair-69-black-lacquer-seat-back.jpg,Chaise 69 — Bouleau / laqué noir,[info] 1 en stock : Bouleau / laqué noir (ART-C69-28100471) (affiché « À voir en boutique »).
artek-chair-69,Chaise 69,Bouleau / laqué blanc,ART-C69-28100472,510.00,248.39,41.1,0,CONTINUE,0,artek-chair-69-white-lacquer-seat-back.jpg,Chaise 69 — Artek,[moyen] Alt de l’image de variante « Chaise 69 — Artek » sans rapport avec la finition « Bouleau / laqué blanc ».
artek-chair-69,Chaise 69,Bouleau / laqué orange,ART-C69-28100473,510.00,248.39,41.1,0,CONTINUE,0,artek-chair-69-orange-lacquer-seat-back.jpg,Chaise 69 — Bouleau / laqué orange,
artek-chair-69,Chaise 69,Bouleau / laqué jaune,ART-C69-28100474,510.00,248.39,41.1,0,CONTINUE,0,artek-chair-69-yellow-lacquer-seat-back.jpg,Chaise 69 — Bouleau / laqué jaune,
artek-chair-69,Chaise 69,Bouleau / laqué vert,ART-C69-28100475,510.00,248.39,41.1,0,CONTINUE,0,artek-chair-69-green-lacquer-seat-back.jpg,Chaise 69 — Bouleau / laqué vert,
artek-chair-69,Chaise 69,Bouleau / laqué pétrole,ART-C69-28100481,510.00,248.39,41.1,0,CONTINUE,0,artek-chair-69-petrol-lacquer-seat-back.jpg,Chaise 69 — Bouleau / laqué pétrole,
artek-chair-69,Chaise 69,Laqué blanc,ART-C69-28100479,534.00,260.19,41.0,0,CONTINUE,0,artek-chair-69-white-lacquer.jpg,Chaise 69 — Bouleau / laqué blanc,"[moyen] La photo #9 (chaise entièrement blanche, pieds laqués) est bien liée à « Laqué blanc » mais son alt dit « Bouleau / laqué blanc » (pieds naturels) ; inversement l'alt de #14 est générique. Non signalé par le contrôle automatique pour #9."
artek-chair-69,Chaise 69,Laqué noir,ART-C69-28100480,534.00,260.19,41.0,0,CONTINUE,0,artek-chair-69-black-lacquer.jpg,Chaise 69 — Artek,[moyen] Alt de l’image de variante « Chaise 69 — Artek » sans rapport avec la finition « Laqué noir ».
artek-domus-chair,Chaise Domus,Bouleau,ART-DC-28105001,793.00,386.45,41.0,0,CONTINUE,0,packshot-492d4dec65b1f8959da19e78b9c700ca.png,Chaise Domus — Bouleau,
artek-domus-chair,Chaise Domus,Bouleau / teinté noir,ART-DC-28105002,941.00,458.43,41.1,0,CONTINUE,0,artek-domus-chair-black-stained.jpg,Chaise Domus — Bouleau / teinté noir,
artek-domus-chair,Chaise Domus,Bouleau / teinté miel,ART-DC-28105003,941.00,458.43,41.1,0,CONTINUE,0,artek-domus-chair-honey-stained-birch.jpg,Chaise Domus — Bouleau / teinté miel,
artek-domus-chair,Chaise Domus,Bouleau / teinté noyer,ART-DC-28105004,941.00,458.43,41.1,0,CONTINUE,0,artek-domus-chair-walnut-stained.jpg,Chaise Domus — Bouleau / teinté noyer,
artek-domus-chair,Chaise Domus,Chêne,ART-DC-28105005,1070.00,521.56,41.0,0,CONTINUE,0,artek-domus-chair-clear-lacquered-oak.jpg,Chaise Domus — Chêne,
artek-domus-chair-seat-and-back-upholstered,Chaise Domus assise et dossier rembourrés,Bouleau / tissu hola canary tissu / cuir prestige cream passepoil,ART-DCSABU-28105251,1073.00,522.74,41.1,0,CONTINUE,0,packshot-841d7f6fb66e7a62706dad9e31fbf7e5.png,Chaise Domus assise et dossier rembourrés — Bouleau / tissu hola canary tissu / cuir prestige cream passepoil,"[moyen] Le libellé de la variante par défaut est incohérent : « tissu hola canary tissu / cuir prestige cream passepoil » (« tissu » doublé, passepoil mal placé)."
artek-domus-chair-seat-and-back-upholstered,Chaise Domus assise et dossier rembourrés,Bouleau / cuir prestige cream / passepoil cuir prestige nougat,ART-DCSABU-28105252,1340.00,653.13,41.0,0,CONTINUE,0,Domus-Chair-birch-natural-lacquered_-upholstered-leather-Prestige-cream_-leather-piping-Prestige-cut-out_web.jpg,Chaise Domus assise et dossier rembourrés — Bouleau / cuir prestige cream / passepoil cuir prestige nougat,
artek-domus-chair-seat-and-back-upholstered,Chaise Domus assise et dossier rembourrés,Bouleau / teinté noir / tissu hola chestnut / passepoil cuir prestige noir,ART-DCSABU-28105253,1108.00,539.85,41.0,0,CONTINUE,0,Domus-Chair-birch-black-stained_-upholstered-fabric-Hola-Chestnut_-leather-piping-Prestige-black-cut-out_web.jpg,Chaise Domus assise et dossier rembourrés — Bouleau / teinté noir / tissu hola chestnut / passepoil cuir prestige noir,
artek-domus-chair-seat-and-back-upholstered,Chaise Domus assise et dossier rembourrés,Bouleau / teinté noir / cuir spectrum marine / passepoil cuir prestige noir,ART-DCSABU-28105254,1436.00,699.74,41.0,0,CONTINUE,0,Domus-Chair-birch-black-stained_upholstered-leather-Spectrum-marine_leather-piping-Prestige-black-cut-out_web.jpg,Chaise Domus assise et dossier rembourrés — Bouleau / teinté noir / cuir spectrum marine / passepoil cuir prestige noir,
artek-domus-chair-seat-and-back-upholstered,Chaise Domus assise et dossier rembourrés,Bouleau / teinté miel / tissu wow re bleu / ocre / passepoil cuir prestige nougat,ART-DCSABU-28105255,1208.00,588.82,41.0,0,CONTINUE,0,Domus-Chair-birch-honey-stained_-upholstered-Wow-Re-Blueocre_-leather-piping-Prestige-nougat-cut-out_web.jpg,Chaise Domus assise et dossier rembourrés — Bouleau / teinté miel / tissu wow re bleu / ocre / passepoil cuir prestige nougat,
artek-domus-chair-seat-and-back-upholstered,Chaise Domus assise et dossier rembourrés,Bouleau / teinté miel / cuir spectrum leaf / passepoil cuir spectrum moss,ART-DCSABU-28105256,1436.00,699.74,41.0,0,CONTINUE,0,Domus-Chair-birch-honey-stained_-upholstered-leather-Spectrum-leaf_-leather-piping-Spectrum-moss-cut-out__web.jpg,Chaise Domus assise et dossier rembourrés — Bouleau / teinté miel / cuir spectrum leaf / passepoil cuir spectrum moss,
artek-domus-chair-seat-and-back-upholstered,Chaise Domus assise et dossier rembourrés,Bouleau / teinté noyer / tissu wow re beige / Rose / passepoil cuir prestige cognac,ART-DCSABU-28105257,1208.00,588.82,41.0,0,CONTINUE,0,Domus-Chair-birch-walnut-stained_-upholstered-fabric-Wow-Re-beigepink-_6722_-leather-piping-Prestige-cognac-cut-out.jpg,"Chaise Domus — bouleau noyer, tissu Wow Re beige/rose, passepoil cognac",
artek-domus-chair-seat-and-back-upholstered,Chaise Domus assise et dossier rembourrés,Bouleau / teinté noyer / cuir spectrum moss / passepoil cuir prestige coffee,ART-DCSABU-28105258,1436.00,699.74,41.0,0,CONTINUE,0,Domus-Chair-birch-walnut-stained_-upholstered-leather-Spectrum-moss_-leather-piping-Prestige-coffee-cut-out_web.jpg,Chaise Domus assise et dossier rembourrés — Bouleau / teinté noyer / cuir spectrum moss / passepoil cuir prestige coffee,
artek-domus-chair-seat-and-back-upholstered,Chaise Domus assise et dossier rembourrés,Chêne / tissu wow cream / blanc / passepoil cuir prestige nougat,ART-DCSABU-28105259,1338.00,651.95,41.0,0,CONTINUE,0,Domus-Chair-oak-natural-lacquered_-upholstered-fabric-Wow-Re-creamwhite-_6511_-leather-piping-Prestige-nougat-cut-out_web.jpg,Chaise Domus assise et dossier rembourrés — Chêne / tissu wow cream / blanc / passepoil cuir prestige nougat,
artek-domus-chair-seat-and-back-upholstered,Chaise Domus assise et dossier rembourrés,Chêne / cuir spectrum terracotta / passepoil cuir prestige cognac,ART-DCSABU-28105260,1565.00,762.87,41.0,0,CONTINUE,0,Domus-Chair-oak-natural-lacquered_-upholstered-leather-Spectrum-terracotta_-leather-piping-Prestige-cognac-cut-out_web.jpg,Chaise Domus assise et dossier rembourrés — Chêne / cuir spectrum terracotta / passepoil cuir prestige cognac,
artek-rope-chair,Chaise Rope,Noir thermolaqué mat / laqué noir / corde polyester noir / patins feutre,ART-RC-28104501,737.00,359.31,41.0,0,CONTINUE,0,packshot-4742cb2a56d31d9b327b23c1e7f2c1e1.png,Chaise Rope — Noir thermolaqué mat / laqué noir / corde polyester noir / patins feutre,
artek-rope-chair,Chaise Rope,Gris clair thermolaqué mat / laqué gris clair / corde lin naturel / patins feutre,ART-RC-28104502,737.00,359.31,41.0,0,CONTINUE,0,artek-rope-chair-light-grey.jpg,Chaise Rope — Gris clair thermolaqué mat / laqué gris clair / corde lin naturel / patins feutre,
artek-rope-chair,Chaise Rope,Noir thermolaqué mat / laqué noir / corde polyester noir / patins plastique,ART-RC-28104503,737.00,359.31,41.0,0,CONTINUE,0,packshot-4742cb2a56d31d9b327b23c1e7f2c1e1.png,Chaise Rope — Noir thermolaqué mat / laqué noir / corde polyester noir / patins feutre,
artek-rope-chair,Chaise Rope,Gris clair thermolaqué mat / laqué gris clair / corde lin naturel / patins plastique,ART-RC-28104504,737.00,359.31,41.0,0,CONTINUE,0,artek-rope-chair-light-grey.jpg,Chaise Rope — Gris clair thermolaqué mat / laqué gris clair / corde lin naturel / patins feutre,
artek-armchair-41-paimio,Fauteuil 41 Paimio,Coque laquée blanche,ART-A41P-28200601,4484.00,2185.95,41.0,0,CONTINUE,0,packshot-f631fbfe072aa20759d773e935befb89.png,Fauteuil 41 Paimio — Coque laquée blanche,
artek-armchair-41-paimio,Fauteuil 41 Paimio,Coque laquée noire,ART-A41P-28200602,4484.00,2185.95,41.0,0,CONTINUE,0,Armchair-41-_Paimio_-black-lacquer_web.jpg,Fauteuil 41 Paimio — Coque laquée noire,
artek-armchair-42,Fauteuil 42,Coque laquée blanche,ART-A42-28200701,2915.00,1421.31,41.0,0,CONTINUE,0,Armchair-42-white-lacquer_web.jpg,Fauteuil 42 — Coque laquée blanche,
artek-armchair-42,Fauteuil 42,Coque laquée noire,ART-A42-28200702,2915.00,1421.31,41.0,0,CONTINUE,0,packshot-a20f68b97e0ffbbf25ad3c0de397188b.png,Fauteuil 42 — Coque laquée noire,
artek-lounge-chair-43,Fauteuil 43,Sangle noir/noir,ART-LC43-28200841,6119.00,2983.63,41.0,0,CONTINUE,0,packshot-5da0f09b92c70b6ce1714eed678c388f.png,Fauteuil 43 — Sangle noir/noir,
artek-lounge-chair-43,Fauteuil 43,Sangle noir/bleu,ART-LC43-28200842,6119.00,2983.63,41.0,0,CONTINUE,0,Lounge-Chair-43-natural_-blackblue-webbing_F_web.jpg,Fauteuil 43 — Sangle noir/bleu,
artek-lounge-chair-43,Fauteuil 43,Sangle noir/marron,ART-LC43-28200843,6119.00,2983.63,41.0,0,CONTINUE,0,Lounge-Chair-43-natural_-blackbrown-webbing_web.jpg,Fauteuil 43 — Sangle noir/marron,
artek-lounge-chair-43,Fauteuil 43,Sangle naturel/blanc,ART-LC43-28200844,6119.00,2983.63,41.0,0,CONTINUE,0,Lounge-Chair-43-natural_-naturalwhite-webbing_web.jpg,Fauteuil 43 — Sangle naturel/blanc,
artek-lounge-chair-43,Fauteuil 43,Sangle naturel/noir,ART-LC43-28200845,6119.00,2983.63,41.0,0,CONTINUE,0,Lounge-Chair-43-natural_-naturalblack-webbing_web.jpg,Fauteuil 43 — Sangle naturel/noir,
artek-lounge-chair-43,Fauteuil 43,Sangle naturel/rouge,ART-LC43-28200846,6119.00,2983.63,41.0,0,CONTINUE,0,Lounge-Chair-43-natural_-naturalred-webbing_web.jpg,Fauteuil 43 — Sangle naturel/rouge,
artek-armchair-406,Fauteuil 406,Sangle noir/noir,ART-A406-28200541,1838.00,896.21,41.0,0,CONTINUE,0,packshot-9f1e371a7f4f7d98e756429f90c801ec.png,Fauteuil 406 — Sangle noir/noir,
artek-armchair-406,Fauteuil 406,Sangle noir/bleu,ART-A406-28200542,1838.00,896.21,41.0,0,CONTINUE,0,Armchair-406-natural_-blackblue-webbing_web.jpg,Fauteuil 406 — Sangle noir/bleu,
artek-armchair-406,Fauteuil 406,Sangle noir/marron,ART-A406-28200543,1838.00,896.21,41.0,0,CONTINUE,0,Armchair-406-natural_-blackbrown-webbing_web.jpg,Fauteuil 406 — Sangle noir/marron,
artek-armchair-406,Fauteuil 406,Sangle naturel/blanc,ART-A406-28200544,1838.00,896.21,41.0,0,CONTINUE,0,Armchair-406-natural_-naturalwhite-webbing_web.jpg,Fauteuil 406 — Sangle naturel/blanc,
artek-armchair-406,Fauteuil 406,Sangle naturel/noir,ART-A406-28200545,1838.00,896.21,41.0,0,CONTINUE,0,Armchair-406-natural_-naturalblack-webbing_web.jpg,Fauteuil 406 — Sangle naturel/noir,
artek-armchair-406,Fauteuil 406,Sangle naturel/rouge,ART-A406-28200546,1838.00,896.21,41.0,0,CONTINUE,0,Armchair-406-natural_-naturalred-webbing_web.jpg,Fauteuil 406 — Sangle naturel/rouge,
artek-domus-lounge-chair,Fauteuil Domus,Bouleau,ART-DLC-28200901,2085.00,1016.57,41.0,0,CONTINUE,0,Domus-Lounge-Chair-clear-laquered-birch_no-upholstery_web.jpg,Fauteuil Domus — Bouleau,
artek-domus-lounge-chair,Fauteuil Domus,Bouleau / laqué noir,ART-DLC-28200902,2129.00,1037.81,41.0,0,CONTINUE,0,Domus-Lounge-Chair-black_web.jpg,Fauteuil Domus — Bouleau / laqué noir,
artek-domus-lounge-chair,Fauteuil Domus,Bouleau / teinté miel,ART-DLC-28200903,2129.00,1037.81,41.0,0,CONTINUE,0,Domus-Lounge-Chair-honey-stained-birch_web.jpg,Fauteuil Domus — Bouleau / teinté miel,
artek-domus-lounge-chair,Fauteuil Domus,Chêne,ART-DLC-28200905,2320.00,1131.03,41.0,0,CONTINUE,0,packshot-41331ead51bf7ae26725d9b512599f1e.png,Fauteuil Domus — Chêne,
artek-mademoiselle-lounge-chair,Fauteuil Mademoiselle,Laqué noir,ART-MLC-28201104,1501.00,731.6,41.0,0,CONTINUE,0,packshot-c0a43f0b8ed22682c1ad66aa98d70842.png,Fauteuil Mademoiselle — Laqué noir,
artek-mademoiselle-lounge-chair,Fauteuil Mademoiselle,Laqué blanc,ART-MLC-28201102,1501.00,731.6,41.0,0,CONTINUE,0,Mademoiselle-Lounge-Chair-white-lacquer_web.jpg,Fauteuil Mademoiselle — Laqué blanc,
artek-mademoiselle-rocking-chair,Fauteuil à bascule Mademoiselle,Laqué noir,ART-MRC-28201204,1889.00,920.99,41.0,0,CONTINUE,0,packshot-23cab9f2583739abb5a0b6479a7148c1.png,Fauteuil à bascule Mademoiselle — Laqué noir,
artek-mademoiselle-rocking-chair,Fauteuil à bascule Mademoiselle,Laqué blanc,ART-MRC-28201202,1889.00,920.99,41.0,0,CONTINUE,0,Mademoiselle-Rocking-Chair-white-lacquer_1_web.jpg,Fauteuil à bascule Mademoiselle — Laqué blanc,
artek-rivi-fabric,Tissu Rivi (au mètre),Blanc/bleu / Coton,ART-RF-62101901,37.00,16.5,46.0,0,CONTINUE,0,packshot-bdc7090c10a952778b85dc6f92d67f07.png,Tissu Rivi (au mètre) — Blanc/bleu / Coton,
artek-rivi-fabric,Tissu Rivi (au mètre),Bleu/blanc / Coton,ART-RF-62101902,37.00,16.5,46.0,0,CONTINUE,0,Rivi-Fabric-pre-cut-blue_white_web.jpg,Tissu Rivi (au mètre) — Bleu/blanc / Coton,
artek-rivi-fabric,Tissu Rivi (au mètre),Moutarde/blanc / Coton,ART-RF-62101903,37.00,16.5,46.0,0,CONTINUE,0,Rivi-Fabric-pre-cut-yellow_white_web.jpg,Tissu Rivi (au mètre) — Moutarde/blanc / Coton,
artek-rivi-fabric,Tissu Rivi (au mètre),Noir/blanc / Coton,ART-RF-62101905,37.00,16.5,46.0,0,CONTINUE,0,Rivi-Fabric-pre-cut-black_white_web.jpg,Tissu Rivi (au mètre) — Noir/blanc / Coton,
artek-rivi-fabric,Tissu Rivi (au mètre),Blanc/bleu / Coton enduit,ART-RF-62102001,42.00,18.7,46.1,0,CONTINUE,0,packshot-bdc7090c10a952778b85dc6f92d67f07.png,Tissu Rivi (au mètre) — Blanc/bleu / Coton,
artek-rivi-fabric,Tissu Rivi (au mètre),Bleu/blanc / Coton enduit,ART-RF-62102002,42.00,18.7,46.1,0,CONTINUE,0,Rivi-Fabric-pre-cut-blue_white_web.jpg,Tissu Rivi (au mètre) — Bleu/blanc / Coton,
artek-rivi-fabric,Tissu Rivi (au mètre),Moutarde/blanc / Coton enduit,ART-RF-62102003,42.00,18.7,46.1,0,CONTINUE,0,Rivi-Fabric-pre-cut-yellow_white_web.jpg,Tissu Rivi (au mètre) — Moutarde/blanc / Coton,
artek-rivi-fabric,Tissu Rivi (au mètre),Noir/blanc / Coton enduit,ART-RF-62102005,42.00,18.7,46.1,0,CONTINUE,0,Rivi-Fabric-pre-cut-black_white_web.jpg,Tissu Rivi (au mètre) — Noir/blanc / Coton,
artek-rivi-fabric,Tissu Rivi (au mètre),Blanc/bleu / Toile de coton,ART-RF-62102101,54.00,24.2,45.8,0,CONTINUE,0,packshot-bdc7090c10a952778b85dc6f92d67f07.png,Tissu Rivi (au mètre) — Blanc/bleu / Coton,
artek-rivi-fabric,Tissu Rivi (au mètre),Bleu/blanc / Toile de coton,ART-RF-62102102,54.00,24.2,45.8,0,CONTINUE,0,Rivi-Fabric-pre-cut-blue_white_web.jpg,Tissu Rivi (au mètre) — Bleu/blanc / Coton,
artek-rivi-fabric,Tissu Rivi (au mètre),Noir/blanc / Toile de coton,ART-RF-62102103,54.00,24.2,45.8,0,CONTINUE,0,Rivi-Fabric-pre-cut-black_white_web.jpg,Tissu Rivi (au mètre) — Noir/blanc / Coton,
artek-rivi-fabric,Tissu Rivi (au mètre),Moutarde/blanc / Toile de coton,ART-RF-62102104,54.00,24.2,45.8,0,CONTINUE,0,Rivi-Fabric-pre-cut-yellow_white_web.jpg,Tissu Rivi (au mètre) — Moutarde/blanc / Coton,
artek-rivi-pre-cut-fabric,Coupon de tissu Rivi (150 × 300 cm),Blanc/bleu / Coton,ART-RPF-62103001,109.00,49.5,45.1,0,CONTINUE,0,packshot-bdc7090c10a952778b85dc6f92d67f07_a3635c94-6283-4f54-bdbe-27cbd02c1365.png,Coupon de tissu Rivi (150 × 300 cm) — Blanc/bleu / Coton,
artek-rivi-pre-cut-fabric,Coupon de tissu Rivi (150 × 300 cm),Bleu/blanc / Coton,ART-RPF-62103002,109.00,49.5,45.1,0,CONTINUE,0,Rivi-Fabric-pre-cut-blue_white_web_bcdbf639-cb9d-4bec-b172-5d852ec7c240.jpg,Coupon de tissu Rivi (150 × 300 cm) — Bleu/blanc / Coton,
artek-rivi-pre-cut-fabric,Coupon de tissu Rivi (150 × 300 cm),Moutarde/blanc / Coton,ART-RPF-62103003,109.00,49.5,45.1,0,CONTINUE,0,Rivi-Fabric-pre-cut-yellow_white_web_092f091b-8cde-44d9-95e4-6d298a33b795.jpg,Coupon de tissu Rivi (150 × 300 cm) — Moutarde/blanc / Coton,
artek-rivi-pre-cut-fabric,Coupon de tissu Rivi (150 × 300 cm),Noir/blanc / Coton,ART-RPF-62103005,109.00,49.5,45.1,0,CONTINUE,0,Rivi-Fabric-pre-cut-black_white_web_b065df86-cd49-474a-92ca-6768e3ea02a0.jpg,Coupon de tissu Rivi (150 × 300 cm) — Noir/blanc / Coton,
artek-rivi-pre-cut-fabric,Coupon de tissu Rivi (150 × 300 cm),Blanc/bleu / Coton enduit,ART-RPF-62103101,124.00,56.1,45.3,0,CONTINUE,0,packshot-bdc7090c10a952778b85dc6f92d67f07_a3635c94-6283-4f54-bdbe-27cbd02c1365.png,Coupon de tissu Rivi (150 × 300 cm) — Blanc/bleu / Coton,
artek-rivi-pre-cut-fabric,Coupon de tissu Rivi (150 × 300 cm),Bleu/blanc / Coton enduit,ART-RPF-62103102,124.00,56.1,45.3,0,CONTINUE,0,Rivi-Fabric-pre-cut-blue_white_web_bcdbf639-cb9d-4bec-b172-5d852ec7c240.jpg,Coupon de tissu Rivi (150 × 300 cm) — Bleu/blanc / Coton,
artek-rivi-pre-cut-fabric,Coupon de tissu Rivi (150 × 300 cm),Moutarde/blanc / Coton enduit,ART-RPF-62103103,124.00,56.1,45.3,0,CONTINUE,0,Rivi-Fabric-pre-cut-yellow_white_web_092f091b-8cde-44d9-95e4-6d298a33b795.jpg,Coupon de tissu Rivi (150 × 300 cm) — Moutarde/blanc / Coton,
artek-rivi-pre-cut-fabric,Coupon de tissu Rivi (150 × 300 cm),Noir/blanc / Coton enduit,ART-RPF-62103105,124.00,56.1,45.3,0,CONTINUE,0,Rivi-Fabric-pre-cut-black_white_web_b065df86-cd49-474a-92ca-6768e3ea02a0.jpg,Coupon de tissu Rivi (150 × 300 cm) — Noir/blanc / Coton,
artek-rivi-pre-cut-fabric,Coupon de tissu Rivi (150 × 300 cm),Blanc/bleu / Toile de coton,ART-RPF-62103201,160.00,72.6,45.1,0,CONTINUE,0,packshot-bdc7090c10a952778b85dc6f92d67f07_a3635c94-6283-4f54-bdbe-27cbd02c1365.png,Coupon de tissu Rivi (150 × 300 cm) — Blanc/bleu / Coton,
artek-rivi-pre-cut-fabric,Coupon de tissu Rivi (150 × 300 cm),Bleu/blanc / Toile de coton,ART-RPF-62103202,160.00,72.6,45.1,0,CONTINUE,0,Rivi-Fabric-pre-cut-blue_white_web_bcdbf639-cb9d-4bec-b172-5d852ec7c240.jpg,Coupon de tissu Rivi (150 × 300 cm) — Bleu/blanc / Coton,
artek-rivi-pre-cut-fabric,Coupon de tissu Rivi (150 × 300 cm),Noir/blanc / Toile de coton,ART-RPF-62103203,160.00,72.6,45.1,0,CONTINUE,0,Rivi-Fabric-pre-cut-black_white_web_b065df86-cd49-474a-92ca-6768e3ea02a0.jpg,Coupon de tissu Rivi (150 × 300 cm) — Noir/blanc / Coton,
artek-rivi-pre-cut-fabric,Coupon de tissu Rivi (150 × 300 cm),Moutarde/blanc / Toile de coton,ART-RPF-62103204,160.00,72.6,45.1,0,CONTINUE,0,Rivi-Fabric-pre-cut-yellow_white_web_092f091b-8cde-44d9-95e4-6d298a33b795.jpg,Coupon de tissu Rivi (150 × 300 cm) — Moutarde/blanc / Coton,
artek-rivi-tray,Plateau Rivi,Blanc/bleu / 43 × 33 cm,ART-RT-28601707,51.00,23.1,45.2,0,CONTINUE,0,packshot-d11068f3c352bef09f995aeec1a96fac.png,Plateau Rivi — Blanc/bleu / 43 × 33 cm,
artek-rivi-tray,Plateau Rivi,Noir/blanc / 43 × 33 cm,ART-RT-28601708,51.00,23.1,45.2,0,CONTINUE,0,Rivi-Tray-black-_-white-large_web.jpg,Plateau Rivi — Noir/blanc / 43 × 33 cm,
artek-rivi-tray,Plateau Rivi,Moutarde/blanc / 43 × 33 cm,ART-RT-28601709,51.00,23.1,45.2,0,CONTINUE,0,Rivi-Tray-yellow_white-large_web.jpg,Plateau Rivi — Moutarde/blanc / 43 × 33 cm,
artek-rivi-tray,Plateau Rivi,Bleu/blanc / 43 × 33 cm,ART-RT-28601710,51.00,23.1,45.2,0,CONTINUE,0,Rivi-Tray-blue_white-large_web.jpg,Plateau Rivi — Bleu/blanc / 43 × 33 cm,
artek-rivi-tray,Plateau Rivi,Bleu/blanc / 27 × 20 cm,ART-RT-28601807,37.00,16.5,46.0,0,CONTINUE,0,Rivi-Tray-small-blue_white_web.jpg,Plateau Rivi — Bleu/blanc / 27 × 20 cm,
artek-rivi-tray,Plateau Rivi,Moutarde/blanc / 27 × 20 cm,ART-RT-28601808,37.00,16.5,46.0,0,CONTINUE,0,Rivi-Tray-yellow--white-small_web.jpg,Plateau Rivi — Moutarde/blanc / 27 × 20 cm,
artek-rivi-tray,Plateau Rivi,Blanc/bleu / 27 × 20 cm,ART-RT-28601809,37.00,16.5,46.0,0,CONTINUE,0,Rivi-Tray-white--blue-small_web.jpg,Plateau Rivi — Blanc/bleu / 27 × 20 cm,
artek-rivi-tray,Plateau Rivi,Noir/blanc / 27 × 20 cm,ART-RT-28601811,37.00,16.5,46.0,0,CONTINUE,0,Rivi-Tray-black-_-white-small_web.jpg,Plateau Rivi — Noir/blanc / 27 × 20 cm,
artek-rivi-cushion-cover,Housse de coussin Rivi,Bleu/blanc / 50 × 50 cm,ART-RCC-28603412,48.00,21.45,45.9,0,CONTINUE,0,packshot-527172e2c617ef65be371b6946d2b967.png,Housse de coussin Rivi — Bleu/blanc / 50 × 50 cm,
artek-rivi-cushion-cover,Housse de coussin Rivi,Bleu/blanc / 40 × 40 cm,ART-RCC-28609012,39.00,17.6,45.4,0,CONTINUE,0,Rivi-Cushion-small-blue_white_web.jpg,Housse de coussin Rivi — Bleu/blanc / 40 × 40 cm,
artek-rivi-cushion-cover,Housse de coussin Rivi,Blanc/bleu / 50 × 50 cm,ART-RCC-28603411,48.00,21.45,45.9,0,CONTINUE,0,Rivi-Cushion-large-white_blue_web.jpg,Housse de coussin Rivi — Blanc/bleu / 50 × 50 cm,
artek-rivi-cushion-cover,Housse de coussin Rivi,Blanc/bleu / 40 × 40 cm,ART-RCC-28609011,39.00,17.6,45.4,0,CONTINUE,0,Rivi-Cushion-small-white_blue_web.jpg,Housse de coussin Rivi — Blanc/bleu / 40 × 40 cm,
artek-rivi-cushion-cover,Housse de coussin Rivi,Noir/blanc / 50 × 50 cm,ART-RCC-28603413,48.00,21.45,45.9,0,CONTINUE,0,Rivi-Cushion-Cover-black-_-white-large_web_12b69638-403b-4ac6-aedc-2657e0074156.jpg,Housse de coussin Rivi — Noir/blanc / 50 × 50 cm,
artek-rivi-cushion-cover,Housse de coussin Rivi,Noir/blanc / 40 × 40 cm,ART-RCC-28609013,39.00,17.6,45.4,0,CONTINUE,0,Rivi-Cushion-Cover-black-_-white-small_web.jpg,Housse de coussin Rivi — Noir/blanc / 40 × 40 cm,
artek-rivi-cushion-cover,Housse de coussin Rivi,Moutarde/blanc / 50 × 50 cm,ART-RCC-28603414,48.00,21.45,45.9,0,CONTINUE,0,Rivi-Cushion-Cover-yellow_-white-large_web.jpg,Housse de coussin Rivi — Moutarde/blanc / 50 × 50 cm,
artek-rivi-cushion-cover,Housse de coussin Rivi,Moutarde/blanc / 40 × 40 cm,ART-RCC-28609014,39.00,17.6,45.4,0,CONTINUE,0,Rivi-Cushion-small-yellow_white_web.jpg,Housse de coussin Rivi — Moutarde/blanc / 40 × 40 cm,
artek-inner-cushion,Coussin de garnissage,40 × 40 cm,ART-IC-27000903,15.00,6.6,46.8,0,CONTINUE,0,packshot-dbdd10867e87732255bb1f186d890c88.png,Coussin de garnissage — 40 × 40 cm,
artek-inner-cushion,Coussin de garnissage,50 × 50 cm,ART-IC-27000904,25.00,11,46.8,0,CONTINUE,0,Inner_Cushion_50x50_web.jpg,Coussin de garnissage — 50 × 50 cm,
artek-rivi-canvas-bag,Sac en toile Rivi,Bleu/blanc,ART-RCB-28604412,39.00,17.6,45.4,0,CONTINUE,0,Rivi-Canvas-Bag-blue--white_1_web.jpg,Sac en toile Rivi — Bleu/blanc,
artek-rivi-canvas-bag,Sac en toile Rivi,Blanc/bleu,ART-RCB-28604411,39.00,17.6,45.4,0,CONTINUE,0,Rivi-Canvas-Bag-white--blue_1_web.jpg,Sac en toile Rivi — Blanc/bleu,
artek-rivi-canvas-bag,Sac en toile Rivi,Noir/blanc,ART-RCB-28604413,39.00,17.6,45.4,0,CONTINUE,0,Rivi-Canvas-Bag-black-_white_webr_578e5b95-e791-4595-a9ef-6139ad3e68de.jpg,Sac en toile Rivi — Noir/blanc,
artek-rivi-canvas-bag,Sac en toile Rivi,Moutarde/blanc,ART-RCB-28604414,39.00,17.6,45.4,0,CONTINUE,0,Rivi-Canvas-Bag-yellow_white_web.jpg,Sac en toile Rivi — Moutarde/blanc,
artek-rivi-pouch,Pochette Rivi,Blanc/bleu,ART-RP-28609111,34.00,15.4,45.2,0,CONTINUE,0,packshot-abef87965959b9b28ac670a11779e178.png,Pochette Rivi — Blanc/bleu,
artek-rivi-pouch,Pochette Rivi,Bleu/blanc,ART-RP-28609112,34.00,15.4,45.2,0,CONTINUE,0,Rivi-Pouch-small-blue-white_web.jpg,Pochette Rivi — Bleu/blanc,
artek-rivi-pouch,Pochette Rivi,Noir/blanc,ART-RP-28609113,34.00,15.4,45.2,0,CONTINUE,0,Rivi-Pouch-black-_-white-small_web.jpg,Pochette Rivi — Noir/blanc,
artek-rivi-pouch,Pochette Rivi,Moutarde/blanc,ART-RP-28609114,34.00,15.4,45.2,0,CONTINUE,0,Rivi-Pouch-small-yellow_white_web.jpg,Pochette Rivi — Moutarde/blanc,
artek-siena-fabric,Tissu Siena (au mètre),Blanc/blanc / Coton,ART-SF-62100101,37.00,16.5,46.0,0,CONTINUE,0,packshot-f4516431f8ae218e2f70aeb801d7d528.png,Tissu Siena (au mètre) — Blanc/blanc / Coton,
artek-siena-fabric,Tissu Siena (au mètre),Blanc/noir / Coton,ART-SF-62100102,37.00,16.5,46.0,0,CONTINUE,0,Siena-Fabric-pre-cut-white_black_web.jpg,Tissu Siena (au mètre) — Blanc/noir / Coton,
artek-siena-fabric,Tissu Siena (au mètre),Sable/blanc / Coton,ART-SF-62100107,37.00,16.5,46.0,0,CONTINUE,0,Siena-Fabric-pre-cut-sand--white_web.jpg,Tissu Siena (au mètre) — Sable/blanc / Coton,
artek-siena-fabric,Tissu Siena (au mètre),Brique/sable ombré / Coton,ART-SF-62100108,37.00,16.5,46.0,0,CONTINUE,0,Siena-Fabric-pre-cut-brick--sand-shadow_web.jpg,Tissu Siena (au mètre) — Brique/sable ombré / Coton,
artek-siena-fabric,Tissu Siena (au mètre),Gris/gris clair ombré / Coton,ART-SF-62100109,37.00,16.5,46.0,0,CONTINUE,0,Siena-Fabric-pre-cut-grey--light-grey-shadow_web..jpg,Tissu Siena (au mètre) — Gris/gris clair ombré / Coton,
artek-siena-fabric,Tissu Siena (au mètre),Blanc/blanc / Coton enduit,ART-SF-62100201,42.00,18.7,46.1,0,CONTINUE,0,packshot-f4516431f8ae218e2f70aeb801d7d528.png,Tissu Siena (au mètre) — Blanc/blanc / Coton,
artek-siena-fabric,Tissu Siena (au mètre),Blanc/noir / Coton enduit,ART-SF-62100202,42.00,18.7,46.1,0,CONTINUE,0,Siena-Fabric-pre-cut-white_black_web.jpg,Tissu Siena (au mètre) — Blanc/noir / Coton,
artek-siena-fabric,Tissu Siena (au mètre),Sable/blanc / Coton enduit,ART-SF-62100207,42.00,18.7,46.1,0,CONTINUE,0,Siena-Fabric-pre-cut-sand--white_web.jpg,Tissu Siena (au mètre) — Sable/blanc / Coton,
artek-siena-fabric,Tissu Siena (au mètre),Brique/sable ombré / Coton enduit,ART-SF-62100208,42.00,18.7,46.1,0,CONTINUE,0,Siena-Fabric-pre-cut-brick--sand-shadow_web.jpg,Tissu Siena (au mètre) — Brique/sable ombré / Coton,
artek-siena-fabric,Tissu Siena (au mètre),Gris/gris clair ombré / Coton enduit,ART-SF-62100209,42.00,18.7,46.1,0,CONTINUE,0,Siena-Fabric-pre-cut-grey--light-grey-shadow_web..jpg,Tissu Siena (au mètre) — Gris/gris clair ombré / Coton,
artek-siena-fabric,Tissu Siena (au mètre),Blanc/noir / Toile de coton,ART-SF-62100302,54.00,24.2,45.8,0,CONTINUE,0,Siena-Fabric-pre-cut-white_black_web.jpg,Tissu Siena (au mètre) — Blanc/noir / Coton,
artek-siena-fabric,Tissu Siena (au mètre),Sable/blanc / Toile de coton,ART-SF-62100307,54.00,24.2,45.8,0,CONTINUE,0,Siena-Fabric-pre-cut-sand--white_web.jpg,Tissu Siena (au mètre) — Sable/blanc / Coton,
artek-siena-fabric,Tissu Siena (au mètre),Brique/sable ombré / Toile de coton,ART-SF-62100308,54.00,24.2,45.8,0,CONTINUE,0,Siena-Fabric-pre-cut-brick--sand-shadow_web.jpg,Tissu Siena (au mètre) — Brique/sable ombré / Coton,
artek-siena-fabric,Tissu Siena (au mètre),Gris/gris clair ombré / Toile de coton,ART-SF-62100309,54.00,24.2,45.8,0,CONTINUE,0,Siena-Fabric-pre-cut-grey--light-grey-shadow_web..jpg,Tissu Siena (au mètre) — Gris/gris clair ombré / Coton,
artek-siena-pre-cut-fabric,Coupon de tissu Siena (150 × 300 cm),Blanc/noir / Coton,ART-SPF-62103401,109.00,49.5,45.1,0,CONTINUE,0,packshot-99b56a6b0db0af8b52ad5ed401dd219d.png,Coupon de tissu Siena (150 × 300 cm) — Blanc/noir / Coton,
artek-siena-pre-cut-fabric,Coupon de tissu Siena (150 × 300 cm),Blanc/blanc / Coton,ART-SPF-62103402,109.00,49.5,45.1,0,CONTINUE,0,Siena-Fabric-pre-cut-white_white_web_e5a86ae6-cef7-4970-8974-8e6434e3a685.jpg,Coupon de tissu Siena (150 × 300 cm) — Blanc/blanc / Coton,
artek-siena-pre-cut-fabric,Coupon de tissu Siena (150 × 300 cm),Sable/blanc / Coton,ART-SPF-62103407,109.00,49.5,45.1,0,CONTINUE,0,Siena-Fabric-pre-cut-sand--white_web_1931b7d8-fdd4-4303-b55b-d6e97991b775.jpg,Coupon de tissu Siena (150 × 300 cm) — Sable/blanc / Coton,
artek-siena-pre-cut-fabric,Coupon de tissu Siena (150 × 300 cm),Brique/sable ombré / Coton,ART-SPF-62103408,109.00,49.5,45.1,0,CONTINUE,0,Siena-Fabric-pre-cut-brick--sand-shadow_web_6b630f99-b3e8-4776-a19c-0de3dd161d18.jpg,Coupon de tissu Siena (150 × 300 cm) — Brique/sable ombré / Coton,
artek-siena-pre-cut-fabric,Coupon de tissu Siena (150 × 300 cm),Gris/gris clair ombré / Coton,ART-SPF-62103409,109.00,49.5,45.1,0,CONTINUE,0,Siena-Fabric-pre-cut-grey--light-grey-shadow_web._c45fded9-dfc2-43f9-b6d3-95d033682666.jpg,Coupon de tissu Siena (150 × 300 cm) — Gris/gris clair ombré / Coton,
artek-siena-pre-cut-fabric,Coupon de tissu Siena (150 × 300 cm),Blanc/noir / Coton enduit,ART-SPF-62103501,124.00,56.1,45.3,0,CONTINUE,0,packshot-99b56a6b0db0af8b52ad5ed401dd219d.png,Coupon de tissu Siena (150 × 300 cm) — Blanc/noir / Coton,
artek-siena-pre-cut-fabric,Coupon de tissu Siena (150 × 300 cm),Blanc/blanc / Coton enduit,ART-SPF-62103502,124.00,56.1,45.3,0,CONTINUE,0,Siena-Fabric-pre-cut-white_white_web_e5a86ae6-cef7-4970-8974-8e6434e3a685.jpg,Coupon de tissu Siena (150 × 300 cm) — Blanc/blanc / Coton,
artek-siena-pre-cut-fabric,Coupon de tissu Siena (150 × 300 cm),Sable/blanc / Coton enduit,ART-SPF-62103507,124.00,56.1,45.3,0,CONTINUE,0,Siena-Fabric-pre-cut-sand--white_web_1931b7d8-fdd4-4303-b55b-d6e97991b775.jpg,Coupon de tissu Siena (150 × 300 cm) — Sable/blanc / Coton,
artek-siena-pre-cut-fabric,Coupon de tissu Siena (150 × 300 cm),Brique/sable ombré / Coton enduit,ART-SPF-62103508,124.00,56.1,45.3,0,CONTINUE,0,Siena-Fabric-pre-cut-brick--sand-shadow_web_6b630f99-b3e8-4776-a19c-0de3dd161d18.jpg,Coupon de tissu Siena (150 × 300 cm) — Brique/sable ombré / Coton,
artek-siena-pre-cut-fabric,Coupon de tissu Siena (150 × 300 cm),Gris/gris clair ombré / Coton enduit,ART-SPF-62103509,124.00,56.1,45.3,0,CONTINUE,0,Siena-Fabric-pre-cut-grey--light-grey-shadow_web._c45fded9-dfc2-43f9-b6d3-95d033682666.jpg,Coupon de tissu Siena (150 × 300 cm) — Gris/gris clair ombré / Coton,
artek-siena-pre-cut-fabric,Coupon de tissu Siena (150 × 300 cm),Blanc/noir / Toile de coton,ART-SPF-62103601,160.00,72.6,45.1,0,CONTINUE,0,packshot-99b56a6b0db0af8b52ad5ed401dd219d.png,Coupon de tissu Siena (150 × 300 cm) — Blanc/noir / Coton,
artek-siena-pre-cut-fabric,Coupon de tissu Siena (150 × 300 cm),Sable/blanc / Toile de coton,ART-SPF-62103607,160.00,72.6,45.1,0,CONTINUE,0,Siena-Fabric-pre-cut-sand--white_web_1931b7d8-fdd4-4303-b55b-d6e97991b775.jpg,Coupon de tissu Siena (150 × 300 cm) — Sable/blanc / Coton,
artek-siena-pre-cut-fabric,Coupon de tissu Siena (150 × 300 cm),Brique/sable ombré / Toile de coton,ART-SPF-62103608,160.00,72.6,45.1,0,CONTINUE,0,Siena-Fabric-pre-cut-brick--sand-shadow_web_6b630f99-b3e8-4776-a19c-0de3dd161d18.jpg,Coupon de tissu Siena (150 × 300 cm) — Brique/sable ombré / Coton,
artek-siena-pre-cut-fabric,Coupon de tissu Siena (150 × 300 cm),Gris/gris clair ombré / Toile de coton,ART-SPF-62103609,160.00,72.6,45.1,0,CONTINUE,0,Siena-Fabric-pre-cut-grey--light-grey-shadow_web._c45fded9-dfc2-43f9-b6d3-95d033682666.jpg,Coupon de tissu Siena (150 × 300 cm) — Gris/gris clair ombré / Coton,
artek-siena-cushion-cover,Housse de coussin Siena,Blanc/noir / 50 × 50 cm,ART-SCC-28603402,48.00,21.45,45.9,0,CONTINUE,0,packshot-0f8607bf75774825b357b824c6d9a029.png,Housse de coussin Siena — Artek,[moyen] Alt de l’image de variante « Housse de coussin Siena — Artek » sans rapport avec la finition « Blanc/noir / 50 × 50 cm ».
artek-siena-cushion-cover,Housse de coussin Siena,Blanc/noir / 40 × 40 cm,ART-SCC-28609002,39.00,17.6,45.4,0,CONTINUE,0,Siena_Cushion_Cover_40x40_black_white_web.jpg,Housse de coussin Siena — Blanc/noir / 40 × 40 cm,
artek-siena-cushion-cover,Housse de coussin Siena,Sable/blanc / 50 × 50 cm,ART-SCC-28603407,48.00,21.45,45.9,0,CONTINUE,0,Siena-Cushion-Cover-Cotton-Canvas-large-50-x-50-cm-sand--white_web.jpg,Housse de coussin Siena — Sable/blanc / 50 × 50 cm,
artek-siena-cushion-cover,Housse de coussin Siena,Sable/blanc / 40 × 40 cm,ART-SCC-28609027,39.00,17.6,45.4,0,CONTINUE,0,Siena-Cushion-Cover-Cotton-Canvas-small-40-x-40-cm-sand--white_web.jpg,Housse de coussin Siena — Sable/blanc / 40 × 40 cm,
artek-siena-cushion-cover,Housse de coussin Siena,Brique/sable ombré / 50 × 50 cm,ART-SCC-28603408,48.00,21.45,45.9,0,CONTINUE,0,Siena-Cushion-Cover-Cotton-Canvas-large-50-x-50-cm-brick--sand-shadow_web.jpg,Housse de coussin Siena — Brique/sable ombré / 50 × 50 cm,
artek-siena-cushion-cover,Housse de coussin Siena,Brique/sable ombré / 40 × 40 cm,ART-SCC-28609028,39.00,17.6,45.4,0,CONTINUE,0,Siena-Cushion-Cover-Cotton-Canvas-small-40-x-40-cm-brick--sand-shadow_web.jpg,Housse de coussin Siena — Brique/sable ombré / 40 × 40 cm,
artek-siena-cushion-cover,Housse de coussin Siena,Gris/gris clair ombré / 50 × 50 cm,ART-SCC-28603409,48.00,21.45,45.9,0,CONTINUE,0,Siena-Cushion-Cover-Cotton-Canvas-large-50-x-50-cm-grey--light-grey-shadow_web.jpg,Housse de coussin Siena — Gris/gris clair ombré / 50 × 50 cm,
artek-siena-cushion-cover,Housse de coussin Siena,Gris/gris clair ombré / 40 × 40 cm,ART-SCC-28609029,39.00,17.6,45.4,0,CONTINUE,0,Siena-Cushion-Cover-Cotton-Canvas-small-40-x-40-cm-grey--light-grey-shadow_web.jpg,Housse de coussin Siena — Gris/gris clair ombré / 40 × 40 cm,
artek-siena-canvas-bag,Sac en toile Siena,Blanc/noir,ART-SCB-28604402,39.00,17.6,45.4,0,CONTINUE,0,packshot-9e65d29403107954f1e519059ab263f3.png,Sac en toile Siena — Blanc/noir,
artek-siena-canvas-bag,Sac en toile Siena,Sable/blanc,ART-SCB-28604407,39.00,17.6,45.4,0,CONTINUE,0,Siena-Canvas-Bag-sand--white_web.jpg,Sac en toile Siena — Sable/blanc,
artek-siena-canvas-bag,Sac en toile Siena,Brique/sable ombré,ART-SCB-28604408,39.00,17.6,45.4,0,CONTINUE,0,Siena-Canvas-Bag-brick--sand-shadow_web_878e307a-a0e9-44a3-9826-a063c3f36089.jpg,Sac en toile Siena — Brique/sable ombré,
artek-siena-canvas-bag,Sac en toile Siena,Gris/gris clair ombré,ART-SCB-28604409,39.00,17.6,45.4,0,CONTINUE,0,Siena-Canvas-Bag-grey--light-grey-shadow_web.jpg,Sac en toile Siena — Gris/gris clair ombré,
artek-siena-pouch,Pochette Siena,Blanc/noir,ART-SP-28609102,34.00,15.4,45.2,0,CONTINUE,0,packshot-faa08d3f4845e9303354a576253e6af1.png,Pochette Siena — Blanc/noir,
artek-siena-pouch,Pochette Siena,Sable/blanc,ART-SP-28609107,34.00,15.4,45.2,0,CONTINUE,0,Siena-Pouch-small-sand--white_web.jpg,Pochette Siena — Sable/blanc,
artek-siena-pouch,Pochette Siena,Brique/sable ombré,ART-SP-28609108,34.00,15.4,45.2,0,CONTINUE,0,Siena-Pouch-small-brick--sand-shadow_web.jpg,Pochette Siena — Brique/sable ombré,
artek-siena-pouch,Pochette Siena,Gris/gris clair ombré,ART-SP-28609109,34.00,15.4,45.2,0,CONTINUE,0,Siena-Pouch-small-grey--light-grey-shadow_web.jpg,Pochette Siena — Gris/gris clair ombré,
artek-siena-tray,Plateau Siena,Blanc/noir / 43 × 33 cm,ART-ST-28601702,51.00,23.1,45.2,0,CONTINUE,0,packshot-5f03f3ba3c2cfea317ca092b0e55c5dd.png,Plateau Siena — Blanc/noir / 43 × 33 cm,
artek-siena-tray,Plateau Siena,Blanc/noir / 27 × 20 cm,ART-ST-28601802,37.00,16.5,46.0,0,CONTINUE,0,Siena-Tray-white--black-small_web.jpg,Plateau Siena — Blanc/noir / 27 × 20 cm,
artek-siena-tray,Plateau Siena,Sable/blanc / 43 × 33 cm,ART-ST-28601727,51.00,23.1,45.2,0,CONTINUE,0,Siena-Tray-large-sand--white_web.jpg,Plateau Siena — Sable/blanc / 43 × 33 cm,
artek-siena-tray,Plateau Siena,Sable/blanc / 27 × 20 cm,ART-ST-28601827,37.00,16.5,46.0,0,CONTINUE,0,Siena-Tray-small-sand--white_web.jpg,Plateau Siena — Sable/blanc / 27 × 20 cm,
artek-siena-tray,Plateau Siena,Brique/sable ombré / 43 × 33 cm,ART-ST-28601728,51.00,23.1,45.2,0,CONTINUE,0,Siena-Tray-large-brick--sand-shadow_web.jpg,Plateau Siena — Brique/sable ombré / 43 × 33 cm,
artek-siena-tray,Plateau Siena,Brique/sable ombré / 27 × 20 cm,ART-ST-28601828,37.00,16.5,46.0,0,CONTINUE,0,Siena-Tray-small-brick--sand-shadow_web.jpg,Plateau Siena — Brique/sable ombré / 27 × 20 cm,
artek-siena-tray,Plateau Siena,Gris/gris clair ombré / 43 × 33 cm,ART-ST-28601729,51.00,23.1,45.2,0,CONTINUE,0,Siena-Tray-large-grey--light-grey-shadow_web.jpg,Plateau Siena — Gris/gris clair ombré / 43 × 33 cm,
artek-siena-tray,Plateau Siena,Gris/gris clair ombré / 27 × 20 cm,ART-ST-28601829,37.00,16.5,46.0,0,CONTINUE,0,Siena-Tray-small-grey--light-grey-shadow_web.jpg,Plateau Siena — Gris/gris clair ombré / 27 × 20 cm,
artek-zebra-seat-cushion,Coussin d'assise Zebra,Default Title,ART-ZSC-28609310,105.00,47.3,45.5,0,CONTINUE,0,packshot-124f9b8abd16dda26e32fdcd7c2ed7db.png,Coussin d'assise Zebra — Artek,
artek-zebra-cushion-cover,Housse de coussin Zebra,50 × 50 cm,ART-ZCC-28603910,148.00,67.1,45.1,0,CONTINUE,0,packshot-1bd986107675d8f4aec3e9b61b68fdbc.png,Housse de coussin Zebra — 50 × 50 cm,
artek-zebra-cushion-cover,Housse de coussin Zebra,40 × 40 cm,ART-ZCC-28604010,90.00,40.7,45.3,0,CONTINUE,0,Zebra-Cushion-Cover-40x40_web.jpg,Housse de coussin Zebra — 40 × 40 cm,
artek-zebra-tote-bag,Sac cabas Zebra,Default Title,ART-ZTB-28609311,210.00,95.15,45.2,0,CONTINUE,0,packshot-ea3762a5c1441f443da81794e5bcfe02.png,Sac cabas Zebra — Artek,
artek-zebra-pouch,Pochette Zebra,"29,5 × 22 cm",ART-ZP-28609313,80.00,36.3,45.1,0,CONTINUE,0,Artek-Zebra-Pouch-L_web.jpg,Pochette Zebra — Artek,
artek-zebra-pouch,Pochette Zebra,25 × 17 cm,ART-ZP-28609312,62.00,28.05,45.3,0,CONTINUE,0,packshot-ba7e1329eae3a6fb3cc0354846d09b7f.png,Pochette Zebra — Artek,
artek-webbing,Sangle en lin (au mètre),Naturel/blanc,ART-W-27004303,20.00,8.8,46.8,0,CONTINUE,0,packshot-7f232f7c47fae2b90adf2b23e24a8a76.png,Sangle en lin (au mètre) — Naturel/blanc,
artek-webbing,Sangle en lin (au mètre),Naturel/rouge,ART-W-27004304,20.00,8.8,46.8,0,CONTINUE,0,Artek-Webbing-natural_red_web.jpg,Sangle en lin (au mètre) — Naturel/rouge,
artek-webbing,Sangle en lin (au mètre),Naturel/noir,ART-W-27004305,20.00,8.8,46.8,0,CONTINUE,0,Artek-Webbing-natural_black_web.jpg,Sangle en lin (au mètre) — Naturel/noir,
artek-webbing,Sangle en lin (au mètre),Noir/noir,ART-W-27004306,20.00,8.8,46.8,0,CONTINUE,0,Artek-Webbing-black_black_web.jpg,Sangle en lin (au mètre) — Noir/noir,
artek-webbing,Sangle en lin (au mètre),Noir/marron,ART-W-27004307,20.00,8.8,46.8,0,CONTINUE,0,Artek-Webbing-black_brown_web.jpg,Sangle en lin (au mètre) — Noir/marron,
artek-webbing,Sangle en lin (au mètre),Noir/bleu,ART-W-27004308,20.00,8.8,46.8,0,CONTINUE,0,Artek-Webbing-black_blue_web.jpg,Sangle en lin (au mètre) — Noir/bleu,
artek-zebra-fabric,Tissu Zebra (au mètre),Default Title,ART-ZF-62101613,351.00,159.5,45.0,0,CONTINUE,0,packshot-25b0ec7a713d61ee1935a61040315129.png,Tissu Zebra (au mètre) — Artek,
artek-h55-fabric,Tissu H55 (au mètre),Default Title,ART-H55F-62101513,288.00,130.9,45.0,0,CONTINUE,0,artek-artek-h55-fabric-00.png,Tissu d'ameublement H55 noir et blanc — Artek,
artek-felt-glides,Patins feutre (Lot de 4),LG60 (17 × 30 mm),ART-FG-27004901,20.00,8.8,46.8,0,CONTINUE,0,packshot-9ad616a474e7fab12b4b2c552e78a4a2.png,Patins feutre (Lot de 4) — Artek,[moyen] Alt de l’image de variante « Patins feutre (Lot de 4) — Artek » sans rapport avec la finition « LG60 (17 × 30 mm) ».
artek-felt-glides,Patins feutre (Lot de 4),LG80 (22 × 45 mm),ART-FG-27004902,20.00,8.8,46.8,0,CONTINUE,0,packshot-9ad616a474e7fab12b4b2c552e78a4a2.png,Patins feutre (Lot de 4) — Artek,[moyen] Alt de l’image de variante « Patins feutre (Lot de 4) — Artek » sans rapport avec la finition « LG80 (22 × 45 mm) ».
artek-felt-glides,Patins feutre (Lot de 4),LG83 (28 × 52 mm),ART-FG-27004903,20.00,8.8,46.8,0,CONTINUE,0,packshot-9ad616a474e7fab12b4b2c552e78a4a2.png,Patins feutre (Lot de 4) — Artek,[moyen] Alt de l’image de variante « Patins feutre (Lot de 4) — Artek » sans rapport avec la finition « LG83 (28 × 52 mm) ».
artek-armchair-45,Fauteuil 45,"Teinté miel, sangle naturel/rouge, accoudoirs nus",ART-A45-28202651,1749.00,852.55,41.0,0,CONTINUE,0,packshot-0a99bc525e2b143c52b33082e9a0d386.png,"Fauteuil 45 — Teinté miel, sangle naturel/rouge, accoudoirs nus",
artek-armchair-45,Fauteuil 45,"Teinté noyer, sangle naturel/blanc, accoudoirs nus",ART-A45-28202652,1749.00,852.55,41.0,0,CONTINUE,0,Armchair-45-walnut-stained_-linen-webbing-naturalwhite_-bare-armrests-cut-out_web_f484e420-53f0-4e6d-a425-75be904744b1.jpg,"Fauteuil 45 — Teinté noyer, sangle naturel/blanc, accoudoirs nus",
artek-armchair-45,Fauteuil 45,"Laqué noir, sangle noir/bleu, accoudoirs gainés cuir Prestige noir",ART-A45-28202653,1936.00,944,41.0,0,CONTINUE,0,Armchair-45-black-lacquered_-linen-webbing-blackblue_-leather-flat-wrap-armrests-cut-out_web_71e2eeb1-6c97-4762-8f96-b7c3b66e3637.jpg,"Fauteuil 45 — Laqué noir, sangle noir/bleu, accoudoirs gainés cuir Prestige noir",
artek-armchair-45,Fauteuil 45,"Verni transparent, sangle naturel/noir, accoudoirs rotin",ART-A45-28202654,2024.00,986.48,41.0,0,CONTINUE,0,Armchair-45-clear-lacquered_-linen-webbing-naturalblack_-rattan-armrests-cut-out_web_118fbfa1-175c-48f8-87a6-8f8ae34d76b5.jpg,"Fauteuil 45 — Verni transparent, sangle naturel/noir, accoudoirs rotin",
artek-armchair-45,Fauteuil 45,"Laqué noir, cuir capitonné Prestige noir, accoudoirs gainés cuir Prestige noir",ART-A45-28202655,2984.00,1454.94,41.0,0,CONTINUE,0,Armchair-45-black-lacquered_-quilted-leather-black_-leather-flat-wrap-armrests-cut-out_web_c455c8a5-46ea-47c7-a7be-67e691b7ee0f.jpg,"Fauteuil 45 — Laqué noir, cuir capitonné Prestige noir, accoudoirs gainés cuir Prestige noir",
artek-armchair-45,Fauteuil 45,"Teinté noyer, cuir capitonné Envy olive, accoudoirs gainés cuir Envy olive",ART-A45-28202656,3315.00,1616.01,41.0,0,CONTINUE,0,Armchair-45-walnut-stained_-quilted-leather-olive_-leather-flat-wrap-armrests-cut-out_web_6571f548-992f-47a1-98ba-c077cdc56cfe.jpg,"Fauteuil 45 — Teinté noyer, cuir capitonné Envy olive, accoudoirs gainés cuir Envy olive",
artek-armchair-45,Fauteuil 45,"Teinté miel, cuir capitonné Spectrum leaf, accoudoirs rotin",ART-A45-28202657,3375.00,1645.51,41.0,0,CONTINUE,0,Armchair-45-honey-stained_-quilted-leather-leaf_-rattan-armrests-cut-out_web_93e58069-92d3-41c8-a468-0b50f1979799.jpg,"Fauteuil 45 — Teinté miel, cuir capitonné Spectrum leaf, accoudoirs rotin",
artek-armchair-45,Fauteuil 45,"Verni transparent, cuir capitonné Elegance noyer, accoudoirs enroulés cuir Elegance noyer",ART-A45-28202658,4042.00,1970.6,41.0,0,CONTINUE,0,Armchair-45-clear-lacquered_-quilted-leather-cognac_-leather-winding-armrests-cut-out_web_2dde4648-2eb1-4885-a77a-5fe08f56d8f8.jpg,"Fauteuil 45 — Verni transparent, cuir capitonné Elegance noyer, accoudoirs enroulés cuir Elegance noyer",
artek-bench-167,Banc 167,Bouleau — cuir Prestige cognac,ART-B167-28502502-NAT,2809.00,1376.47,40.7,0,CONTINUE,0,Bench-167-legs-clear-lacquered_-upholstered-leather_cut-out_web.jpg,Banc 167 — Bouleau — cuir Prestige cognac,"[faible] « Bouleau » n'est pas écrit comme sur les bancs voisins (« Verni naturel » sur le 168B, « Bouleau verni naturel » sur le 153A)."
artek-bench-167,Banc 167,Laqué blanc — cuir Prestige cognac,ART-B167-28502502-BLC,2840.00,1391.22,40.7,0,CONTINUE,0,Bench-167-legs-white-lacquered_-upholstered-leather_cut-out_web.jpg,Banc 167 — Laqué blanc — cuir Prestige cognac,
artek-bench-167,Banc 167,Laqué noir — cuir Prestige cognac,ART-B167-28502502-NOI,2840.00,1391.22,40.7,0,CONTINUE,0,packshot-396daac6fd81ef4a71b5d349a3e3d453.png,Banc 167 — Laqué noir — cuir Prestige cognac,
artek-kiki-bench-1-seater,Banc Kiki 1 place,Tissu F40,ART-KIKB1-28501002-F40,1070.00,532.18,39.8,0,CONTINUE,0,packshot-c9a481124c04684ec4b7804b0305d3d7.png,Banc Kiki 1 place — Tissu F40,
artek-kiki-bench-1-seater,Banc Kiki 1 place,Tissu F60,ART-KIKB1-28501002-F60,1093.00,543.39,39.8,0,CONTINUE,0,packshot-c9a481124c04684ec4b7804b0305d3d7.png,Banc Kiki 1 place — Tissu F40,
artek-kiki-bench-1-seater,Banc Kiki 1 place,Tissu F80,ART-KIKB1-28501002-F80,1113.00,553.42,39.8,0,CONTINUE,0,packshot-c9a481124c04684ec4b7804b0305d3d7.png,Banc Kiki 1 place — Tissu F40,
artek-kiki-bench-1-seater,Banc Kiki 1 place,Tissu F100,ART-KIKB1-28501002-F100,1137.00,565.22,39.8,0,CONTINUE,0,packshot-c9a481124c04684ec4b7804b0305d3d7.png,Banc Kiki 1 place — Tissu F40,
artek-kiki-bench-1-seater,Banc Kiki 1 place,Tissu F140,ART-KIKB1-28501002-F140,1179.00,586.46,39.8,0,CONTINUE,0,packshot-c9a481124c04684ec4b7804b0305d3d7.png,Banc Kiki 1 place — Tissu F40,
artek-kiki-bench-1-seater,Banc Kiki 1 place,Tissu F200,ART-KIKB1-28501002-F200,1256.00,624.81,39.8,0,CONTINUE,0,packshot-c9a481124c04684ec4b7804b0305d3d7.png,Banc Kiki 1 place — Tissu F40,
artek-kiki-bench-1-seater,Banc Kiki 1 place,Cuir L40,ART-KIKB1-28501002-L40,1427.00,709.77,39.8,0,CONTINUE,0,Kiki-Bench-1-Seater-Seat-leather-upholstery-indian-red-2494539.jpg,Banc Kiki 1 place — Cuir L40,
artek-kiki-bench-1-seater,Banc Kiki 1 place,Cuir L60,ART-KIKB1-28501002-L60,1629.00,810.07,39.8,0,CONTINUE,0,Kiki-Bench-1-Seater-Seat-leather-upholstery-indian-red-2494539.jpg,Banc Kiki 1 place — Cuir L40,
artek-kiki-bench-2-seater,Banc Kiki 2 places,Tissu F40,ART-KIKB2-28501102-F40,1645.00,818.33,39.8,0,CONTINUE,0,packshot-8843f1108a7d6a9050222c09a5f64184.png,Banc Kiki 2 places — Tissu F40,
artek-kiki-bench-2-seater,Banc Kiki 2 places,Tissu F60,ART-KIKB2-28501102-F60,1681.00,836.03,39.8,0,CONTINUE,0,packshot-8843f1108a7d6a9050222c09a5f64184.png,Banc Kiki 2 places — Tissu F40,
artek-kiki-bench-2-seater,Banc Kiki 2 places,Tissu F80,ART-KIKB2-28501102-F80,1717.00,853.73,39.8,0,CONTINUE,0,packshot-8843f1108a7d6a9050222c09a5f64184.png,Banc Kiki 2 places — Tissu F40,
artek-kiki-bench-2-seater,Banc Kiki 2 places,Tissu F100,ART-KIKB2-28501102-F100,1751.00,870.84,39.8,0,CONTINUE,0,packshot-8843f1108a7d6a9050222c09a5f64184.png,Banc Kiki 2 places — Tissu F40,
artek-kiki-bench-2-seater,Banc Kiki 2 places,Tissu F140,ART-KIKB2-28501102-F140,1820.00,905.06,39.8,0,CONTINUE,0,packshot-8843f1108a7d6a9050222c09a5f64184.png,Banc Kiki 2 places — Tissu F40,
artek-kiki-bench-2-seater,Banc Kiki 2 places,Tissu F200,ART-KIKB2-28501102-F200,1942.00,965.83,39.8,0,CONTINUE,0,packshot-8843f1108a7d6a9050222c09a5f64184.png,Banc Kiki 2 places — Tissu F40,
artek-kiki-bench-2-seater,Banc Kiki 2 places,Cuir L40,ART-KIKB2-28501102-L40,2337.00,1162.3,39.8,0,CONTINUE,0,Kiki-Bench-Seater-Seat-leather-upholstery-mocca-2494537_8cf48e85-442a-4fc6-9e74-0b87d36275fe.jpg,Banc Kiki 2 places — Cuir L40,
artek-kiki-bench-2-seater,Banc Kiki 2 places,Cuir L60,ART-KIKB2-28501102-L60,2714.00,1349.92,39.8,0,CONTINUE,0,Kiki-Bench-Seater-Seat-leather-upholstery-mocca-2494537_8cf48e85-442a-4fc6-9e74-0b87d36275fe.jpg,Banc Kiki 2 places — Cuir L40,
artek-kiki-bench-3-seater,Banc Kiki 3 places,Tissu F40,ART-KIKB3-28501202-F40,2389.00,1188.26,39.8,0,CONTINUE,0,packshot-cd3d8d43681a3192fb20eb80091f2a4f.png,Banc Kiki 3 places — Tissu F40,
artek-kiki-bench-3-seater,Banc Kiki 3 places,Tissu F60,ART-KIKB3-28501202-F60,2440.00,1213.63,39.8,0,CONTINUE,0,packshot-cd3d8d43681a3192fb20eb80091f2a4f.png,Banc Kiki 3 places — Tissu F40,
artek-kiki-bench-3-seater,Banc Kiki 3 places,Tissu F80,ART-KIKB3-28501202-F80,2492.00,1239.59,39.8,0,CONTINUE,0,packshot-cd3d8d43681a3192fb20eb80091f2a4f.png,Banc Kiki 3 places — Tissu F40,
artek-kiki-bench-3-seater,Banc Kiki 3 places,Tissu F100,ART-KIKB3-28501202-F100,2544.00,1265.55,39.8,0,CONTINUE,0,packshot-cd3d8d43681a3192fb20eb80091f2a4f.png,Banc Kiki 3 places — Tissu F40,
artek-kiki-bench-3-seater,Banc Kiki 3 places,Tissu F140,ART-KIKB3-28501202-F140,2650.00,1318.06,39.8,0,CONTINUE,0,packshot-cd3d8d43681a3192fb20eb80091f2a4f.png,Banc Kiki 3 places — Tissu F40,
artek-kiki-bench-3-seater,Banc Kiki 3 places,Tissu F200,ART-KIKB3-28501202-F200,2833.00,1408.92,39.8,0,CONTINUE,0,packshot-cd3d8d43681a3192fb20eb80091f2a4f.png,Banc Kiki 3 places — Tissu F40,
artek-kiki-bench-3-seater,Banc Kiki 3 places,Cuir L40,ART-KIKB3-28501202-L40,3424.00,1703.33,39.8,0,CONTINUE,0,Kiki-Bench-3-Seater-leather_sorensen_walnut-2413838_206455e1-6c61-4391-8b66-e91d7a0718b8.jpg,Banc Kiki 3 places — Cuir L40,
artek-kiki-bench-3-seater,Banc Kiki 3 places,Cuir L60,ART-KIKB3-28501202-L60,3990.00,1984.76,39.8,0,CONTINUE,0,Kiki-Bench-3-Seater-leather_sorensen_walnut-2413838_206455e1-6c61-4391-8b66-e91d7a0718b8.jpg,Banc Kiki 3 places — Cuir L40,
artek-domus-chair-seat-upholstered,Chaise Domus assise rembourrée,Bouleau — cuir noir,ART-DCSU-28105102-NAT,1075.00,533.36,40.0,1,CONTINUE,0,packshot-abf65b5d684d2fb987e57f0ab8fefbd5.png,Chaise Domus assise rembourrée — Bouleau — cuir noir,[info] 1 en stock : Bouleau — cuir noir (ART-DCSU-28105102-NAT) (affiché « À voir en boutique »).
artek-domus-chair-seat-upholstered,Chaise Domus assise rembourrée,Teinté noir — cuir noir,ART-DCSU-28105102-TNO,1110.00,550.47,40.0,0,CONTINUE,0,Domus-Chair-legs-black-stained-birch_seat-leather-black_web.jpg,Chaise Domus assise rembourrée — Teinté noir — cuir noir,
artek-domus-chair-seat-upholstered,Chaise Domus assise rembourrée,Chêne — cuir noir,ART-DCSU-28105102-CHE,1215.00,613.6,38.9,0,CONTINUE,0,Domus-Chair-legs-clear-laquered-oak_seat-leather-black_web.jpg,Chaise Domus assise rembourrée — Chêne — cuir noir,
artek-rival-chair-kg002,Chaise de bureau Rival KG002,Maille 3D noir/blanc,ART-RCKG002-28104100-3DBW,1102.00,548.11,39.8,0,CONTINUE,0,packshot-2f925ce125cc398cbfabd6f6f264a795.png,Chaise de bureau Rival KG002 — maille 3D noir/blanc,
artek-rival-chair-kg002,Chaise de bureau Rival KG002,Maille 3D gris clair/crème,ART-RCKG002-28104100-3DGC,1102.00,548.11,39.8,0,CONTINUE,0,packshot-9cca8a0aa937b7aabcaebf0335623f49.png,Chaise de bureau Rival KG002 — Maille 3D gris clair/crème,"[critique] La photo principale, liée à « Maille 3D gris clair/crème », montre une assise en cuir lisse caramel sur structure bouleau naturel et coque blanche : ce n'est pas du tricot 3D. Le client qui choisit cette variante voit un cuir caramel."
artek-rival-chair-kg002,Chaise de bureau Rival KG002,Cuir caramel naturel,ART-RCKG002-28104100-LCAR,1420.00,671.42,42.8,0,CONTINUE,0,Rival-Chair-KG002-Legs-and-backrest-asphalt-lacquered-seat-upholstery-leather-Natural-caramel_web.jpg,Chaise de bureau Rival KG002 — Cuir caramel naturel,
artek-rival-chair-kg002,Chaise de bureau Rival KG002,Cuir noir premium,ART-RCKG002-28104100-LNER,1365.00,645.46,42.8,0,CONTINUE,0,Rival-Chair-KG002-Legs-and-backrest-natural-lacquered-seat-upholstery-leather-Premium-nero_web.jpg,Chaise de bureau Rival KG002 — Cuir noir premium,
artek-armchair-400,Fauteuil 400 Tank,Bouleau — tissu Zebra,ART-A400-28200102-ZEB,5780.00,,,0,CONTINUE,0,packshot-bfe534eb76cc6b2e74c4267aab75a003.png,Fauteuil 400 Tank — Artek,[moyen] Coût d’achat absent : Bouleau — tissu Zebra (ART-A400-28200102-ZEB). | [moyen] Alt de l’image de variante « Fauteuil 400 Tank — Artek » sans rapport avec la finition « Bouleau — tissu Zebra ».
artek-armchair-400,Fauteuil 400 Tank,Bouleau — tissu Nubia blanc naturel,ART-A400-28200102-NUB,5432.00,2693.35,40.0,0,CONTINUE,0,Artek-400_birch_natural_Nubia_cut-out_web.pg.jpg,Fauteuil 400 Tank — Bouleau — tissu Nubia blanc naturel,
artek-armchair-400,Fauteuil 400 Tank,Teinté noyer — tissu Vidar vert foncé,ART-A400-28200102-VID,5780.00,2839.67,40.6,0,CONTINUE,0,Artek-400_birch_walnut_Vidar_cut-out_web.jpg,Fauteuil 400 Tank — Teinté noyer — tissu Vidar vert foncé,
artek-armchair-401,Fauteuil 401,Bouleau — tissu Polo,ART-A401-28200202-POL,3210.00,1621.32,38.9,0,CONTINUE,0,packshot-d4fe9533c9e911874127d83eb8ed4d19.png,Fauteuil 401 — Artek,[moyen] Alt de l’image de variante « Fauteuil 401 — Artek » sans rapport avec la finition « Bouleau — tissu Polo ».
artek-armchair-401,Fauteuil 401,Bouleau — tissu Vidar blanc,ART-A401-28200202-VID,3475.00,1738.14,39.5,0,CONTINUE,0,Artek-401_birch_natural_Vidar_cut-out_web.jpg,Fauteuil 401 — Bouleau — tissu Vidar blanc,
artek-armchair-402,Fauteuil 402,Teinté miel — tissu Zebra,ART-A402-28200302-ZEB,3103.00,,,0,CONTINUE,0,packshot-562e3fb5f75356959bcf1e37ab946b8d.png,Fauteuil 402 — Teinté miel — tissu Zebra,[moyen] Coût d’achat absent : Teinté miel — tissu Zebra (ART-A402-28200302-ZEB).
artek-armchair-402,Fauteuil 402,Bouleau — tissu Polo,ART-A402-28200302-POL,2902.00,1448.45,39.6,0,CONTINUE,0,Armchair_402_striped_fabric_web.jpg,Fauteuil 402 — Artek,[moyen] Alt de l’image de variante « Fauteuil 402 — Artek » sans rapport avec la finition « Bouleau — tissu Polo ».
artek-armchair-402,Fauteuil 402,Bouleau — tissu Nubia blanc naturel,ART-A402-28200302-NUB,2902.00,1431.34,40.3,0,CONTINUE,0,Artek-402_birch_natural_Nubia_cut-out_web.jpg,Fauteuil 402 — Bouleau — tissu Nubia blanc naturel,
artek-day-bed-710-back-cushions,Coussins dossier pour lit de repos 710 (Lot de 2),Sans housse,ART-DB710BC-27000703,343.00,,,0,CONTINUE,0,,,[élevé] Variante sans image : Sans housse (ART-DB710BC-27000703). La fiche affiche la photo générale d’une autre finition. | [moyen] Coût d’achat absent : Sans housse (ART-DB710BC-27000703).
artek-day-bed-710-back-cushions,Coussins dossier pour lit de repos 710 (Lot de 2),Tissu F40,ART-DB710BC-27000802-F40,501.00,,,0,CONTINUE,0,,,[élevé] Variante sans image : Tissu F40 (ART-DB710BC-27000802-F40). La fiche affiche la photo générale d’une autre finition. | [moyen] Coût d’achat absent : Tissu F40 (ART-DB710BC-27000802-F40).
artek-day-bed-710-back-cushions,Coussins dossier pour lit de repos 710 (Lot de 2),Tissu F60,ART-DB710BC-27000802-F60,575.00,,,0,CONTINUE,0,,,[élevé] Variante sans image : Tissu F60 (ART-DB710BC-27000802-F60). La fiche affiche la photo générale d’une autre finition. | [moyen] Coût d’achat absent : Tissu F60 (ART-DB710BC-27000802-F60).
artek-day-bed-710-back-cushions,Coussins dossier pour lit de repos 710 (Lot de 2),Tissu F80,ART-DB710BC-27000802-F80,647.00,,,0,CONTINUE,0,,,[élevé] Variante sans image : Tissu F80 (ART-DB710BC-27000802-F80). La fiche affiche la photo générale d’une autre finition. | [moyen] Coût d’achat absent : Tissu F80 (ART-DB710BC-27000802-F80).
artek-day-bed-710-back-cushions,Coussins dossier pour lit de repos 710 (Lot de 2),Tissu F100,ART-DB710BC-27000802-F100,719.00,,,0,CONTINUE,0,,,[élevé] Variante sans image : Tissu F100 (ART-DB710BC-27000802-F100). La fiche affiche la photo générale d’une autre finition. | [moyen] Coût d’achat absent : Tissu F100 (ART-DB710BC-27000802-F100).
artek-day-bed-710-back-cushions,Coussins dossier pour lit de repos 710 (Lot de 2),Tissu F140,ART-DB710BC-27000802-F140,864.00,,,0,CONTINUE,0,,,[élevé] Variante sans image : Tissu F140 (ART-DB710BC-27000802-F140). La fiche affiche la photo générale d’une autre finition. | [moyen] Coût d’achat absent : Tissu F140 (ART-DB710BC-27000802-F140).
artek-day-bed-710-back-cushions,Coussins dossier pour lit de repos 710 (Lot de 2),Tissu F200,ART-DB710BC-27000802-F200,1117.00,,,0,CONTINUE,0,,,[élevé] Variante sans image : Tissu F200 (ART-DB710BC-27000802-F200). La fiche affiche la photo générale d’une autre finition. | [moyen] Coût d’achat absent : Tissu F200 (ART-DB710BC-27000802-F200).
artek-day-bed-710-frame,Lit de repos 710,Default Title,ART-DB710F-27000401,1230.00,599.44,41.0,0,CONTINUE,0,packshot-b0f5be4952e3aa4e773a6aaa281f7401.png,Lit de repos 710 — Artek,
artek-day-bed-710-mattress,Matelas pour lit de repos 710,Sans housse,ART-DB710M-27000501,534.00,,,0,CONTINUE,0,,,[élevé] Variante sans image : Sans housse (ART-DB710M-27000501). La fiche affiche la photo générale d’une autre finition. | [moyen] Coût d’achat absent : Sans housse (ART-DB710M-27000501).
artek-day-bed-710-mattress,Matelas pour lit de repos 710,Tissu F40,ART-DB710M-27000602-F40,771.00,,,0,CONTINUE,0,,,[élevé] Variante sans image : Tissu F40 (ART-DB710M-27000602-F40). La fiche affiche la photo générale d’une autre finition. | [moyen] Coût d’achat absent : Tissu F40 (ART-DB710M-27000602-F40).
artek-day-bed-710-mattress,Matelas pour lit de repos 710,Tissu F60,ART-DB710M-27000602-F60,896.00,,,0,CONTINUE,0,,,[élevé] Variante sans image : Tissu F60 (ART-DB710M-27000602-F60). La fiche affiche la photo générale d’une autre finition. | [moyen] Coût d’achat absent : Tissu F60 (ART-DB710M-27000602-F60).
artek-day-bed-710-mattress,Matelas pour lit de repos 710,Tissu F80,ART-DB710M-27000602-F80,1020.00,,,0,CONTINUE,0,,,[élevé] Variante sans image : Tissu F80 (ART-DB710M-27000602-F80). La fiche affiche la photo générale d’une autre finition. | [moyen] Coût d’achat absent : Tissu F80 (ART-DB710M-27000602-F80).
artek-day-bed-710-mattress,Matelas pour lit de repos 710,Tissu F100,ART-DB710M-27000602-F100,1144.00,,,0,CONTINUE,0,,,[élevé] Variante sans image : Tissu F100 (ART-DB710M-27000602-F100). La fiche affiche la photo générale d’une autre finition. | [moyen] Coût d’achat absent : Tissu F100 (ART-DB710M-27000602-F100).
artek-day-bed-710-mattress,Matelas pour lit de repos 710,Tissu F140,ART-DB710M-27000602-F140,1393.00,,,0,CONTINUE,0,,,[élevé] Variante sans image : Tissu F140 (ART-DB710M-27000602-F140). La fiche affiche la photo générale d’une autre finition. | [moyen] Coût d’achat absent : Tissu F140 (ART-DB710M-27000602-F140).
artek-day-bed-710-mattress,Matelas pour lit de repos 710,Tissu F200,ART-DB710M-27000602-F200,1829.00,,,0,CONTINUE,0,,,[élevé] Variante sans image : Tissu F200 (ART-DB710M-27000602-F200). La fiche affiche la photo générale d’une autre finition. | [moyen] Coût d’achat absent : Tissu F200 (ART-DB710M-27000602-F200).
artek-domus-lounge-chair-upholstered,Fauteuil Domus rembourré,Laqué noir — cuir noir,ART-DLCU-28201002-LNO,2555.00,1265.55,40.1,0,CONTINUE,0,packshot-561f583e856d9d5931d7088ce8cd6432.png,Fauteuil Domus rembourré — Laqué noir — cuir noir,
artek-domus-lounge-chair-upholstered,Fauteuil Domus rembourré,Chêne — cuir noir,ART-DLCU-28201002-CHE,2750.00,1358.77,40.2,0,CONTINUE,0,2561116_Domus-Lounge-Chair-clear-laquered-birch_leather-upholstery_webjpg.jpg,Fauteuil Domus rembourré — Artek,[moyen] Alt de l’image de variante « Fauteuil Domus rembourré — Artek » sans rapport avec la finition « Chêne — cuir noir ».
artek-kaari-desk-reb005,Bureau Kaari REB005 150 × 65 cm,Chêne — lamifié noir brillant,ART-KDREB005-320050,1425.00,703.28,40.3,0,CONTINUE,0,packshot-52d6c6be65bedd0f82139c097f3bca1e.png,Bureau Kaari REB005 150 × 65 cm — Chêne — lamifié noir brillant,
artek-kaari-desk-reb005,Bureau Kaari REB005 150 × 65 cm,Chêne — linoléum noir,ART-KDREB005-320052,1615.00,791.19,40.7,0,CONTINUE,0,Kaari-Desk-REB005-natural-oak-black-Linoleum_web.jpg,Bureau Kaari REB005 150 × 65 cm — Chêne — linoléum noir,
artek-kaari-desk-reb005,Bureau Kaari REB005 150 × 65 cm,Chêne noir — lamifié noir brillant,ART-KDREB005-320051,1425.00,703.28,40.3,0,CONTINUE,0,Kaari-Desk-REB005-black-oak-black-HPL_web.jpg,Bureau Kaari REB005 150 × 65 cm — Chêne noir — lamifié noir brillant,
artek-kaari-desk-reb005,Bureau Kaari REB005 150 × 65 cm,Chêne noir — linoléum noir,ART-KDREB005-320053,1615.00,791.19,40.7,0,CONTINUE,0,Kaari-Desk-REB005-black-oak-black-Linoleum_web.jpg,Bureau Kaari REB005 150 × 65 cm — Chêne noir — linoléum noir,
artek-kaari-reb006,Console murale Kaari REB006,Chêne — linoléum noir,ART-KREB006-320060,815.00,359.7,46.6,0,CONTINUE,0,packshot-e84ab3ca9445c69c7839832dd2ad7c00.png,Console murale Kaari REB006 — Chêne — linoléum noir,
artek-kaari-reb006,Console murale Kaari REB006,Teinté noir — linoléum noir,ART-KREB006-320061,815.00,359.7,46.6,0,CONTINUE,0,Kaari-Wall-Console-REB006-black-oak-black-Linoleum_web.jpg,Console murale Kaari REB006 — Teinté noir — linoléum noir,
artek-kaari-reb006,Console murale Kaari REB006,"Chêne — linoléum rouge, chant noir",ART-KREB006-320064,815.00,359.7,46.6,0,CONTINUE,0,Kaari-Wall-Console-REB006-black-oak-red-Linoleum_web.jpg,"Console murale Kaari REB006 — Chêne — linoléum rouge, chant noir","[critique] La variante à montants chêne naturel affiche #5, qui montre des montants NOIRS (fichier « black-oak-red-Linoleum »)."
artek-kaari-reb006,Console murale Kaari REB006,"Teinté noir — linoléum rouge, chant noir",ART-KREB006-320065,815.00,359.7,46.6,0,CONTINUE,0,Kaari-Wall-Console-REB006-natural-oak-red-Linoleum_web.jpg,"Console murale Kaari REB006 — Teinté noir — linoléum rouge, chant noir","[critique] La variante à montants noirs affiche #6, qui montre des montants en chêne NATUREL (fichier « natural-oak-red-Linoleum »)."
artek-kaari-reb006,Console murale Kaari REB006,"Chêne — linoléum bleu, chant rouge",ART-KREB006-320066,815.00,359.7,46.6,0,CONTINUE,0,Kaari-Wall-Console-REB006-natural-oak-blue-Linoleum-red-edge_web.jpg,"Console murale Kaari REB006 — Chêne — linoléum bleu, chant rouge",
artek-kaari-reb006,Console murale Kaari REB006,"Teinté noir — linoléum bleu, chant rouge",ART-KREB006-320067,815.00,359.7,46.6,0,CONTINUE,0,Kaari-Wall-Console-REB006-black-oak-blue-Linoleum-red-edge_web.jpg,"Console murale Kaari REB006 — Teinté noir — linoléum bleu, chant rouge",
artek-kaari-table-rectangular-reb001,Table Kaari REB001 200 × 85 cm,Chêne — lamifié blanc brillant,ART-KTRREB001-320010,2565.00,1218.94,42.5,0,CONTINUE,0,packshot-e8fad354043f37ed1aa4290c810443c7.png,Table Kaari REB001 200 × 85 cm — Chêne — lamifié blanc brillant,
artek-kaari-table-rectangular-reb001,Table Kaari REB001 200 × 85 cm,Chêne — lamifié noir brillant,ART-KTRREB001-320012,2565.00,1218.94,42.5,0,CONTINUE,0,Kaari-Table-rectangular-REB001-natural-oak-black-HPL_web.jpg,Table Kaari REB001 200 × 85 cm — Chêne — lamifié noir brillant,
artek-kaari-table-rectangular-reb001,Table Kaari REB001 200 × 85 cm,Chêne — linoléum noir,ART-KTRREB001-320014,2915.00,1374.7,42.9,0,CONTINUE,0,Kaari-Table-rectangular-REB001-natural-oak-black-Linoleum_web.jpg,Table Kaari REB001 200 × 85 cm — Chêne — linoléum noir,
artek-kaari-table-rectangular-reb001,Table Kaari REB001 200 × 85 cm,Chêne noir — lamifié blanc brillant,ART-KTRREB001-320011,2565.00,1218.94,42.5,0,CONTINUE,0,Kaari-Table-rectangular-REB001-black-oak-white-HPL_web.jpg,Table Kaari REB001 200 × 85 cm — Chêne noir — lamifié blanc brillant,
artek-kaari-table-rectangular-reb001,Table Kaari REB001 200 × 85 cm,Chêne noir — lamifié noir brillant,ART-KTRREB001-320013,2565.00,1218.94,42.5,0,CONTINUE,0,Kaari-Table-rectangular-REB001-black-oak-black-HPL_web.jpg,Table Kaari REB001 200 × 85 cm — Chêne noir — lamifié noir brillant,
artek-kaari-table-rectangular-reb001,Table Kaari REB001 200 × 85 cm,Chêne noir — linoléum noir,ART-KTRREB001-320015,2915.00,1374.7,42.9,0,CONTINUE,0,Kaari-Table-rectangular-REB001-black-oak-black-Linoleum_web.jpg,Table Kaari REB001 200 × 85 cm — Chêne noir — linoléum noir,
artek-kaari-table-rectangular-reb002,Table Kaari REB002 240 × 90 cm,Chêne — lamifié blanc brillant,ART-KTRREB002-320020,2955.00,1403.61,42.5,0,CONTINUE,0,packshot-1fe80f962ef529c086fef85d433722d4.png,Table Kaari REB002 240 × 90 cm — Chêne — lamifié blanc brillant,
artek-kaari-table-rectangular-reb002,Table Kaari REB002 240 × 90 cm,Chêne — lamifié noir brillant,ART-KTRREB002-320022,2955.00,1403.61,42.5,0,CONTINUE,0,Kaari-Table-rectangular-REB002-natural-oak-black-HPL_web.jpg,Table Kaari REB002 240 × 90 cm — Chêne — lamifié noir brillant,
artek-kaari-table-rectangular-reb002,Table Kaari REB002 240 × 90 cm,Chêne — linoléum noir,ART-KTRREB002-320024,3340.00,1581.79,42.7,0,CONTINUE,0,Kaari-Table-rectangular-REB002-natural-oak-black-Linoleum_web.jpg,Table Kaari REB002 240 × 90 cm — Chêne — linoléum noir,
artek-kaari-table-rectangular-reb002,Table Kaari REB002 240 × 90 cm,Chêne noir — lamifié blanc brillant,ART-KTRREB002-320021,2955.00,1403.61,42.5,0,CONTINUE,0,Kaari-Table-rectangular-REB002-black-oak-white-HPL_web.jpg,Table Kaari REB002 240 × 90 cm — Chêne noir — lamifié blanc brillant,
artek-kaari-table-rectangular-reb002,Table Kaari REB002 240 × 90 cm,Chêne noir — lamifié noir brillant,ART-KTRREB002-320023,2955.00,1403.61,42.5,0,CONTINUE,0,Kaari-Table-rectangular-REB002-black-oak-black-HPL_web.jpg,Table Kaari REB002 240 × 90 cm — Chêne noir — lamifié noir brillant,
artek-kaari-table-rectangular-reb002,Table Kaari REB002 240 × 90 cm,Chêne noir — linoléum noir,ART-KTRREB002-320025,3340.00,1581.79,42.7,0,CONTINUE,0,Kaari-Table-rectangular-REB002-black-oak-black-Linoleum_web.jpg,Table Kaari REB002 240 × 90 cm — Chêne noir — linoléum noir,
artek-kaari-table-rectangular-reb012,Table Kaari REB012 160 × 80 cm,Chêne — lamifié blanc brillant,ART-KTRREB012-320120,2190.00,1041.35,42.5,0,CONTINUE,0,packshot-f857ef0e888fd9c55a4a146a88eb9b7f.png,Table Kaari REB012 160 × 80 cm — Chêne — lamifié blanc brillant,
artek-kaari-table-rectangular-reb012,Table Kaari REB012 160 × 80 cm,Chêne — lamifié noir brillant,ART-KTRREB012-320122,2190.00,1041.35,42.5,0,CONTINUE,0,Kaari-Table-rectangular-REB012-natural-oak-black-HPL_web.jpg,Table Kaari REB012 160 × 80 cm — Chêne — lamifié noir brillant,
artek-kaari-table-rectangular-reb012,Table Kaari REB012 160 × 80 cm,Chêne — linoléum noir,ART-KTRREB012-320124,2510.00,1177.64,43.2,0,CONTINUE,0,Kaari-Table-rectangular-REB012-natural-oak-black-Linoleum_web.jpg,Table Kaari REB012 160 × 80 cm — Chêne — linoléum noir,
artek-kaari-table-rectangular-reb012,Table Kaari REB012 160 × 80 cm,Chêne noir — lamifié blanc brillant,ART-KTRREB012-320121,2190.00,1041.35,42.5,0,CONTINUE,0,Kaari-Table-rectangular-REB012-black-oak-white-HPL_web.jpg,Table Kaari REB012 160 × 80 cm — Chêne noir — lamifié blanc brillant,
artek-kaari-table-rectangular-reb012,Table Kaari REB012 160 × 80 cm,Chêne noir — lamifié noir brillant,ART-KTRREB012-320123,2190.00,1041.35,42.5,0,CONTINUE,0,Kaari-Table-rectangular-REB012-black-oak-black-HPL_web.jpg,Table Kaari REB012 160 × 80 cm — Chêne noir — lamifié noir brillant,
artek-kaari-table-rectangular-reb012,Table Kaari REB012 160 × 80 cm,Chêne noir — linoléum noir,ART-KTRREB012-320125,2510.00,1177.64,43.2,0,CONTINUE,0,Kaari-Table-rectangular-REB012-black-oak-black-Linoleum_web.jpg,Table Kaari REB012 160 × 80 cm — Chêne noir — linoléum noir,
artek-kaari-table-round-reb003,Table Kaari REB003 Ø 80 cm,Chêne — lamifié blanc brillant,ART-KTRREB003-320030,1355.00,665.52,40.6,0,CONTINUE,0,packshot-8101ae1948a17469b425319511bf7554.png,Table Kaari REB003 Ø 80 cm — Chêne — lamifié blanc brillant,
artek-kaari-table-round-reb003,Table Kaari REB003 Ø 80 cm,Chêne — lamifié noir brillant,ART-KTRREB003-320032,1355.00,665.52,40.6,0,CONTINUE,0,Kaari-Table-round-REB003-natural-oak-black-HPL_web.jpg,Table Kaari REB003 Ø 80 cm — Chêne — lamifié noir brillant,
artek-kaari-table-round-reb003,Table Kaari REB003 Ø 80 cm,Chêne — linoléum noir,ART-KTRREB003-320034,1550.00,750.48,41.4,0,CONTINUE,0,Kaari-Table-round-REB003-natural-oak-black-Linoleum_web.jpg,Table Kaari REB003 Ø 80 cm — Chêne — linoléum noir,
artek-kaari-table-round-reb003,Table Kaari REB003 Ø 80 cm,Chêne noir — lamifié blanc brillant,ART-KTRREB003-320031,1355.00,665.52,40.6,0,CONTINUE,0,Kaari-Table-round-REB003-black-oak-white-HPL_web.jpg,Table Kaari REB003 Ø 80 cm — Chêne noir — lamifié blanc brillant,
artek-kaari-table-round-reb003,Table Kaari REB003 Ø 80 cm,Chêne noir — lamifié noir brillant,ART-KTRREB003-320033,1355.00,665.52,40.6,0,CONTINUE,0,1843724_Kaari-Table-round-REB003-black-oak-black-HPL_master.jpg,Table Kaari REB003 Ø 80 cm — Chêne noir — lamifié noir brillant,
artek-kaari-table-round-reb003,Table Kaari REB003 Ø 80 cm,Chêne noir — linoléum noir,ART-KTRREB003-320035,1550.00,750.48,41.4,0,CONTINUE,0,Kaari-Table-round-REB003-black-oak-black-Linoleum_web.jpg,Table Kaari REB003 Ø 80 cm — Chêne noir — linoléum noir,
artek-kaari-table-round-reb004,Table Kaari REB004 Ø 110 cm,Chêne — lamifié blanc brillant,ART-KTRREB004-320040,1775.00,876.74,40.2,0,CONTINUE,0,packshot-6885d5a9acdc5103e8dfa585421a6892.png,Table Kaari REB004 Ø 110 cm — Chêne — lamifié blanc brillant,
artek-kaari-table-round-reb004,Table Kaari REB004 Ø 110 cm,Chêne — lamifié noir brillant,ART-KTRREB004-320042,1775.00,876.74,40.2,0,CONTINUE,0,Kaari-Table-round-REB004-clear-protective-varnish_web.jpg,Table Kaari REB004 Ø 110 cm — Artek,"[critique] La variante lamifié noir brillant affiche #7 : plateau gris-bleu mat (fichier « clear-protective-varnish »), qui ressemble à du linoléum ; la bonne photo est #6 (chêne naturel, plateau noir brillant, fichier « natural-oak-black-HPL »). | [moyen] Alt de l’image de variante « Table Kaari REB004 Ø 110 cm — Artek » sans rapport avec la finition « Chêne — lamifié noir brillant »."
artek-kaari-table-round-reb004,Table Kaari REB004 Ø 110 cm,Chêne — linoléum noir,ART-KTRREB004-320044,2020.00,990.02,40.7,0,CONTINUE,0,Kaari-Table-round-REB004-natural-oak-black-HPL_web.jpg,Table Kaari REB004 Ø 110 cm — Chêne noir — lamifié noir brillant,[critique] La variante linoléum noir affiche #6 = plateau lamifié noir brillant (fichier « natural-oak-black-HPL »).
artek-kaari-table-round-reb004,Table Kaari REB004 Ø 110 cm,Chêne noir — lamifié blanc brillant,ART-KTRREB004-320041,1775.00,876.74,40.2,0,CONTINUE,0,Kaari-Table-round-REB004-black-oak-white-HPL_web.jpg,Table Kaari REB004 Ø 110 cm — Chêne noir — lamifié blanc brillant,
artek-kaari-table-round-reb004,Table Kaari REB004 Ø 110 cm,Chêne noir — lamifié noir brillant,ART-KTRREB004-320043,1775.00,876.74,40.2,0,CONTINUE,0,Kaari-Table-round-REB004-black-oak-blue-Linoleum_web.jpg,Table Kaari REB004 Ø 110 cm — Artek,"[critique] La variante chêne noir / lamifié noir brillant affiche #8 : plateau en linoléum BLEU (fichier « black-oak-blue-Linoleum »), finition non proposée ; aucune photo juste pour cette variante. | [moyen] Alt de l’image de variante « Table Kaari REB004 Ø 110 cm — Artek » sans rapport avec la finition « Chêne noir — lamifié noir brillant »."
artek-kaari-table-round-reb004,Table Kaari REB004 Ø 110 cm,Chêne noir — linoléum noir,ART-KTRREB004-320045,2020.00,990.02,40.7,0,CONTINUE,0,Kaari-Table-round-REB004-black-oak-black-Linoleum_web.jpg,Table Kaari REB004 Ø 110 cm — Chêne — lamifié noir brillant,
artek-kaari-table-square-reb011,Table Kaari REB011 75 × 75 cm,Chêne — lamifié blanc brillant,ART-KTSREB011-320110,1280.00,605.34,42.8,0,CONTINUE,0,packshot-36775793d41a307b57b91568c6ffdde0.png,Table Kaari REB011 75 × 75 cm — Chêne — lamifié blanc brillant,
artek-kaari-table-square-reb011,Table Kaari REB011 75 × 75 cm,Chêne — lamifié noir brillant,ART-KTSREB011-320112,1280.00,605.34,42.8,0,CONTINUE,0,Kaari_Table_square_legs-natural-oak_top-black-HPL_web.jpg,Table Kaari REB011 75 × 75 cm — Chêne — lamifié noir brillant,
artek-kaari-table-square-reb011,Table Kaari REB011 75 × 75 cm,Chêne — linoléum noir,ART-KTSREB011-320114,1405.00,660.21,43.1,0,CONTINUE,0,Kaari_Table_square_legs-natural-oak_top-black-linoleum_web.jpg,Table Kaari REB011 75 × 75 cm — Chêne — linoléum noir,
artek-kaari-table-square-reb011,Table Kaari REB011 75 × 75 cm,Chêne noir — lamifié blanc brillant,ART-KTSREB011-320111,1280.00,605.34,42.8,0,CONTINUE,0,Kaari_Table_square_legs-black-laquered-oak_top-white-HPL_web.jpg,Table Kaari REB011 75 × 75 cm — Chêne noir — lamifié blanc brillant,
artek-kaari-table-square-reb011,Table Kaari REB011 75 × 75 cm,Chêne noir — lamifié noir brillant,ART-KTSREB011-320113,1280.00,605.34,42.8,0,CONTINUE,0,Kaari_Table_square_legs-black-laquered-oak_top-black-HPL_web.jpg,Table Kaari REB011 75 × 75 cm — Chêne noir — lamifié noir brillant,
artek-kaari-table-square-reb011,Table Kaari REB011 75 × 75 cm,Chêne noir — linoléum noir,ART-KTSREB011-320115,1405.00,660.21,43.1,0,CONTINUE,0,Kaari_Table_square_legs-black-lacquered-oak_top-black-linoleum_web.jpg,Table Kaari REB011 75 × 75 cm — Chêne noir — linoléum noir,
artek-karuselli-lounge-chair,Fauteuil Karuselli,Default Title,ART-KLC-28201600,9395.00,4661.59,40.0,0,CONTINUE,0,packshot-93c47fe7990c8ca29a98bbafc77009ae.png,Fauteuil Karuselli — Artek,
artek-karuselli-ottoman,Repose-pieds Karuselli,Default Title,ART-KO-28201700,3395.00,1667.93,40.6,0,CONTINUE,0,packshot-4cb5842592a64e02b0b6ba2ae051e5a7.png,Repose-pieds Karuselli — Artek,
artek-kiki-lounge-chair,Fauteuil Kiki,Tissu F40,ART-KLC-28201302-F40,1552.00,771.72,39.8,0,CONTINUE,0,packshot-ec175e61d79cf0ff49d99d541e69aedd.png,Fauteuil Kiki — Tissu F40,
artek-kiki-lounge-chair,Fauteuil Kiki,Tissu F60,ART-KLC-28201302-F60,1589.00,790.01,39.8,0,CONTINUE,0,packshot-ec175e61d79cf0ff49d99d541e69aedd.png,Fauteuil Kiki — Tissu F40,
artek-kiki-lounge-chair,Fauteuil Kiki,Tissu F80,ART-KLC-28201302-F80,1627.00,808.89,39.8,0,CONTINUE,0,packshot-ec175e61d79cf0ff49d99d541e69aedd.png,Fauteuil Kiki — Tissu F40,
artek-kiki-lounge-chair,Fauteuil Kiki,Tissu F100,ART-KLC-28201302-F100,1662.00,826.59,39.8,0,CONTINUE,0,packshot-ec175e61d79cf0ff49d99d541e69aedd.png,Fauteuil Kiki — Tissu F40,
artek-kiki-lounge-chair,Fauteuil Kiki,Tissu F140,ART-KLC-28201302-F140,1738.00,864.35,39.8,0,CONTINUE,0,packshot-ec175e61d79cf0ff49d99d541e69aedd.png,Fauteuil Kiki — Tissu F40,
artek-kiki-lounge-chair,Fauteuil Kiki,Tissu F200,ART-KLC-28201302-F200,1871.00,930.43,39.8,0,CONTINUE,0,packshot-ec175e61d79cf0ff49d99d541e69aedd.png,Fauteuil Kiki — Tissu F40,
artek-kiki-lounge-chair,Fauteuil Kiki,Cuir L40,ART-KLC-28201302-L40,2167.00,1077.93,39.8,0,CONTINUE,0,Kiki-Lounge-Chair-black-leather-upholstery-2931939.jpg,Fauteuil Kiki — Cuir L40,
artek-kiki-lounge-chair,Fauteuil Kiki,Cuir L60,ART-KLC-28201302-L60,2516.00,1251.39,39.8,0,CONTINUE,0,Kiki-Lounge-Chair-black-leather-upholstery-2931939.jpg,Fauteuil Kiki — Cuir L40,
artek-kiki-sofa-2-seater,Canapé Kiki 2 places,Tissu F40,ART-KIKS2-28400102-F40,2594.00,1290.33,39.8,0,CONTINUE,0,packshot-911c16728ac74efc7043f07796680189.png,Canapé Kiki 2 places en tissu gris — Artek,
artek-kiki-sofa-2-seater,Canapé Kiki 2 places,Tissu F60,ART-KIKS2-28400102-F60,2667.00,1326.32,39.8,0,CONTINUE,0,packshot-911c16728ac74efc7043f07796680189.png,Canapé Kiki 2 places en tissu gris — Artek,
artek-kiki-sofa-2-seater,Canapé Kiki 2 places,Tissu F80,ART-KIKS2-28400102-F80,2739.00,1362.31,39.8,0,CONTINUE,0,packshot-911c16728ac74efc7043f07796680189.png,Canapé Kiki 2 places en tissu gris — Artek,
artek-kiki-sofa-2-seater,Canapé Kiki 2 places,Tissu F100,ART-KIKS2-28400102-F100,2811.00,1398.3,39.8,0,CONTINUE,0,packshot-911c16728ac74efc7043f07796680189.png,Canapé Kiki 2 places en tissu gris — Artek,
artek-kiki-sofa-2-seater,Canapé Kiki 2 places,Tissu F140,ART-KIKS2-28400102-F140,2956.00,1470.28,39.8,0,CONTINUE,0,packshot-911c16728ac74efc7043f07796680189.png,Canapé Kiki 2 places en tissu gris — Artek,
artek-kiki-sofa-2-seater,Canapé Kiki 2 places,Tissu F200,ART-KIKS2-28400102-F200,3209.00,1595.95,39.8,0,CONTINUE,0,packshot-911c16728ac74efc7043f07796680189.png,Canapé Kiki 2 places en tissu gris — Artek,
artek-kiki-sofa-2-seater,Canapé Kiki 2 places,Cuir L40,ART-KIKS2-28400102-L40,3457.00,1719.26,39.8,0,CONTINUE,0,packshot-988cd09a5ffbb7657fb1ac850917a010.png,Canapé Kiki 2 places — Cuir L40,
artek-kiki-sofa-2-seater,Canapé Kiki 2 places,Cuir L60,ART-KIKS2-28400102-L60,3981.00,1980.04,39.8,0,CONTINUE,0,MicrosoftTeams-image-70.png,Canapé Kiki 2 places — Cuir L60,
artek-kiki-sofa-3-seater,Canapé Kiki 3 places,Tissu F40,ART-KIKS3-28400202-F40,3561.00,1771.18,39.8,0,CONTINUE,0,packshot-06113225870849e586c61893762008c6.png,Canapé Kiki 3 places — Tissu F40,
artek-kiki-sofa-3-seater,Canapé Kiki 3 places,Tissu F60,ART-KIKS3-28400202-F60,3666.00,1823.69,39.8,0,CONTINUE,0,packshot-06113225870849e586c61893762008c6.png,Canapé Kiki 3 places — Tissu F40,
artek-kiki-sofa-3-seater,Canapé Kiki 3 places,Tissu F80,ART-KIKS3-28400202-F80,3770.00,1875.02,39.8,0,CONTINUE,0,packshot-06113225870849e586c61893762008c6.png,Canapé Kiki 3 places — Tissu F40,
artek-kiki-sofa-3-seater,Canapé Kiki 3 places,Tissu F100,ART-KIKS3-28400202-F100,3874.00,1926.94,39.8,0,CONTINUE,0,packshot-06113225870849e586c61893762008c6.png,Canapé Kiki 3 places — Tissu F40,
artek-kiki-sofa-3-seater,Canapé Kiki 3 places,Tissu F140,ART-KIKS3-28400202-F140,4083.00,2030.78,39.8,0,CONTINUE,0,packshot-06113225870849e586c61893762008c6.png,Canapé Kiki 3 places — Tissu F40,
artek-kiki-sofa-3-seater,Canapé Kiki 3 places,Tissu F200,ART-KIKS3-28400202-F200,4447.00,2211.91,39.8,0,CONTINUE,0,packshot-06113225870849e586c61893762008c6.png,Canapé Kiki 3 places — Tissu F40,
artek-kiki-sofa-3-seater,Canapé Kiki 3 places,Cuir L40,ART-KIKS3-28400202-L40,4918.00,2446.14,39.8,0,CONTINUE,0,MicrosoftTeams-image-72.png,Canapé Kiki 3 places — Cuir L40,
artek-kiki-sofa-3-seater,Canapé Kiki 3 places,Cuir L60,ART-KIKS3-28400202-L60,5723.00,2846.75,39.8,0,CONTINUE,0,MicrosoftTeams-image-73.png,Canapé Kiki 3 places — Cuir L60,
cache-pot-riihitie-20-5-x-16-cm,Cache-pot Riihitie 21 × 16 cm,A / Blanc,ART-RPP-28608501,78.00,35.2,45.4,0,CONTINUE,0,packshot-60e6094b3a5b317ecee608ef0a848be5.png,Cache-pot Riihitie 21 × 16 cm — A / Blanc,
cache-pot-riihitie-20-5-x-16-cm,Cache-pot Riihitie 21 × 16 cm,A / Bleu,ART-RPP-28608502,78.00,35.2,45.4,0,CONTINUE,0,artek-riihitie-plant-pot-a-small-blue_3e59f974-5cfb-49e5-b831-61bfc348b31d.jpg,Cache-pot Riihitie 21 × 16 cm — A / Bleu,
cache-pot-riihitie-20-5-x-16-cm,Cache-pot Riihitie 21 × 16 cm,A / Gris clair,ART-RPP-28608504,78.00,35.2,45.4,0,CONTINUE,0,artek-riihitie-plant-pot-a-small-light-grey_c5a94f9a-77ae-42f8-9328-7d01fc94d592.jpg,Cache-pot Riihitie 21 × 16 cm — A / Gris clair,
cache-pot-riihitie-20-5-x-16-cm,Cache-pot Riihitie 21 × 16 cm,B / Blanc,ART-RPP-28608601,78.00,35.2,45.4,0,CONTINUE,0,artek-riihitie-plant-pot-b-small-white_e5c5943f-a1d7-4f64-a99f-43a788ce89d7.jpg,"Cache-pot Riihitie 21 × 16 cm — Forme B, Blanc",
cache-pot-riihitie-20-5-x-16-cm,Cache-pot Riihitie 21 × 16 cm,B / Bleu,ART-RPP-28608602,78.00,35.2,45.4,0,CONTINUE,0,artek-riihitie-plant-pot-b-small-blue_bbb5c398-ebcc-498b-aec4-99f3e83b9796.jpg,"Cache-pot Riihitie 21 × 16 cm — Forme B, Bleu",
cache-pot-riihitie-20-5-x-16-cm,Cache-pot Riihitie 21 × 16 cm,B / Gris clair,ART-RPP-28608604,78.00,35.2,45.4,0,CONTINUE,0,artek-riihitie-plant-pot-b-small-light-grey_27806a6e-3a44-4822-a8ef-608c6afc023c.jpg,"Cache-pot Riihitie 21 × 16 cm — Forme B, Gris clair",
cache-pot-riihitie-28-x-23-cm,Cache-pot Riihitie 28 × 23 cm,B / Blanc,ART-RPP-28608701,118.00,53.35,45.3,0,CONTINUE,0,packshot-ef433b4c47543baa2383fa6086188320.png,"Cache-pot Riihitie 28 × 23 cm — Forme B, Blanc",
cache-pot-riihitie-28-x-23-cm,Cache-pot Riihitie 28 × 23 cm,B / Bleu,ART-RPP-28608702,118.00,53.35,45.3,0,CONTINUE,0,artek-riihitie-plant-pot-b-medium-blue_fbd9282e-f8be-4ccd-9b14-9a1b2979f517.jpg,"Cache-pot Riihitie 28 × 23 cm — Forme B, Bleu",
cache-pot-riihitie-28-x-23-cm,Cache-pot Riihitie 28 × 23 cm,B / Gris clair,ART-RPP-28608704,118.00,53.35,45.3,0,CONTINUE,0,artek-riihitie-plant-pot-b-medium-light-grey_8dfa3dbc-44d6-498f-9bcf-d07e674956d2.jpg,"Cache-pot Riihitie 28 × 23 cm — Forme B, Gris clair",
cache-pot-riihitie-40-x-27-cm,Cache-pot Riihitie 40 × 27 cm,A / Blanc,ART-RPP-28608801,171.00,77.55,45.1,0,CONTINUE,0,packshot-c20db9547945bc6e1deb74f3b1f5a697.png,"Cache-pot Riihitie 40 × 27 cm — Forme A, Blanc",
cache-pot-riihitie-40-x-27-cm,Cache-pot Riihitie 40 × 27 cm,A / Bleu,ART-RPP-28608802,171.00,77.55,45.1,0,CONTINUE,0,artek-riihitie-plant-pot-a-large-blue_064c2953-18a6-4af7-9ed3-2c32ecafc4b8.jpg,"Cache-pot Riihitie 40 × 27 cm — Forme A, Bleu",
cache-pot-riihitie-40-x-27-cm,Cache-pot Riihitie 40 × 27 cm,A / Gris clair,ART-RPP-28608804,171.00,77.55,45.1,0,CONTINUE,0,artek-riihitie-plant-pot-a-large-light-grey_983ce26f-cc66-4790-81a0-9db13ae822ec.jpg,"Cache-pot Riihitie 40 × 27 cm — Forme A, Gris clair",
affiche-paimio-50-x-70-cm,Affiche Paimio 50 × 70 cm,Default Title,ART-P-28605803,42.00,18.7,46.1,0,CONTINUE,0,packshot-78c290afa1eebfe5ce24237e14ff1f8e.png,Affiche Paimio 50 × 70 cm — Artek,
affiche-beehive-50-x-70-cm,Affiche Beehive 50 × 70 cm,Default Title,ART-P-28605801,42.00,18.7,46.1,0,CONTINUE,0,packshot-4d21eb076acfeea28a44078e269862f9.png,Affiche Beehive 50 × 70 cm — Artek,
affiche-tabouret-60-50-x-70-cm,Affiche Tabouret 60 50 × 70 cm,Default Title,ART-P-28605805,42.00,18.7,46.1,0,CONTINUE,0,packshot-3b4757b32e1329e707287e07f631f066.png,Affiche Tabouret 60 50 × 70 cm — Artek,
affiche-aalto-chronology-50-x-70-cm,Affiche Aalto Chronology 50 × 70 cm,Default Title,ART-P-28605809,42.00,18.7,46.1,0,CONTINUE,0,Aalto-Chronology-Poster-1848507_web_6420c742-3f95-42ab-8977-1bbf266483d4.jpg,Affiche Aalto Chronology 50 × 70 cm — Artek,
affiche-75-ans-artek-100-x-140-cm,Affiche 75 ans 100 × 140 cm,Default Title,ART-P-28605811,117.00,52.8,45.4,0,CONTINUE,0,packshot-945745af69a0c0f927e2114b6f0c4a36.png,Affiche 75 ans 100 × 140 cm — Artek,
affiche-80-ans-artek-50-x-70-cm,Affiche 80 ans 50 × 70 cm,Default Title,ART-P-28605812,42.00,18.7,46.1,0,CONTINUE,0,packshot-16ef064f0be9f2259b60024827e674e9.png,Affiche 80 ans 50 × 70 cm — Artek,
affiche-85-ans-artek-50-x-70-cm,Affiche 85 ans 50 × 70 cm,Default Title,ART-P-28605813,42.00,18.7,46.1,0,CONTINUE,0,Artek_85_Anniversary_Poster_Karoliina_Hellberg_web_da5a9422-0f2c-4067-ba7b-b0ded1003bb1.jpg,Affiche 85 ans 50 × 70 cm — Artek,
affiche-90-ans-artek-50-x-70-cm,Affiche 90 ans 50 × 70 cm,Default Title,ART-P-28605814,42.00,18.7,46.1,0,CONTINUE,0,packshot-577bc465dd179f3fb0a1cae023530550.png,Affiche 90 ans 50 × 70 cm — Artek,
affiche-tea-trolley-900-50-x-70-cm,Affiche Tea Trolley 900 50 × 70 cm,Default Title,ART-P-28607903,42.00,18.7,46.1,0,CONTINUE,0,packshot-5ade8b9bc9cb2542e5e0f81f5122b2b1.png,Affiche Tea Trolley 900 beige 50 × 70 cm — Artek,
chaise-de-bar-atelier-h65,Chaise de bar Atelier H65,Hêtre,ART-ABS-28104601,580.00,282.61,41.0,0,CONTINUE,0,packshot-67589a9add228ec65d8a52541a9698c5.png,Chaise de bar Atelier H65 — Hêtre,
chaise-de-bar-atelier-h65,Chaise de bar Atelier H65,Frêne,ART-ABS-28104602,628.00,306.21,41.0,0,CONTINUE,0,Atelier-Bar-Stool-65-cm-ash-natural_web_b0b12f93-912f-4800-812f-99205f5a8b71.jpg,Chaise de bar Atelier H65 — Frêne,
chaise-de-bar-atelier-h65,Chaise de bar Atelier H65,Chêne,ART-ABS-28104603,701.00,341.61,41.0,0,CONTINUE,0,Atelier-Bar-Stool-65-cm-oak-natural_web_96615586-07ad-4c6e-a5d5-b4e11866108b.jpg,Chaise de bar Atelier H65 — Chêne,
chaise-de-bar-atelier-h65,Chaise de bar Atelier H65,Hêtre / laqué noir,ART-ABS-28104604,622.00,303.26,41.0,0,CONTINUE,0,Atelier-Bar-Stool-65-cm-beech-black_web_e791e1ea-6787-4880-a296-943090d36c65.jpg,Chaise de bar Atelier H65 — Hêtre / laqué noir,
chaise-de-bar-atelier-h65,Chaise de bar Atelier H65,Hêtre / laqué rouge foncé,ART-ABS-28104605,622.00,303.26,41.0,0,CONTINUE,0,Atelier-Bar-Stool-65-cm-beech-dark-red_web_e96aea44-888a-4f4f-a0a2-634a03f79c02.jpg,Chaise de bar Atelier H65 — Hêtre / laqué rouge foncé,
chaise-de-bar-atelier-h65,Chaise de bar Atelier H65,Hêtre / laqué vert,ART-ABS-28104606,622.00,303.26,41.0,0,CONTINUE,0,Atelier-Bar-Stool-65-cm-beech-light-green_web_59ef7369-dbaa-4056-8ed8-c85d2389cfe7.jpg,Chaise de bar Atelier H65 — Hêtre / laqué vert,
chaise-de-bar-atelier-h75,Chaise de bar Atelier H75,Hêtre,ART-ABS-28104701,580.00,282.61,41.0,0,CONTINUE,0,packshot-67589a9add228ec65d8a52541a9698c5_21b2fbde-58ef-4754-b3d9-61a44a813934.png,Chaise de bar Atelier H75 — Hêtre,
chaise-de-bar-atelier-h75,Chaise de bar Atelier H75,Frêne,ART-ABS-28104702,628.00,306.21,41.0,0,CONTINUE,0,Atelier-Bar-Stool-65-cm-ash-natural_web_e54e94f8-5e87-4793-9e01-a98e97f28bdf.jpg,Chaise de bar Atelier H75 — Frêne,
chaise-de-bar-atelier-h75,Chaise de bar Atelier H75,Chêne,ART-ABS-28104703,701.00,341.61,41.0,0,CONTINUE,0,Atelier-Bar-Stool-65-cm-oak-natural_web_ab7082ad-14e2-4f48-964d-00b3b67f9a34.jpg,Chaise de bar Atelier H75 — Chêne,
chaise-de-bar-atelier-h75,Chaise de bar Atelier H75,Hêtre / laqué noir,ART-ABS-28104704,622.00,303.26,41.0,0,CONTINUE,0,Atelier-Bar-Stool-65-cm-beech-black_web_7837d832-c62f-4a71-a852-885c2f37b91f.jpg,Chaise de bar Atelier H75 — Hêtre / laqué noir,
chaise-de-bar-atelier-h75,Chaise de bar Atelier H75,Hêtre / laqué rouge foncé,ART-ABS-28104705,622.00,303.26,41.0,0,CONTINUE,0,Atelier-Bar-Stool-65-cm-beech-dark-red_web_add66c2a-69ad-4b9c-a46a-7468b7def39b.jpg,Chaise de bar Atelier H75 — Hêtre / laqué rouge foncé,
chaise-de-bar-atelier-h75,Chaise de bar Atelier H75,Hêtre / laqué vert,ART-ABS-28104706,622.00,303.26,41.0,0,CONTINUE,0,Atelier-Bar-Stool-65-cm-beech-light-green_web_d390a6a0-8147-4516-8a5e-1d3df073ee86.jpg,Chaise de bar Atelier H75 — Hêtre / laqué vert,
chaise-de-bar-64-h65,Chaise de bar 64 H65,Bouleau,ART-BS64-28001451,627.00,305.62,41.0,0,CONTINUE,0,packshot-c401e8317579a1c51012ef6160ea1677.png,Chaise de bar 64 H65 — Bouleau,
chaise-de-bar-64-h65,Chaise de bar 64 H65,Lamifié blanc,ART-BS64-28001452,658.00,320.37,41.1,0,CONTINUE,0,Bar-Stool-64-75cm-legs-birch_top-white-HPL_web_0345f9cc-ad28-41af-98dd-a191d5f30541.jpg,Chaise de bar 64 H65 — Lamifié blanc,
chaise-de-bar-64-h65,Chaise de bar 64 H65,Linoléum noir,ART-BS64-28001453,658.00,320.37,41.1,0,CONTINUE,0,Bar-Stool-64-75cm-legs-birch_top-black-linoleum_web_47f083c6-9687-40c2-be81-30681255df34.jpg,Chaise de bar 64 H65 — Linoléum noir,
chaise-de-bar-64-h65,Chaise de bar 64 H65,Laqué blanc,ART-BS64-28001455,682.00,332.17,41.1,0,CONTINUE,0,Bar-Stool-64-white-lacquered_cut_out_web_8dbaa95b-cd5c-45ac-a966-a39ec686e96b.jpg,Chaise de bar 64 H65 — Laqué blanc,
chaise-de-bar-64-h65,Chaise de bar 64 H65,Laqué noir,ART-BS64-28001454,682.00,332.17,41.1,0,CONTINUE,0,Bar-Stool-64-black-lacquer_cut_out_web_227de511-3415-4e1f-a519-00dfc8b26155.jpg,Chaise de bar 64 H65 — Laqué noir,
chaise-de-bar-64-h75,Chaise de bar 64 H75,Bouleau,ART-BS64-28001471,627.00,305.62,41.0,0,CONTINUE,0,packshot-c401e8317579a1c51012ef6160ea1677_15645132-6cae-4904-a2a5-9ca0af78c5dc.png,Chaise de bar 64 H75 — Bouleau,
chaise-de-bar-64-h75,Chaise de bar 64 H75,Lamifié blanc,ART-BS64-28001472,658.00,320.37,41.1,0,CONTINUE,0,Bar-Stool-64-75cm-legs-birch_top-white-HPL_web_9fc89d8e-2eda-4ad7-bb25-886acb01b886.jpg,Chaise de bar 64 H75 — Lamifié blanc,
chaise-de-bar-64-h75,Chaise de bar 64 H75,Linoléum noir,ART-BS64-28001473,658.00,320.37,41.1,0,CONTINUE,0,Bar-Stool-64-75cm-legs-birch_top-black-linoleum_web_8ca4e42a-52db-45a4-bfc2-653a3c5db81a.jpg,Chaise de bar 64 H75 — Linoléum noir,
chaise-de-bar-64-h75,Chaise de bar 64 H75,Laqué blanc,ART-BS64-28001475,682.00,332.17,41.1,0,CONTINUE,0,Bar-Stool-64-white-lacquered_cut_out_web_d114cdc4-0788-47f8-b129-d7d255d5574c.jpg,Chaise de bar 64 H75 — Laqué blanc,
chaise-de-bar-64-h75,Chaise de bar 64 H75,Laqué noir,ART-BS64-28001474,682.00,332.17,41.1,0,CONTINUE,0,Bar-Stool-64-black-lacquer_cut_out_web_828b93b3-db16-4a98-ae89-ca68444b0c0a.jpg,Chaise de bar 64 H75 — Laqué noir,
table-basse-kiki-60-x-60-cm,Table basse Kiki 60 × 60 cm,Noir thermolaquée,ART-KLT-28303305,797.00,388.22,41.1,0,CONTINUE,0,packshot-c66000cf8cee93c24514aec26d577e99.png,Table basse Kiki 60 × 60 cm — Noir thermolaquée,
table-basse-kiki-100-x-60-cm,Table basse Kiki 100 × 60 cm,Noir thermolaquée,ART-KLT-28303306,900.00,438.37,41.1,0,CONTINUE,0,packshot-ee94a2d81aa55326f2ae960779d809c1.png,Table basse Kiki 100 × 60 cm — Noir thermolaquée,
table-basse-kiki-140-x-60-cm,Table basse Kiki 140 × 60 cm,Noir thermolaquée,ART-KLT-28303307,1052.00,512.71,41.0,0,CONTINUE,0,packshot-6253e2dd27c927245d9d4b2a7f3b684b.png,Table basse Kiki 140 × 60 cm — Noir thermolaquée,
